ISO-10303-21;
HEADER;
FILE_DESCRIPTION(('KiCad electronic assembly'),'2;1');
FILE_NAME('TP100.step','2025-02-23T17:08:03',('Pcbnew'),('Kicad'),
  'Open CASCADE STEP processor 7.7','KiCad to STEP converter','Unknown'
  );
FILE_SCHEMA(('AUTOMOTIVE_DESIGN { 1 0 10303 214 1 1 1 1 }'));
ENDSEC;
DATA;
#1 = APPLICATION_PROTOCOL_DEFINITION('international standard',
  'automotive_design',2000,#2);
#2 = APPLICATION_CONTEXT(
  'core data for automotive mechanical design processes');
#3 = SHAPE_DEFINITION_REPRESENTATION(#4,#10);
#4 = PRODUCT_DEFINITION_SHAPE('','',#5);
#5 = PRODUCT_DEFINITION('design','',#6,#9);
#6 = PRODUCT_DEFINITION_FORMATION('','',#7);
#7 = PRODUCT('TP100 1','TP100 1','',(#8));
#8 = PRODUCT_CONTEXT('',#2,'mechanical');
#9 = PRODUCT_DEFINITION_CONTEXT('part definition',#2,'design');
#10 = SHAPE_REPRESENTATION('',(#11,#15,#19,#23,#27,#31,#35,#39,#43,#47,
    #51,#55,#59),#63);
#11 = AXIS2_PLACEMENT_3D('',#12,#13,#14);
#12 = CARTESIAN_POINT('',(0.,0.,0.));
#13 = DIRECTION('',(0.,0.,1.));
#14 = DIRECTION('',(1.,0.,-0.));
#15 = AXIS2_PLACEMENT_3D('',#16,#17,#18);
#16 = CARTESIAN_POINT('',(160.8642,-87.14,1.65));
#17 = DIRECTION('',(0.,0.,1.));
#18 = DIRECTION('',(1.,0.,0.));
#19 = AXIS2_PLACEMENT_3D('',#20,#21,#22);
#20 = CARTESIAN_POINT('',(156.8125,-97.54,1.65));
#21 = DIRECTION('',(0.,0.,1.));
#22 = DIRECTION('',(1.,0.,0.));
#23 = AXIS2_PLACEMENT_3D('',#24,#25,#26);
#24 = CARTESIAN_POINT('',(161.9642,-91.565,1.65));
#25 = DIRECTION('',(0.,0.,1.));
#26 = DIRECTION('',(1.,0.,0.));
#27 = AXIS2_PLACEMENT_3D('',#28,#29,#30);
#28 = CARTESIAN_POINT('',(139.1017,-88.61,1.65));
#29 = DIRECTION('',(-0.,0.,1.));
#30 = DIRECTION('',(1.110223024625E-16,-1.,0.));
#31 = AXIS2_PLACEMENT_3D('',#32,#33,#34);
#32 = CARTESIAN_POINT('',(143.9142,-91.89,1.65));
#33 = DIRECTION('',(0.,0.,1.));
#34 = DIRECTION('',(1.,0.,0.));
#35 = AXIS2_PLACEMENT_3D('',#36,#37,#38);
#36 = CARTESIAN_POINT('',(157.8817,-89.39,1.65));
#37 = DIRECTION('',(0.,0.,1.));
#38 = DIRECTION('',(-1.,1.224646799147E-16,0.));
#39 = AXIS2_PLACEMENT_3D('',#40,#41,#42);
#40 = CARTESIAN_POINT('',(143.9142,-95.64,1.65));
#41 = DIRECTION('',(0.,0.,1.));
#42 = DIRECTION('',(-1.,1.224646799147E-16,0.));
#43 = AXIS2_PLACEMENT_3D('',#44,#45,#46);
#44 = CARTESIAN_POINT('',(154.6517,-89.1775,1.65));
#45 = DIRECTION('',(0.,-0.,1.));
#46 = DIRECTION('',(1.110223024625E-16,1.,0.));
#47 = AXIS2_PLACEMENT_3D('',#48,#49,#50);
#48 = CARTESIAN_POINT('',(143.9142,-93.765,1.65));
#49 = DIRECTION('',(0.,0.,1.));
#50 = DIRECTION('',(1.,0.,0.));
#51 = AXIS2_PLACEMENT_3D('',#52,#53,#54);
#52 = CARTESIAN_POINT('',(157.5142,-87.14,1.65));
#53 = DIRECTION('',(0.,0.,1.));
#54 = DIRECTION('',(1.,0.,0.));
#55 = AXIS2_PLACEMENT_3D('',#56,#57,#58);
#56 = CARTESIAN_POINT('',(151.4,-94.29,1.65));
#57 = DIRECTION('',(0.,0.,1.));
#58 = DIRECTION('',(1.,0.,0.));
#59 = AXIS2_PLACEMENT_3D('',#60,#61,#62);
#60 = CARTESIAN_POINT('',(0.,0.,0.));
#61 = DIRECTION('',(0.,0.,1.));
#62 = DIRECTION('',(1.,0.,-0.));
#63 = ( GEOMETRIC_REPRESENTATION_CONTEXT(3) 
GLOBAL_UNCERTAINTY_ASSIGNED_CONTEXT((#67)) GLOBAL_UNIT_ASSIGNED_CONTEXT(
(#64,#65,#66)) REPRESENTATION_CONTEXT('Context #1',
  '3D Context with UNIT and UNCERTAINTY') );
#64 = ( LENGTH_UNIT() NAMED_UNIT(*) SI_UNIT(.MILLI.,.METRE.) );
#65 = ( NAMED_UNIT(*) PLANE_ANGLE_UNIT() SI_UNIT($,.RADIAN.) );
#66 = ( NAMED_UNIT(*) SI_UNIT($,.STERADIAN.) SOLID_ANGLE_UNIT() );
#67 = UNCERTAINTY_MEASURE_WITH_UNIT(LENGTH_MEASURE(1.E-06),#64,
  'distance_accuracy_value','confusion accuracy');
#68 = PRODUCT_RELATED_PRODUCT_CATEGORY('part',$,(#7));
#69 = SHAPE_DEFINITION_REPRESENTATION(#70,#76);
#70 = PRODUCT_DEFINITION_SHAPE('','',#71);
#71 = PRODUCT_DEFINITION('design','',#72,#75);
#72 = PRODUCT_DEFINITION_FORMATION('','',#73);
#73 = PRODUCT('C_0603_1608Metric','C_0603_1608Metric','',(#74));
#74 = PRODUCT_CONTEXT('',#2,'mechanical');
#75 = PRODUCT_DEFINITION_CONTEXT('part definition',#2,'design');
#76 = SHAPE_REPRESENTATION('',(#11,#77),#81);
#77 = AXIS2_PLACEMENT_3D('',#78,#79,#80);
#78 = CARTESIAN_POINT('',(0.,0.,0.));
#79 = DIRECTION('',(0.,0.,1.));
#80 = DIRECTION('',(1.,0.,-0.));
#81 = ( GEOMETRIC_REPRESENTATION_CONTEXT(3) 
GLOBAL_UNCERTAINTY_ASSIGNED_CONTEXT((#85)) GLOBAL_UNIT_ASSIGNED_CONTEXT(
(#82,#83,#84)) REPRESENTATION_CONTEXT('Context #1',
  '3D Context with UNIT and UNCERTAINTY') );
#82 = ( LENGTH_UNIT() NAMED_UNIT(*) SI_UNIT(.MILLI.,.METRE.) );
#83 = ( NAMED_UNIT(*) PLANE_ANGLE_UNIT() SI_UNIT($,.RADIAN.) );
#84 = ( NAMED_UNIT(*) SI_UNIT($,.STERADIAN.) SOLID_ANGLE_UNIT() );
#85 = UNCERTAINTY_MEASURE_WITH_UNIT(LENGTH_MEASURE(1.E-07),#82,
  'distance_accuracy_value','confusion accuracy');
#86 = CONTEXT_DEPENDENT_SHAPE_REPRESENTATION(#87,#89);
#87 = ( REPRESENTATION_RELATIONSHIP('','',#76,#10) 
REPRESENTATION_RELATIONSHIP_WITH_TRANSFORMATION(#88) 
SHAPE_REPRESENTATION_RELATIONSHIP() );
#88 = ITEM_DEFINED_TRANSFORMATION('','',#11,#15);
#89 = PRODUCT_DEFINITION_SHAPE('Placement','Placement of an item',#90);
#90 = NEXT_ASSEMBLY_USAGE_OCCURRENCE('2','EN1','',#5,#71,$);
#91 = PRODUCT_RELATED_PRODUCT_CATEGORY('part',$,(#73));
#92 = SHAPE_DEFINITION_REPRESENTATION(#93,#99);
#93 = PRODUCT_DEFINITION_SHAPE('','',#94);
#94 = PRODUCT_DEFINITION('design','',#95,#98);
#95 = PRODUCT_DEFINITION_FORMATION('','',#96);
#96 = PRODUCT('C_0603_1608Metric','C_0603_1608Metric','',(#97));
#97 = PRODUCT_CONTEXT('',#2,'mechanical');
#98 = PRODUCT_DEFINITION_CONTEXT('part definition',#2,'design');
#99 = ADVANCED_BREP_SHAPE_REPRESENTATION('',(#11,#100),#954);
#100 = MANIFOLD_SOLID_BREP('',#101);
#101 = CLOSED_SHELL('',(#102,#178,#209,#234,#259,#283,#307,#332,#357,
    #374,#460,#492,#516,#541,#565,#590,#614,#639,#656,#742,#773,#798,
    #823,#847,#871,#896,#921,#938));
#102 = ADVANCED_FACE('',(#103),#173,.F.);
#103 = FACE_BOUND('',#104,.F.);
#104 = EDGE_LOOP('',(#105,#115,#124,#132,#141,#149,#158,#166));
#105 = ORIENTED_EDGE('',*,*,#106,.F.);
#106 = EDGE_CURVE('',#107,#109,#111,.T.);
#107 = VERTEX_POINT('',#108);
#108 = CARTESIAN_POINT('',(-0.8,-0.4,3.E-02));
#109 = VERTEX_POINT('',#110);
#110 = CARTESIAN_POINT('',(-0.8,-0.4,0.77));
#111 = LINE('',#112,#113);
#112 = CARTESIAN_POINT('',(-0.8,-0.4,0.));
#113 = VECTOR('',#114,1.);
#114 = DIRECTION('',(0.,0.,1.));
#115 = ORIENTED_EDGE('',*,*,#116,.T.);
#116 = EDGE_CURVE('',#107,#117,#119,.T.);
#117 = VERTEX_POINT('',#118);
#118 = CARTESIAN_POINT('',(-0.8,-0.37,0.));
#119 = CIRCLE('',#120,3.E-02);
#120 = AXIS2_PLACEMENT_3D('',#121,#122,#123);
#121 = CARTESIAN_POINT('',(-0.8,-0.37,3.E-02));
#122 = DIRECTION('',(1.,0.,-0.));
#123 = DIRECTION('',(0.,0.,1.));
#124 = ORIENTED_EDGE('',*,*,#125,.T.);
#125 = EDGE_CURVE('',#117,#126,#128,.T.);
#126 = VERTEX_POINT('',#127);
#127 = CARTESIAN_POINT('',(-0.8,0.37,0.));
#128 = LINE('',#129,#130);
#129 = CARTESIAN_POINT('',(-0.8,-0.4,0.));
#130 = VECTOR('',#131,1.);
#131 = DIRECTION('',(0.,1.,0.));
#132 = ORIENTED_EDGE('',*,*,#133,.F.);
#133 = EDGE_CURVE('',#134,#126,#136,.T.);
#134 = VERTEX_POINT('',#135);
#135 = CARTESIAN_POINT('',(-0.8,0.4,3.E-02));
#136 = CIRCLE('',#137,3.E-02);
#137 = AXIS2_PLACEMENT_3D('',#138,#139,#140);
#138 = CARTESIAN_POINT('',(-0.8,0.37,3.E-02));
#139 = DIRECTION('',(-1.,0.,0.));
#140 = DIRECTION('',(0.,0.,1.));
#141 = ORIENTED_EDGE('',*,*,#142,.T.);
#142 = EDGE_CURVE('',#134,#143,#145,.T.);
#143 = VERTEX_POINT('',#144);
#144 = CARTESIAN_POINT('',(-0.8,0.4,0.77));
#145 = LINE('',#146,#147);
#146 = CARTESIAN_POINT('',(-0.8,0.4,0.));
#147 = VECTOR('',#148,1.);
#148 = DIRECTION('',(0.,0.,1.));
#149 = ORIENTED_EDGE('',*,*,#150,.T.);
#150 = EDGE_CURVE('',#143,#151,#153,.T.);
#151 = VERTEX_POINT('',#152);
#152 = CARTESIAN_POINT('',(-0.8,0.37,0.8));
#153 = CIRCLE('',#154,3.E-02);
#154 = AXIS2_PLACEMENT_3D('',#155,#156,#157);
#155 = CARTESIAN_POINT('',(-0.8,0.37,0.77));
#156 = DIRECTION('',(1.,0.,-0.));
#157 = DIRECTION('',(0.,0.,1.));
#158 = ORIENTED_EDGE('',*,*,#159,.F.);
#159 = EDGE_CURVE('',#160,#151,#162,.T.);
#160 = VERTEX_POINT('',#161);
#161 = CARTESIAN_POINT('',(-0.8,-0.37,0.8));
#162 = LINE('',#163,#164);
#163 = CARTESIAN_POINT('',(-0.8,-0.4,0.8));
#164 = VECTOR('',#165,1.);
#165 = DIRECTION('',(0.,1.,0.));
#166 = ORIENTED_EDGE('',*,*,#167,.F.);
#167 = EDGE_CURVE('',#109,#160,#168,.T.);
#168 = CIRCLE('',#169,3.E-02);
#169 = AXIS2_PLACEMENT_3D('',#170,#171,#172);
#170 = CARTESIAN_POINT('',(-0.8,-0.37,0.77));
#171 = DIRECTION('',(-1.,0.,0.));
#172 = DIRECTION('',(0.,0.,1.));
#173 = PLANE('',#174);
#174 = AXIS2_PLACEMENT_3D('',#175,#176,#177);
#175 = CARTESIAN_POINT('',(-0.8,-0.4,0.));
#176 = DIRECTION('',(1.,0.,0.));
#177 = DIRECTION('',(0.,0.,1.));
#178 = ADVANCED_FACE('',(#179),#204,.F.);
#179 = FACE_BOUND('',#180,.F.);
#180 = EDGE_LOOP('',(#181,#191,#197,#198));
#181 = ORIENTED_EDGE('',*,*,#182,.F.);
#182 = EDGE_CURVE('',#183,#185,#187,.T.);
#183 = VERTEX_POINT('',#184);
#184 = CARTESIAN_POINT('',(-0.5,-0.4,3.E-02));
#185 = VERTEX_POINT('',#186);
#186 = CARTESIAN_POINT('',(-0.5,-0.4,0.77));
#187 = LINE('',#188,#189);
#188 = CARTESIAN_POINT('',(-0.5,-0.4,0.));
#189 = VECTOR('',#190,1.);
#190 = DIRECTION('',(0.,0.,1.));
#191 = ORIENTED_EDGE('',*,*,#192,.F.);
#192 = EDGE_CURVE('',#107,#183,#193,.T.);
#193 = LINE('',#194,#195);
#194 = CARTESIAN_POINT('',(-0.8,-0.4,3.E-02));
#195 = VECTOR('',#196,1.);
#196 = DIRECTION('',(1.,0.,0.));
#197 = ORIENTED_EDGE('',*,*,#106,.T.);
#198 = ORIENTED_EDGE('',*,*,#199,.T.);
#199 = EDGE_CURVE('',#109,#185,#200,.T.);
#200 = LINE('',#201,#202);
#201 = CARTESIAN_POINT('',(-0.8,-0.4,0.77));
#202 = VECTOR('',#203,1.);
#203 = DIRECTION('',(1.,0.,0.));
#204 = PLANE('',#205);
#205 = AXIS2_PLACEMENT_3D('',#206,#207,#208);
#206 = CARTESIAN_POINT('',(-0.8,-0.4,0.));
#207 = DIRECTION('',(0.,1.,0.));
#208 = DIRECTION('',(0.,-0.,1.));
#209 = ADVANCED_FACE('',(#210),#229,.T.);
#210 = FACE_BOUND('',#211,.T.);
#211 = EDGE_LOOP('',(#212,#213,#221,#228));
#212 = ORIENTED_EDGE('',*,*,#116,.T.);
#213 = ORIENTED_EDGE('',*,*,#214,.T.);
#214 = EDGE_CURVE('',#117,#215,#217,.T.);
#215 = VERTEX_POINT('',#216);
#216 = CARTESIAN_POINT('',(-0.5,-0.37,0.));
#217 = LINE('',#218,#219);
#218 = CARTESIAN_POINT('',(-0.8,-0.37,0.));
#219 = VECTOR('',#220,1.);
#220 = DIRECTION('',(1.,0.,0.));
#221 = ORIENTED_EDGE('',*,*,#222,.F.);
#222 = EDGE_CURVE('',#183,#215,#223,.T.);
#223 = CIRCLE('',#224,3.E-02);
#224 = AXIS2_PLACEMENT_3D('',#225,#226,#227);
#225 = CARTESIAN_POINT('',(-0.5,-0.37,3.E-02));
#226 = DIRECTION('',(1.,0.,-0.));
#227 = DIRECTION('',(0.,0.,1.));
#228 = ORIENTED_EDGE('',*,*,#192,.F.);
#229 = CYLINDRICAL_SURFACE('',#230,3.E-02);
#230 = AXIS2_PLACEMENT_3D('',#231,#232,#233);
#231 = CARTESIAN_POINT('',(-0.8,-0.37,3.E-02));
#232 = DIRECTION('',(1.,0.,0.));
#233 = DIRECTION('',(0.,-1.,0.));
#234 = ADVANCED_FACE('',(#235),#254,.T.);
#235 = FACE_BOUND('',#236,.T.);
#236 = EDGE_LOOP('',(#237,#238,#247,#253));
#237 = ORIENTED_EDGE('',*,*,#199,.T.);
#238 = ORIENTED_EDGE('',*,*,#239,.T.);
#239 = EDGE_CURVE('',#185,#240,#242,.T.);
#240 = VERTEX_POINT('',#241);
#241 = CARTESIAN_POINT('',(-0.5,-0.37,0.8));
#242 = CIRCLE('',#243,3.E-02);
#243 = AXIS2_PLACEMENT_3D('',#244,#245,#246);
#244 = CARTESIAN_POINT('',(-0.5,-0.37,0.77));
#245 = DIRECTION('',(-1.,0.,0.));
#246 = DIRECTION('',(0.,0.,1.));
#247 = ORIENTED_EDGE('',*,*,#248,.F.);
#248 = EDGE_CURVE('',#160,#240,#249,.T.);
#249 = LINE('',#250,#251);
#250 = CARTESIAN_POINT('',(-0.8,-0.37,0.8));
#251 = VECTOR('',#252,1.);
#252 = DIRECTION('',(1.,0.,0.));
#253 = ORIENTED_EDGE('',*,*,#167,.F.);
#254 = CYLINDRICAL_SURFACE('',#255,3.E-02);
#255 = AXIS2_PLACEMENT_3D('',#256,#257,#258);
#256 = CARTESIAN_POINT('',(-0.8,-0.37,0.77));
#257 = DIRECTION('',(1.,0.,0.));
#258 = DIRECTION('',(0.,-1.,0.));
#259 = ADVANCED_FACE('',(#260),#278,.F.);
#260 = FACE_BOUND('',#261,.F.);
#261 = EDGE_LOOP('',(#262,#263,#264,#272));
#262 = ORIENTED_EDGE('',*,*,#125,.F.);
#263 = ORIENTED_EDGE('',*,*,#214,.T.);
#264 = ORIENTED_EDGE('',*,*,#265,.T.);
#265 = EDGE_CURVE('',#215,#266,#268,.T.);
#266 = VERTEX_POINT('',#267);
#267 = CARTESIAN_POINT('',(-0.5,0.37,0.));
#268 = LINE('',#269,#270);
#269 = CARTESIAN_POINT('',(-0.5,-0.4,0.));
#270 = VECTOR('',#271,1.);
#271 = DIRECTION('',(0.,1.,0.));
#272 = ORIENTED_EDGE('',*,*,#273,.F.);
#273 = EDGE_CURVE('',#126,#266,#274,.T.);
#274 = LINE('',#275,#276);
#275 = CARTESIAN_POINT('',(-0.8,0.37,0.));
#276 = VECTOR('',#277,1.);
#277 = DIRECTION('',(1.,0.,0.));
#278 = PLANE('',#279);
#279 = AXIS2_PLACEMENT_3D('',#280,#281,#282);
#280 = CARTESIAN_POINT('',(-0.8,-0.4,0.));
#281 = DIRECTION('',(0.,0.,1.));
#282 = DIRECTION('',(1.,0.,-0.));
#283 = ADVANCED_FACE('',(#284),#302,.T.);
#284 = FACE_BOUND('',#285,.T.);
#285 = EDGE_LOOP('',(#286,#287,#288,#296));
#286 = ORIENTED_EDGE('',*,*,#159,.F.);
#287 = ORIENTED_EDGE('',*,*,#248,.T.);
#288 = ORIENTED_EDGE('',*,*,#289,.T.);
#289 = EDGE_CURVE('',#240,#290,#292,.T.);
#290 = VERTEX_POINT('',#291);
#291 = CARTESIAN_POINT('',(-0.5,0.37,0.8));
#292 = LINE('',#293,#294);
#293 = CARTESIAN_POINT('',(-0.5,-0.4,0.8));
#294 = VECTOR('',#295,1.);
#295 = DIRECTION('',(0.,1.,0.));
#296 = ORIENTED_EDGE('',*,*,#297,.F.);
#297 = EDGE_CURVE('',#151,#290,#298,.T.);
#298 = LINE('',#299,#300);
#299 = CARTESIAN_POINT('',(-0.8,0.37,0.8));
#300 = VECTOR('',#301,1.);
#301 = DIRECTION('',(1.,0.,0.));
#302 = PLANE('',#303);
#303 = AXIS2_PLACEMENT_3D('',#304,#305,#306);
#304 = CARTESIAN_POINT('',(-0.8,-0.4,0.8));
#305 = DIRECTION('',(0.,0.,1.));
#306 = DIRECTION('',(1.,0.,-0.));
#307 = ADVANCED_FACE('',(#308),#327,.T.);
#308 = FACE_BOUND('',#309,.T.);
#309 = EDGE_LOOP('',(#310,#318,#325,#326));
#310 = ORIENTED_EDGE('',*,*,#311,.T.);
#311 = EDGE_CURVE('',#134,#312,#314,.T.);
#312 = VERTEX_POINT('',#313);
#313 = CARTESIAN_POINT('',(-0.5,0.4,3.E-02));
#314 = LINE('',#315,#316);
#315 = CARTESIAN_POINT('',(-0.8,0.4,3.E-02));
#316 = VECTOR('',#317,1.);
#317 = DIRECTION('',(1.,0.,0.));
#318 = ORIENTED_EDGE('',*,*,#319,.T.);
#319 = EDGE_CURVE('',#312,#266,#320,.T.);
#320 = CIRCLE('',#321,3.E-02);
#321 = AXIS2_PLACEMENT_3D('',#322,#323,#324);
#322 = CARTESIAN_POINT('',(-0.5,0.37,3.E-02));
#323 = DIRECTION('',(-1.,0.,0.));
#324 = DIRECTION('',(0.,0.,1.));
#325 = ORIENTED_EDGE('',*,*,#273,.F.);
#326 = ORIENTED_EDGE('',*,*,#133,.F.);
#327 = CYLINDRICAL_SURFACE('',#328,3.E-02);
#328 = AXIS2_PLACEMENT_3D('',#329,#330,#331);
#329 = CARTESIAN_POINT('',(-0.8,0.37,3.E-02));
#330 = DIRECTION('',(1.,0.,0.));
#331 = DIRECTION('',(-0.,1.,0.));
#332 = ADVANCED_FACE('',(#333),#352,.T.);
#333 = FACE_BOUND('',#334,.T.);
#334 = EDGE_LOOP('',(#335,#336,#337,#346));
#335 = ORIENTED_EDGE('',*,*,#150,.T.);
#336 = ORIENTED_EDGE('',*,*,#297,.T.);
#337 = ORIENTED_EDGE('',*,*,#338,.F.);
#338 = EDGE_CURVE('',#339,#290,#341,.T.);
#339 = VERTEX_POINT('',#340);
#340 = CARTESIAN_POINT('',(-0.5,0.4,0.77));
#341 = CIRCLE('',#342,3.E-02);
#342 = AXIS2_PLACEMENT_3D('',#343,#344,#345);
#343 = CARTESIAN_POINT('',(-0.5,0.37,0.77));
#344 = DIRECTION('',(1.,0.,-0.));
#345 = DIRECTION('',(0.,0.,1.));
#346 = ORIENTED_EDGE('',*,*,#347,.F.);
#347 = EDGE_CURVE('',#143,#339,#348,.T.);
#348 = LINE('',#349,#350);
#349 = CARTESIAN_POINT('',(-0.8,0.4,0.77));
#350 = VECTOR('',#351,1.);
#351 = DIRECTION('',(1.,0.,0.));
#352 = CYLINDRICAL_SURFACE('',#353,3.E-02);
#353 = AXIS2_PLACEMENT_3D('',#354,#355,#356);
#354 = CARTESIAN_POINT('',(-0.8,0.37,0.77));
#355 = DIRECTION('',(1.,0.,0.));
#356 = DIRECTION('',(-0.,1.,0.));
#357 = ADVANCED_FACE('',(#358),#369,.T.);
#358 = FACE_BOUND('',#359,.T.);
#359 = EDGE_LOOP('',(#360,#366,#367,#368));
#360 = ORIENTED_EDGE('',*,*,#361,.F.);
#361 = EDGE_CURVE('',#312,#339,#362,.T.);
#362 = LINE('',#363,#364);
#363 = CARTESIAN_POINT('',(-0.5,0.4,0.));
#364 = VECTOR('',#365,1.);
#365 = DIRECTION('',(0.,0.,1.));
#366 = ORIENTED_EDGE('',*,*,#311,.F.);
#367 = ORIENTED_EDGE('',*,*,#142,.T.);
#368 = ORIENTED_EDGE('',*,*,#347,.T.);
#369 = PLANE('',#370);
#370 = AXIS2_PLACEMENT_3D('',#371,#372,#373);
#371 = CARTESIAN_POINT('',(-0.8,0.4,0.));
#372 = DIRECTION('',(0.,1.,0.));
#373 = DIRECTION('',(0.,-0.,1.));
#374 = ADVANCED_FACE('',(#375,#385),#455,.T.);
#375 = FACE_BOUND('',#376,.T.);
#376 = EDGE_LOOP('',(#377,#378,#379,#380,#381,#382,#383,#384));
#377 = ORIENTED_EDGE('',*,*,#182,.F.);
#378 = ORIENTED_EDGE('',*,*,#222,.T.);
#379 = ORIENTED_EDGE('',*,*,#265,.T.);
#380 = ORIENTED_EDGE('',*,*,#319,.F.);
#381 = ORIENTED_EDGE('',*,*,#361,.T.);
#382 = ORIENTED_EDGE('',*,*,#338,.T.);
#383 = ORIENTED_EDGE('',*,*,#289,.F.);
#384 = ORIENTED_EDGE('',*,*,#239,.F.);
#385 = FACE_BOUND('',#386,.T.);
#386 = EDGE_LOOP('',(#387,#398,#406,#415,#423,#432,#440,#449));
#387 = ORIENTED_EDGE('',*,*,#388,.F.);
#388 = EDGE_CURVE('',#389,#391,#393,.T.);
#389 = VERTEX_POINT('',#390);
#390 = CARTESIAN_POINT('',(-0.5,-0.37,6.E-02));
#391 = VERTEX_POINT('',#392);
#392 = CARTESIAN_POINT('',(-0.5,-0.34,3.E-02));
#393 = CIRCLE('',#394,3.E-02);
#394 = AXIS2_PLACEMENT_3D('',#395,#396,#397);
#395 = CARTESIAN_POINT('',(-0.5,-0.34,6.E-02));
#396 = DIRECTION('',(1.,0.,-0.));
#397 = DIRECTION('',(0.,0.,1.));
#398 = ORIENTED_EDGE('',*,*,#399,.T.);
#399 = EDGE_CURVE('',#389,#400,#402,.T.);
#400 = VERTEX_POINT('',#401);
#401 = CARTESIAN_POINT('',(-0.5,-0.37,0.74));
#402 = LINE('',#403,#404);
#403 = CARTESIAN_POINT('',(-0.5,-0.37,3.E-02));
#404 = VECTOR('',#405,1.);
#405 = DIRECTION('',(0.,0.,1.));
#406 = ORIENTED_EDGE('',*,*,#407,.T.);
#407 = EDGE_CURVE('',#400,#408,#410,.T.);
#408 = VERTEX_POINT('',#409);
#409 = CARTESIAN_POINT('',(-0.5,-0.34,0.77));
#410 = CIRCLE('',#411,3.E-02);
#411 = AXIS2_PLACEMENT_3D('',#412,#413,#414);
#412 = CARTESIAN_POINT('',(-0.5,-0.34,0.74));
#413 = DIRECTION('',(-1.,0.,0.));
#414 = DIRECTION('',(0.,0.,1.));
#415 = ORIENTED_EDGE('',*,*,#416,.T.);
#416 = EDGE_CURVE('',#408,#417,#419,.T.);
#417 = VERTEX_POINT('',#418);
#418 = CARTESIAN_POINT('',(-0.5,0.34,0.77));
#419 = LINE('',#420,#421);
#420 = CARTESIAN_POINT('',(-0.5,-0.37,0.77));
#421 = VECTOR('',#422,1.);
#422 = DIRECTION('',(0.,1.,0.));
#423 = ORIENTED_EDGE('',*,*,#424,.F.);
#424 = EDGE_CURVE('',#425,#417,#427,.T.);
#425 = VERTEX_POINT('',#426);
#426 = CARTESIAN_POINT('',(-0.5,0.37,0.74));
#427 = CIRCLE('',#428,3.E-02);
#428 = AXIS2_PLACEMENT_3D('',#429,#430,#431);
#429 = CARTESIAN_POINT('',(-0.5,0.34,0.74));
#430 = DIRECTION('',(1.,0.,-0.));
#431 = DIRECTION('',(0.,0.,1.));
#432 = ORIENTED_EDGE('',*,*,#433,.F.);
#433 = EDGE_CURVE('',#434,#425,#436,.T.);
#434 = VERTEX_POINT('',#435);
#435 = CARTESIAN_POINT('',(-0.5,0.37,6.E-02));
#436 = LINE('',#437,#438);
#437 = CARTESIAN_POINT('',(-0.5,0.37,3.E-02));
#438 = VECTOR('',#439,1.);
#439 = DIRECTION('',(0.,0.,1.));
#440 = ORIENTED_EDGE('',*,*,#441,.T.);
#441 = EDGE_CURVE('',#434,#442,#444,.T.);
#442 = VERTEX_POINT('',#443);
#443 = CARTESIAN_POINT('',(-0.5,0.34,3.E-02));
#444 = CIRCLE('',#445,3.E-02);
#445 = AXIS2_PLACEMENT_3D('',#446,#447,#448);
#446 = CARTESIAN_POINT('',(-0.5,0.34,6.E-02));
#447 = DIRECTION('',(-1.,0.,0.));
#448 = DIRECTION('',(0.,0.,1.));
#449 = ORIENTED_EDGE('',*,*,#450,.F.);
#450 = EDGE_CURVE('',#391,#442,#451,.T.);
#451 = LINE('',#452,#453);
#452 = CARTESIAN_POINT('',(-0.5,-0.37,3.E-02));
#453 = VECTOR('',#454,1.);
#454 = DIRECTION('',(0.,1.,0.));
#455 = PLANE('',#456);
#456 = AXIS2_PLACEMENT_3D('',#457,#458,#459);
#457 = CARTESIAN_POINT('',(-0.5,-0.4,0.));
#458 = DIRECTION('',(1.,0.,0.));
#459 = DIRECTION('',(0.,0.,1.));
#460 = ADVANCED_FACE('',(#461),#487,.T.);
#461 = FACE_BOUND('',#462,.T.);
#462 = EDGE_LOOP('',(#463,#464,#472,#481));
#463 = ORIENTED_EDGE('',*,*,#388,.T.);
#464 = ORIENTED_EDGE('',*,*,#465,.T.);
#465 = EDGE_CURVE('',#391,#466,#468,.T.);
#466 = VERTEX_POINT('',#467);
#467 = CARTESIAN_POINT('',(0.5,-0.34,3.E-02));
#468 = LINE('',#469,#470);
#469 = CARTESIAN_POINT('',(-0.5,-0.34,3.E-02));
#470 = VECTOR('',#471,1.);
#471 = DIRECTION('',(1.,0.,0.));
#472 = ORIENTED_EDGE('',*,*,#473,.F.);
#473 = EDGE_CURVE('',#474,#466,#476,.T.);
#474 = VERTEX_POINT('',#475);
#475 = CARTESIAN_POINT('',(0.5,-0.37,6.E-02));
#476 = CIRCLE('',#477,3.E-02);
#477 = AXIS2_PLACEMENT_3D('',#478,#479,#480);
#478 = CARTESIAN_POINT('',(0.5,-0.34,6.E-02));
#479 = DIRECTION('',(1.,0.,-0.));
#480 = DIRECTION('',(0.,0.,1.));
#481 = ORIENTED_EDGE('',*,*,#482,.F.);
#482 = EDGE_CURVE('',#389,#474,#483,.T.);
#483 = LINE('',#484,#485);
#484 = CARTESIAN_POINT('',(-0.5,-0.37,6.E-02));
#485 = VECTOR('',#486,1.);
#486 = DIRECTION('',(1.,0.,0.));
#487 = CYLINDRICAL_SURFACE('',#488,3.E-02);
#488 = AXIS2_PLACEMENT_3D('',#489,#490,#491);
#489 = CARTESIAN_POINT('',(-0.5,-0.34,6.E-02));
#490 = DIRECTION('',(1.,0.,0.));
#491 = DIRECTION('',(0.,-1.,0.));
#492 = ADVANCED_FACE('',(#493),#511,.F.);
#493 = FACE_BOUND('',#494,.F.);
#494 = EDGE_LOOP('',(#495,#496,#497,#505));
#495 = ORIENTED_EDGE('',*,*,#450,.F.);
#496 = ORIENTED_EDGE('',*,*,#465,.T.);
#497 = ORIENTED_EDGE('',*,*,#498,.T.);
#498 = EDGE_CURVE('',#466,#499,#501,.T.);
#499 = VERTEX_POINT('',#500);
#500 = CARTESIAN_POINT('',(0.5,0.34,3.E-02));
#501 = LINE('',#502,#503);
#502 = CARTESIAN_POINT('',(0.5,-0.37,3.E-02));
#503 = VECTOR('',#504,1.);
#504 = DIRECTION('',(0.,1.,0.));
#505 = ORIENTED_EDGE('',*,*,#506,.F.);
#506 = EDGE_CURVE('',#442,#499,#507,.T.);
#507 = LINE('',#508,#509);
#508 = CARTESIAN_POINT('',(-0.5,0.34,3.E-02));
#509 = VECTOR('',#510,1.);
#510 = DIRECTION('',(1.,0.,0.));
#511 = PLANE('',#512);
#512 = AXIS2_PLACEMENT_3D('',#513,#514,#515);
#513 = CARTESIAN_POINT('',(-0.5,-0.37,3.E-02));
#514 = DIRECTION('',(0.,0.,1.));
#515 = DIRECTION('',(1.,0.,-0.));
#516 = ADVANCED_FACE('',(#517),#536,.T.);
#517 = FACE_BOUND('',#518,.T.);
#518 = EDGE_LOOP('',(#519,#527,#534,#535));
#519 = ORIENTED_EDGE('',*,*,#520,.T.);
#520 = EDGE_CURVE('',#434,#521,#523,.T.);
#521 = VERTEX_POINT('',#522);
#522 = CARTESIAN_POINT('',(0.5,0.37,6.E-02));
#523 = LINE('',#524,#525);
#524 = CARTESIAN_POINT('',(-0.5,0.37,6.E-02));
#525 = VECTOR('',#526,1.);
#526 = DIRECTION('',(1.,0.,0.));
#527 = ORIENTED_EDGE('',*,*,#528,.T.);
#528 = EDGE_CURVE('',#521,#499,#529,.T.);
#529 = CIRCLE('',#530,3.E-02);
#530 = AXIS2_PLACEMENT_3D('',#531,#532,#533);
#531 = CARTESIAN_POINT('',(0.5,0.34,6.E-02));
#532 = DIRECTION('',(-1.,0.,0.));
#533 = DIRECTION('',(0.,0.,1.));
#534 = ORIENTED_EDGE('',*,*,#506,.F.);
#535 = ORIENTED_EDGE('',*,*,#441,.F.);
#536 = CYLINDRICAL_SURFACE('',#537,3.E-02);
#537 = AXIS2_PLACEMENT_3D('',#538,#539,#540);
#538 = CARTESIAN_POINT('',(-0.5,0.34,6.E-02));
#539 = DIRECTION('',(1.,0.,0.));
#540 = DIRECTION('',(-0.,1.,0.));
#541 = ADVANCED_FACE('',(#542),#560,.T.);
#542 = FACE_BOUND('',#543,.T.);
#543 = EDGE_LOOP('',(#544,#552,#553,#554));
#544 = ORIENTED_EDGE('',*,*,#545,.F.);
#545 = EDGE_CURVE('',#521,#546,#548,.T.);
#546 = VERTEX_POINT('',#547);
#547 = CARTESIAN_POINT('',(0.5,0.37,0.74));
#548 = LINE('',#549,#550);
#549 = CARTESIAN_POINT('',(0.5,0.37,3.E-02));
#550 = VECTOR('',#551,1.);
#551 = DIRECTION('',(0.,0.,1.));
#552 = ORIENTED_EDGE('',*,*,#520,.F.);
#553 = ORIENTED_EDGE('',*,*,#433,.T.);
#554 = ORIENTED_EDGE('',*,*,#555,.T.);
#555 = EDGE_CURVE('',#425,#546,#556,.T.);
#556 = LINE('',#557,#558);
#557 = CARTESIAN_POINT('',(-0.5,0.37,0.74));
#558 = VECTOR('',#559,1.);
#559 = DIRECTION('',(1.,0.,0.));
#560 = PLANE('',#561);
#561 = AXIS2_PLACEMENT_3D('',#562,#563,#564);
#562 = CARTESIAN_POINT('',(-0.5,0.37,3.E-02));
#563 = DIRECTION('',(0.,1.,0.));
#564 = DIRECTION('',(0.,-0.,1.));
#565 = ADVANCED_FACE('',(#566),#585,.T.);
#566 = FACE_BOUND('',#567,.T.);
#567 = EDGE_LOOP('',(#568,#569,#577,#584));
#568 = ORIENTED_EDGE('',*,*,#424,.T.);
#569 = ORIENTED_EDGE('',*,*,#570,.T.);
#570 = EDGE_CURVE('',#417,#571,#573,.T.);
#571 = VERTEX_POINT('',#572);
#572 = CARTESIAN_POINT('',(0.5,0.34,0.77));
#573 = LINE('',#574,#575);
#574 = CARTESIAN_POINT('',(-0.5,0.34,0.77));
#575 = VECTOR('',#576,1.);
#576 = DIRECTION('',(1.,0.,0.));
#577 = ORIENTED_EDGE('',*,*,#578,.F.);
#578 = EDGE_CURVE('',#546,#571,#579,.T.);
#579 = CIRCLE('',#580,3.E-02);
#580 = AXIS2_PLACEMENT_3D('',#581,#582,#583);
#581 = CARTESIAN_POINT('',(0.5,0.34,0.74));
#582 = DIRECTION('',(1.,0.,-0.));
#583 = DIRECTION('',(0.,0.,1.));
#584 = ORIENTED_EDGE('',*,*,#555,.F.);
#585 = CYLINDRICAL_SURFACE('',#586,3.E-02);
#586 = AXIS2_PLACEMENT_3D('',#587,#588,#589);
#587 = CARTESIAN_POINT('',(-0.5,0.34,0.74));
#588 = DIRECTION('',(1.,0.,0.));
#589 = DIRECTION('',(-0.,1.,0.));
#590 = ADVANCED_FACE('',(#591),#609,.T.);
#591 = FACE_BOUND('',#592,.T.);
#592 = EDGE_LOOP('',(#593,#594,#602,#608));
#593 = ORIENTED_EDGE('',*,*,#416,.F.);
#594 = ORIENTED_EDGE('',*,*,#595,.T.);
#595 = EDGE_CURVE('',#408,#596,#598,.T.);
#596 = VERTEX_POINT('',#597);
#597 = CARTESIAN_POINT('',(0.5,-0.34,0.77));
#598 = LINE('',#599,#600);
#599 = CARTESIAN_POINT('',(-0.5,-0.34,0.77));
#600 = VECTOR('',#601,1.);
#601 = DIRECTION('',(1.,0.,0.));
#602 = ORIENTED_EDGE('',*,*,#603,.T.);
#603 = EDGE_CURVE('',#596,#571,#604,.T.);
#604 = LINE('',#605,#606);
#605 = CARTESIAN_POINT('',(0.5,-0.37,0.77));
#606 = VECTOR('',#607,1.);
#607 = DIRECTION('',(0.,1.,0.));
#608 = ORIENTED_EDGE('',*,*,#570,.F.);
#609 = PLANE('',#610);
#610 = AXIS2_PLACEMENT_3D('',#611,#612,#613);
#611 = CARTESIAN_POINT('',(-0.5,-0.37,0.77));
#612 = DIRECTION('',(0.,0.,1.));
#613 = DIRECTION('',(1.,0.,-0.));
#614 = ADVANCED_FACE('',(#615),#634,.T.);
#615 = FACE_BOUND('',#616,.T.);
#616 = EDGE_LOOP('',(#617,#625,#632,#633));
#617 = ORIENTED_EDGE('',*,*,#618,.T.);
#618 = EDGE_CURVE('',#400,#619,#621,.T.);
#619 = VERTEX_POINT('',#620);
#620 = CARTESIAN_POINT('',(0.5,-0.37,0.74));
#621 = LINE('',#622,#623);
#622 = CARTESIAN_POINT('',(-0.5,-0.37,0.74));
#623 = VECTOR('',#624,1.);
#624 = DIRECTION('',(1.,0.,0.));
#625 = ORIENTED_EDGE('',*,*,#626,.T.);
#626 = EDGE_CURVE('',#619,#596,#627,.T.);
#627 = CIRCLE('',#628,3.E-02);
#628 = AXIS2_PLACEMENT_3D('',#629,#630,#631);
#629 = CARTESIAN_POINT('',(0.5,-0.34,0.74));
#630 = DIRECTION('',(-1.,0.,0.));
#631 = DIRECTION('',(0.,0.,1.));
#632 = ORIENTED_EDGE('',*,*,#595,.F.);
#633 = ORIENTED_EDGE('',*,*,#407,.F.);
#634 = CYLINDRICAL_SURFACE('',#635,3.E-02);
#635 = AXIS2_PLACEMENT_3D('',#636,#637,#638);
#636 = CARTESIAN_POINT('',(-0.5,-0.34,0.74));
#637 = DIRECTION('',(1.,0.,0.));
#638 = DIRECTION('',(0.,-1.,0.));
#639 = ADVANCED_FACE('',(#640),#651,.F.);
#640 = FACE_BOUND('',#641,.F.);
#641 = EDGE_LOOP('',(#642,#648,#649,#650));
#642 = ORIENTED_EDGE('',*,*,#643,.F.);
#643 = EDGE_CURVE('',#474,#619,#644,.T.);
#644 = LINE('',#645,#646);
#645 = CARTESIAN_POINT('',(0.5,-0.37,3.E-02));
#646 = VECTOR('',#647,1.);
#647 = DIRECTION('',(0.,0.,1.));
#648 = ORIENTED_EDGE('',*,*,#482,.F.);
#649 = ORIENTED_EDGE('',*,*,#399,.T.);
#650 = ORIENTED_EDGE('',*,*,#618,.T.);
#651 = PLANE('',#652);
#652 = AXIS2_PLACEMENT_3D('',#653,#654,#655);
#653 = CARTESIAN_POINT('',(-0.5,-0.37,3.E-02));
#654 = DIRECTION('',(0.,1.,0.));
#655 = DIRECTION('',(0.,-0.,1.));
#656 = ADVANCED_FACE('',(#657,#727),#737,.F.);
#657 = FACE_BOUND('',#658,.F.);
#658 = EDGE_LOOP('',(#659,#669,#678,#686,#695,#703,#712,#720));
#659 = ORIENTED_EDGE('',*,*,#660,.F.);
#660 = EDGE_CURVE('',#661,#663,#665,.T.);
#661 = VERTEX_POINT('',#662);
#662 = CARTESIAN_POINT('',(0.5,-0.4,3.E-02));
#663 = VERTEX_POINT('',#664);
#664 = CARTESIAN_POINT('',(0.5,-0.4,0.77));
#665 = LINE('',#666,#667);
#666 = CARTESIAN_POINT('',(0.5,-0.4,0.));
#667 = VECTOR('',#668,1.);
#668 = DIRECTION('',(0.,0.,1.));
#669 = ORIENTED_EDGE('',*,*,#670,.T.);
#670 = EDGE_CURVE('',#661,#671,#673,.T.);
#671 = VERTEX_POINT('',#672);
#672 = CARTESIAN_POINT('',(0.5,-0.37,0.));
#673 = CIRCLE('',#674,3.E-02);
#674 = AXIS2_PLACEMENT_3D('',#675,#676,#677);
#675 = CARTESIAN_POINT('',(0.5,-0.37,3.E-02));
#676 = DIRECTION('',(1.,0.,-0.));
#677 = DIRECTION('',(0.,0.,1.));
#678 = ORIENTED_EDGE('',*,*,#679,.T.);
#679 = EDGE_CURVE('',#671,#680,#682,.T.);
#680 = VERTEX_POINT('',#681);
#681 = CARTESIAN_POINT('',(0.5,0.37,0.));
#682 = LINE('',#683,#684);
#683 = CARTESIAN_POINT('',(0.5,-0.4,0.));
#684 = VECTOR('',#685,1.);
#685 = DIRECTION('',(0.,1.,0.));
#686 = ORIENTED_EDGE('',*,*,#687,.F.);
#687 = EDGE_CURVE('',#688,#680,#690,.T.);
#688 = VERTEX_POINT('',#689);
#689 = CARTESIAN_POINT('',(0.5,0.4,3.E-02));
#690 = CIRCLE('',#691,3.E-02);
#691 = AXIS2_PLACEMENT_3D('',#692,#693,#694);
#692 = CARTESIAN_POINT('',(0.5,0.37,3.E-02));
#693 = DIRECTION('',(-1.,0.,0.));
#694 = DIRECTION('',(0.,0.,1.));
#695 = ORIENTED_EDGE('',*,*,#696,.T.);
#696 = EDGE_CURVE('',#688,#697,#699,.T.);
#697 = VERTEX_POINT('',#698);
#698 = CARTESIAN_POINT('',(0.5,0.4,0.77));
#699 = LINE('',#700,#701);
#700 = CARTESIAN_POINT('',(0.5,0.4,0.));
#701 = VECTOR('',#702,1.);
#702 = DIRECTION('',(0.,0.,1.));
#703 = ORIENTED_EDGE('',*,*,#704,.T.);
#704 = EDGE_CURVE('',#697,#705,#707,.T.);
#705 = VERTEX_POINT('',#706);
#706 = CARTESIAN_POINT('',(0.5,0.37,0.8));
#707 = CIRCLE('',#708,3.E-02);
#708 = AXIS2_PLACEMENT_3D('',#709,#710,#711);
#709 = CARTESIAN_POINT('',(0.5,0.37,0.77));
#710 = DIRECTION('',(1.,0.,-0.));
#711 = DIRECTION('',(0.,0.,1.));
#712 = ORIENTED_EDGE('',*,*,#713,.F.);
#713 = EDGE_CURVE('',#714,#705,#716,.T.);
#714 = VERTEX_POINT('',#715);
#715 = CARTESIAN_POINT('',(0.5,-0.37,0.8));
#716 = LINE('',#717,#718);
#717 = CARTESIAN_POINT('',(0.5,-0.4,0.8));
#718 = VECTOR('',#719,1.);
#719 = DIRECTION('',(0.,1.,0.));
#720 = ORIENTED_EDGE('',*,*,#721,.F.);
#721 = EDGE_CURVE('',#663,#714,#722,.T.);
#722 = CIRCLE('',#723,3.E-02);
#723 = AXIS2_PLACEMENT_3D('',#724,#725,#726);
#724 = CARTESIAN_POINT('',(0.5,-0.37,0.77));
#725 = DIRECTION('',(-1.,0.,0.));
#726 = DIRECTION('',(0.,0.,1.));
#727 = FACE_BOUND('',#728,.F.);
#728 = EDGE_LOOP('',(#729,#730,#731,#732,#733,#734,#735,#736));
#729 = ORIENTED_EDGE('',*,*,#473,.F.);
#730 = ORIENTED_EDGE('',*,*,#643,.T.);
#731 = ORIENTED_EDGE('',*,*,#626,.T.);
#732 = ORIENTED_EDGE('',*,*,#603,.T.);
#733 = ORIENTED_EDGE('',*,*,#578,.F.);
#734 = ORIENTED_EDGE('',*,*,#545,.F.);
#735 = ORIENTED_EDGE('',*,*,#528,.T.);
#736 = ORIENTED_EDGE('',*,*,#498,.F.);
#737 = PLANE('',#738);
#738 = AXIS2_PLACEMENT_3D('',#739,#740,#741);
#739 = CARTESIAN_POINT('',(0.5,-0.4,0.));
#740 = DIRECTION('',(1.,0.,0.));
#741 = DIRECTION('',(0.,0.,1.));
#742 = ADVANCED_FACE('',(#743),#768,.F.);
#743 = FACE_BOUND('',#744,.F.);
#744 = EDGE_LOOP('',(#745,#755,#761,#762));
#745 = ORIENTED_EDGE('',*,*,#746,.F.);
#746 = EDGE_CURVE('',#747,#749,#751,.T.);
#747 = VERTEX_POINT('',#748);
#748 = CARTESIAN_POINT('',(0.8,-0.4,3.E-02));
#749 = VERTEX_POINT('',#750);
#750 = CARTESIAN_POINT('',(0.8,-0.4,0.77));
#751 = LINE('',#752,#753);
#752 = CARTESIAN_POINT('',(0.8,-0.4,0.));
#753 = VECTOR('',#754,1.);
#754 = DIRECTION('',(0.,0.,1.));
#755 = ORIENTED_EDGE('',*,*,#756,.F.);
#756 = EDGE_CURVE('',#661,#747,#757,.T.);
#757 = LINE('',#758,#759);
#758 = CARTESIAN_POINT('',(0.5,-0.4,3.E-02));
#759 = VECTOR('',#760,1.);
#760 = DIRECTION('',(1.,0.,0.));
#761 = ORIENTED_EDGE('',*,*,#660,.T.);
#762 = ORIENTED_EDGE('',*,*,#763,.T.);
#763 = EDGE_CURVE('',#663,#749,#764,.T.);
#764 = LINE('',#765,#766);
#765 = CARTESIAN_POINT('',(0.5,-0.4,0.77));
#766 = VECTOR('',#767,1.);
#767 = DIRECTION('',(1.,0.,0.));
#768 = PLANE('',#769);
#769 = AXIS2_PLACEMENT_3D('',#770,#771,#772);
#770 = CARTESIAN_POINT('',(0.5,-0.4,0.));
#771 = DIRECTION('',(0.,1.,0.));
#772 = DIRECTION('',(0.,-0.,1.));
#773 = ADVANCED_FACE('',(#774),#793,.T.);
#774 = FACE_BOUND('',#775,.T.);
#775 = EDGE_LOOP('',(#776,#777,#785,#792));
#776 = ORIENTED_EDGE('',*,*,#670,.T.);
#777 = ORIENTED_EDGE('',*,*,#778,.T.);
#778 = EDGE_CURVE('',#671,#779,#781,.T.);
#779 = VERTEX_POINT('',#780);
#780 = CARTESIAN_POINT('',(0.8,-0.37,0.));
#781 = LINE('',#782,#783);
#782 = CARTESIAN_POINT('',(0.5,-0.37,0.));
#783 = VECTOR('',#784,1.);
#784 = DIRECTION('',(1.,0.,0.));
#785 = ORIENTED_EDGE('',*,*,#786,.F.);
#786 = EDGE_CURVE('',#747,#779,#787,.T.);
#787 = CIRCLE('',#788,3.E-02);
#788 = AXIS2_PLACEMENT_3D('',#789,#790,#791);
#789 = CARTESIAN_POINT('',(0.8,-0.37,3.E-02));
#790 = DIRECTION('',(1.,0.,-0.));
#791 = DIRECTION('',(0.,0.,1.));
#792 = ORIENTED_EDGE('',*,*,#756,.F.);
#793 = CYLINDRICAL_SURFACE('',#794,3.E-02);
#794 = AXIS2_PLACEMENT_3D('',#795,#796,#797);
#795 = CARTESIAN_POINT('',(0.5,-0.37,3.E-02));
#796 = DIRECTION('',(1.,0.,0.));
#797 = DIRECTION('',(0.,-1.,0.));
#798 = ADVANCED_FACE('',(#799),#818,.T.);
#799 = FACE_BOUND('',#800,.T.);
#800 = EDGE_LOOP('',(#801,#802,#811,#817));
#801 = ORIENTED_EDGE('',*,*,#763,.T.);
#802 = ORIENTED_EDGE('',*,*,#803,.T.);
#803 = EDGE_CURVE('',#749,#804,#806,.T.);
#804 = VERTEX_POINT('',#805);
#805 = CARTESIAN_POINT('',(0.8,-0.37,0.8));
#806 = CIRCLE('',#807,3.E-02);
#807 = AXIS2_PLACEMENT_3D('',#808,#809,#810);
#808 = CARTESIAN_POINT('',(0.8,-0.37,0.77));
#809 = DIRECTION('',(-1.,0.,0.));
#810 = DIRECTION('',(0.,0.,1.));
#811 = ORIENTED_EDGE('',*,*,#812,.F.);
#812 = EDGE_CURVE('',#714,#804,#813,.T.);
#813 = LINE('',#814,#815);
#814 = CARTESIAN_POINT('',(0.5,-0.37,0.8));
#815 = VECTOR('',#816,1.);
#816 = DIRECTION('',(1.,0.,0.));
#817 = ORIENTED_EDGE('',*,*,#721,.F.);
#818 = CYLINDRICAL_SURFACE('',#819,3.E-02);
#819 = AXIS2_PLACEMENT_3D('',#820,#821,#822);
#820 = CARTESIAN_POINT('',(0.5,-0.37,0.77));
#821 = DIRECTION('',(1.,0.,0.));
#822 = DIRECTION('',(0.,-1.,0.));
#823 = ADVANCED_FACE('',(#824),#842,.F.);
#824 = FACE_BOUND('',#825,.F.);
#825 = EDGE_LOOP('',(#826,#827,#828,#836));
#826 = ORIENTED_EDGE('',*,*,#679,.F.);
#827 = ORIENTED_EDGE('',*,*,#778,.T.);
#828 = ORIENTED_EDGE('',*,*,#829,.T.);
#829 = EDGE_CURVE('',#779,#830,#832,.T.);
#830 = VERTEX_POINT('',#831);
#831 = CARTESIAN_POINT('',(0.8,0.37,0.));
#832 = LINE('',#833,#834);
#833 = CARTESIAN_POINT('',(0.8,-0.4,0.));
#834 = VECTOR('',#835,1.);
#835 = DIRECTION('',(0.,1.,0.));
#836 = ORIENTED_EDGE('',*,*,#837,.F.);
#837 = EDGE_CURVE('',#680,#830,#838,.T.);
#838 = LINE('',#839,#840);
#839 = CARTESIAN_POINT('',(0.5,0.37,0.));
#840 = VECTOR('',#841,1.);
#841 = DIRECTION('',(1.,0.,0.));
#842 = PLANE('',#843);
#843 = AXIS2_PLACEMENT_3D('',#844,#845,#846);
#844 = CARTESIAN_POINT('',(0.5,-0.4,0.));
#845 = DIRECTION('',(0.,0.,1.));
#846 = DIRECTION('',(1.,0.,-0.));
#847 = ADVANCED_FACE('',(#848),#866,.T.);
#848 = FACE_BOUND('',#849,.T.);
#849 = EDGE_LOOP('',(#850,#851,#852,#860));
#850 = ORIENTED_EDGE('',*,*,#713,.F.);
#851 = ORIENTED_EDGE('',*,*,#812,.T.);
#852 = ORIENTED_EDGE('',*,*,#853,.T.);
#853 = EDGE_CURVE('',#804,#854,#856,.T.);
#854 = VERTEX_POINT('',#855);
#855 = CARTESIAN_POINT('',(0.8,0.37,0.8));
#856 = LINE('',#857,#858);
#857 = CARTESIAN_POINT('',(0.8,-0.4,0.8));
#858 = VECTOR('',#859,1.);
#859 = DIRECTION('',(0.,1.,0.));
#860 = ORIENTED_EDGE('',*,*,#861,.F.);
#861 = EDGE_CURVE('',#705,#854,#862,.T.);
#862 = LINE('',#863,#864);
#863 = CARTESIAN_POINT('',(0.5,0.37,0.8));
#864 = VECTOR('',#865,1.);
#865 = DIRECTION('',(1.,0.,0.));
#866 = PLANE('',#867);
#867 = AXIS2_PLACEMENT_3D('',#868,#869,#870);
#868 = CARTESIAN_POINT('',(0.5,-0.4,0.8));
#869 = DIRECTION('',(0.,0.,1.));
#870 = DIRECTION('',(1.,0.,-0.));
#871 = ADVANCED_FACE('',(#872),#891,.T.);
#872 = FACE_BOUND('',#873,.T.);
#873 = EDGE_LOOP('',(#874,#882,#889,#890));
#874 = ORIENTED_EDGE('',*,*,#875,.T.);
#875 = EDGE_CURVE('',#688,#876,#878,.T.);
#876 = VERTEX_POINT('',#877);
#877 = CARTESIAN_POINT('',(0.8,0.4,3.E-02));
#878 = LINE('',#879,#880);
#879 = CARTESIAN_POINT('',(0.5,0.4,3.E-02));
#880 = VECTOR('',#881,1.);
#881 = DIRECTION('',(1.,0.,0.));
#882 = ORIENTED_EDGE('',*,*,#883,.T.);
#883 = EDGE_CURVE('',#876,#830,#884,.T.);
#884 = CIRCLE('',#885,3.E-02);
#885 = AXIS2_PLACEMENT_3D('',#886,#887,#888);
#886 = CARTESIAN_POINT('',(0.8,0.37,3.E-02));
#887 = DIRECTION('',(-1.,0.,0.));
#888 = DIRECTION('',(0.,0.,1.));
#889 = ORIENTED_EDGE('',*,*,#837,.F.);
#890 = ORIENTED_EDGE('',*,*,#687,.F.);
#891 = CYLINDRICAL_SURFACE('',#892,3.E-02);
#892 = AXIS2_PLACEMENT_3D('',#893,#894,#895);
#893 = CARTESIAN_POINT('',(0.5,0.37,3.E-02));
#894 = DIRECTION('',(1.,0.,0.));
#895 = DIRECTION('',(-0.,1.,0.));
#896 = ADVANCED_FACE('',(#897),#916,.T.);
#897 = FACE_BOUND('',#898,.T.);
#898 = EDGE_LOOP('',(#899,#900,#901,#910));
#899 = ORIENTED_EDGE('',*,*,#704,.T.);
#900 = ORIENTED_EDGE('',*,*,#861,.T.);
#901 = ORIENTED_EDGE('',*,*,#902,.F.);
#902 = EDGE_CURVE('',#903,#854,#905,.T.);
#903 = VERTEX_POINT('',#904);
#904 = CARTESIAN_POINT('',(0.8,0.4,0.77));
#905 = CIRCLE('',#906,3.E-02);
#906 = AXIS2_PLACEMENT_3D('',#907,#908,#909);
#907 = CARTESIAN_POINT('',(0.8,0.37,0.77));
#908 = DIRECTION('',(1.,0.,-0.));
#909 = DIRECTION('',(0.,0.,1.));
#910 = ORIENTED_EDGE('',*,*,#911,.F.);
#911 = EDGE_CURVE('',#697,#903,#912,.T.);
#912 = LINE('',#913,#914);
#913 = CARTESIAN_POINT('',(0.5,0.4,0.77));
#914 = VECTOR('',#915,1.);
#915 = DIRECTION('',(1.,0.,0.));
#916 = CYLINDRICAL_SURFACE('',#917,3.E-02);
#917 = AXIS2_PLACEMENT_3D('',#918,#919,#920);
#918 = CARTESIAN_POINT('',(0.5,0.37,0.77));
#919 = DIRECTION('',(1.,0.,0.));
#920 = DIRECTION('',(-0.,1.,0.));
#921 = ADVANCED_FACE('',(#922),#933,.T.);
#922 = FACE_BOUND('',#923,.T.);
#923 = EDGE_LOOP('',(#924,#930,#931,#932));
#924 = ORIENTED_EDGE('',*,*,#925,.F.);
#925 = EDGE_CURVE('',#876,#903,#926,.T.);
#926 = LINE('',#927,#928);
#927 = CARTESIAN_POINT('',(0.8,0.4,0.));
#928 = VECTOR('',#929,1.);
#929 = DIRECTION('',(0.,0.,1.));
#930 = ORIENTED_EDGE('',*,*,#875,.F.);
#931 = ORIENTED_EDGE('',*,*,#696,.T.);
#932 = ORIENTED_EDGE('',*,*,#911,.T.);
#933 = PLANE('',#934);
#934 = AXIS2_PLACEMENT_3D('',#935,#936,#937);
#935 = CARTESIAN_POINT('',(0.5,0.4,0.));
#936 = DIRECTION('',(0.,1.,0.));
#937 = DIRECTION('',(0.,-0.,1.));
#938 = ADVANCED_FACE('',(#939),#949,.T.);
#939 = FACE_BOUND('',#940,.T.);
#940 = EDGE_LOOP('',(#941,#942,#943,#944,#945,#946,#947,#948));
#941 = ORIENTED_EDGE('',*,*,#746,.F.);
#942 = ORIENTED_EDGE('',*,*,#786,.T.);
#943 = ORIENTED_EDGE('',*,*,#829,.T.);
#944 = ORIENTED_EDGE('',*,*,#883,.F.);
#945 = ORIENTED_EDGE('',*,*,#925,.T.);
#946 = ORIENTED_EDGE('',*,*,#902,.T.);
#947 = ORIENTED_EDGE('',*,*,#853,.F.);
#948 = ORIENTED_EDGE('',*,*,#803,.F.);
#949 = PLANE('',#950);
#950 = AXIS2_PLACEMENT_3D('',#951,#952,#953);
#951 = CARTESIAN_POINT('',(0.8,-0.4,0.));
#952 = DIRECTION('',(1.,0.,0.));
#953 = DIRECTION('',(0.,0.,1.));
#954 = ( GEOMETRIC_REPRESENTATION_CONTEXT(3) 
GLOBAL_UNCERTAINTY_ASSIGNED_CONTEXT((#958)) GLOBAL_UNIT_ASSIGNED_CONTEXT
((#955,#956,#957)) REPRESENTATION_CONTEXT('Context #1',
  '3D Context with UNIT and UNCERTAINTY') );
#955 = ( LENGTH_UNIT() NAMED_UNIT(*) SI_UNIT(.MILLI.,.METRE.) );
#956 = ( NAMED_UNIT(*) PLANE_ANGLE_UNIT() SI_UNIT($,.RADIAN.) );
#957 = ( NAMED_UNIT(*) SI_UNIT($,.STERADIAN.) SOLID_ANGLE_UNIT() );
#958 = UNCERTAINTY_MEASURE_WITH_UNIT(LENGTH_MEASURE(1.E-07),#955,
  'distance_accuracy_value','confusion accuracy');
#959 = CONTEXT_DEPENDENT_SHAPE_REPRESENTATION(#960,#962);
#960 = ( REPRESENTATION_RELATIONSHIP('','',#99,#76) 
REPRESENTATION_RELATIONSHIP_WITH_TRANSFORMATION(#961) 
SHAPE_REPRESENTATION_RELATIONSHIP() );
#961 = ITEM_DEFINED_TRANSFORMATION('','',#11,#77);
#962 = PRODUCT_DEFINITION_SHAPE('Placement','Placement of an item',#963
  );
#963 = NEXT_ASSEMBLY_USAGE_OCCURRENCE('1','=>[0:1:1:3]','',#71,#94,$);
#964 = PRODUCT_RELATED_PRODUCT_CATEGORY('part',$,(#96));
#965 = CONTEXT_DEPENDENT_SHAPE_REPRESENTATION(#966,#968);
#966 = ( REPRESENTATION_RELATIONSHIP('','',#76,#10) 
REPRESENTATION_RELATIONSHIP_WITH_TRANSFORMATION(#967) 
SHAPE_REPRESENTATION_RELATIONSHIP() );
#967 = ITEM_DEFINED_TRANSFORMATION('','',#11,#19);
#968 = PRODUCT_DEFINITION_SHAPE('Placement','Placement of an item',#969
  );
#969 = NEXT_ASSEMBLY_USAGE_OCCURRENCE('3','C1','',#5,#71,$);
#970 = CONTEXT_DEPENDENT_SHAPE_REPRESENTATION(#971,#973);
#971 = ( REPRESENTATION_RELATIONSHIP('','',#76,#10) 
REPRESENTATION_RELATIONSHIP_WITH_TRANSFORMATION(#972) 
SHAPE_REPRESENTATION_RELATIONSHIP() );
#972 = ITEM_DEFINED_TRANSFORMATION('','',#11,#23);
#973 = PRODUCT_DEFINITION_SHAPE('Placement','Placement of an item',#974
  );
#974 = NEXT_ASSEMBLY_USAGE_OCCURRENCE('4','C2','',#5,#71,$);
#975 = SHAPE_DEFINITION_REPRESENTATION(#976,#982);
#976 = PRODUCT_DEFINITION_SHAPE('','',#977);
#977 = PRODUCT_DEFINITION('design','',#978,#981);
#978 = PRODUCT_DEFINITION_FORMATION('','',#979);
#979 = PRODUCT(
  'PhoenixContact_MSTBA_2,5_3-G-5,08_1x03_P5.08mm_Horizontal',
  'PhoenixContact_MSTBA_2,5_3-G-5,08_1x03_P5.08mm_Horizontal','',(#980)
  );
#980 = PRODUCT_CONTEXT('',#2,'mechanical');
#981 = PRODUCT_DEFINITION_CONTEXT('part definition',#2,'design');
#982 = SHAPE_REPRESENTATION('',(#11,#983),#987);
#983 = AXIS2_PLACEMENT_3D('',#984,#985,#986);
#984 = CARTESIAN_POINT('',(0.,0.,0.));
#985 = DIRECTION('',(0.,0.,1.));
#986 = DIRECTION('',(1.,0.,-0.));
#987 = ( GEOMETRIC_REPRESENTATION_CONTEXT(3) 
GLOBAL_UNCERTAINTY_ASSIGNED_CONTEXT((#991)) GLOBAL_UNIT_ASSIGNED_CONTEXT
((#988,#989,#990)) REPRESENTATION_CONTEXT('Context #1',
  '3D Context with UNIT and UNCERTAINTY') );
#988 = ( LENGTH_UNIT() NAMED_UNIT(*) SI_UNIT(.MILLI.,.METRE.) );
#989 = ( NAMED_UNIT(*) PLANE_ANGLE_UNIT() SI_UNIT($,.RADIAN.) );
#990 = ( NAMED_UNIT(*) SI_UNIT($,.STERADIAN.) SOLID_ANGLE_UNIT() );
#991 = UNCERTAINTY_MEASURE_WITH_UNIT(LENGTH_MEASURE(1.E-07),#988,
  'distance_accuracy_value','confusion accuracy');
#992 = CONTEXT_DEPENDENT_SHAPE_REPRESENTATION(#993,#995);
#993 = ( REPRESENTATION_RELATIONSHIP('','',#982,#10) 
REPRESENTATION_RELATIONSHIP_WITH_TRANSFORMATION(#994) 
SHAPE_REPRESENTATION_RELATIONSHIP() );
#994 = ITEM_DEFINED_TRANSFORMATION('','',#11,#27);
#995 = PRODUCT_DEFINITION_SHAPE('Placement','Placement of an item',#996
  );
#996 = NEXT_ASSEMBLY_USAGE_OCCURRENCE('6','J1','',#5,#977,$);
#997 = PRODUCT_RELATED_PRODUCT_CATEGORY('part',$,(#979));
#998 = SHAPE_DEFINITION_REPRESENTATION(#999,#1005);
#999 = PRODUCT_DEFINITION_SHAPE('','',#1000);
#1000 = PRODUCT_DEFINITION('design','',#1001,#1004);
#1001 = PRODUCT_DEFINITION_FORMATION('','',#1002);
#1002 = PRODUCT('MSTBA_01x03_G_5_08mm','MSTBA_01x03_G_5_08mm','',(#1003)
  );
#1003 = PRODUCT_CONTEXT('',#2,'mechanical');
#1004 = PRODUCT_DEFINITION_CONTEXT('part definition',#2,'design');
#1005 = ADVANCED_BREP_SHAPE_REPRESENTATION('',(#11,#1006),#3460);
#1006 = MANIFOLD_SOLID_BREP('',#1007);
#1007 = CLOSED_SHELL('',(#1008,#1048,#1079,#1212,#1253,#1294,#1311,#1443
    ,#1474,#1498,#1522,#1539,#1570,#1594,#1618,#1635,#1666,#1690,#1714,
    #1731,#1755,#1813,#1830,#1854,#1965,#1989,#2013,#2038,#2062,#2087,
    #2111,#2136,#2160,#2177,#2194,#2225,#2249,#2273,#2290,#2321,#2345,
    #2369,#2386,#2417,#2441,#2465,#2482,#2499,#2530,#2552,#2583,#2600,
    #2617,#2634,#2646,#2663,#2680,#2692,#2812,#2824,#2836,#2848,#2879,
    #2903,#2927,#2944,#2975,#2999,#3023,#3040,#3071,#3095,#3119,#3136,
    #3167,#3191,#3215,#3232,#3263,#3287,#3311,#3328,#3359,#3383,#3407,
    #3424,#3436,#3448));
#1008 = ADVANCED_FACE('',(#1009),#1043,.T.);
#1009 = FACE_BOUND('',#1010,.T.);
#1010 = EDGE_LOOP('',(#1011,#1021,#1029,#1037));
#1011 = ORIENTED_EDGE('',*,*,#1012,.T.);
#1012 = EDGE_CURVE('',#1013,#1015,#1017,.T.);
#1013 = VERTEX_POINT('',#1014);
#1014 = CARTESIAN_POINT('',(-3.54,2.,7.6));
#1015 = VERTEX_POINT('',#1016);
#1016 = CARTESIAN_POINT('',(13.7,2.,7.6));
#1017 = LINE('',#1018,#1019);
#1018 = CARTESIAN_POINT('',(-3.54,2.,7.6));
#1019 = VECTOR('',#1020,1.);
#1020 = DIRECTION('',(1.,0.,0.));
#1021 = ORIENTED_EDGE('',*,*,#1022,.T.);
#1022 = EDGE_CURVE('',#1015,#1023,#1025,.T.);
#1023 = VERTEX_POINT('',#1024);
#1024 = CARTESIAN_POINT('',(13.7,2.,-2.22044604925E-17));
#1025 = LINE('',#1026,#1027);
#1026 = CARTESIAN_POINT('',(13.7,2.,7.6));
#1027 = VECTOR('',#1028,1.);
#1028 = DIRECTION('',(0.,-2.22044604925E-16,-1.));
#1029 = ORIENTED_EDGE('',*,*,#1030,.F.);
#1030 = EDGE_CURVE('',#1031,#1023,#1033,.T.);
#1031 = VERTEX_POINT('',#1032);
#1032 = CARTESIAN_POINT('',(-3.54,2.,-2.22044604925E-17));
#1033 = LINE('',#1034,#1035);
#1034 = CARTESIAN_POINT('',(-3.54,2.,0.));
#1035 = VECTOR('',#1036,1.);
#1036 = DIRECTION('',(1.,0.,0.));
#1037 = ORIENTED_EDGE('',*,*,#1038,.F.);
#1038 = EDGE_CURVE('',#1013,#1031,#1039,.T.);
#1039 = LINE('',#1040,#1041);
#1040 = CARTESIAN_POINT('',(-3.54,2.,7.6));
#1041 = VECTOR('',#1042,1.);
#1042 = DIRECTION('',(0.,-2.22044604925E-16,-1.));
#1043 = PLANE('',#1044);
#1044 = AXIS2_PLACEMENT_3D('',#1045,#1046,#1047);
#1045 = CARTESIAN_POINT('',(-3.54,2.,7.6));
#1046 = DIRECTION('',(0.,1.,-2.22044604925E-16));
#1047 = DIRECTION('',(0.,-2.22044604925E-16,-1.));
#1048 = ADVANCED_FACE('',(#1049),#1074,.T.);
#1049 = FACE_BOUND('',#1050,.T.);
#1050 = EDGE_LOOP('',(#1051,#1061,#1067,#1068));
#1051 = ORIENTED_EDGE('',*,*,#1052,.T.);
#1052 = EDGE_CURVE('',#1053,#1055,#1057,.T.);
#1053 = VERTEX_POINT('',#1054);
#1054 = CARTESIAN_POINT('',(-3.54,-7.,7.6));
#1055 = VERTEX_POINT('',#1056);
#1056 = CARTESIAN_POINT('',(13.7,-7.,7.6));
#1057 = LINE('',#1058,#1059);
#1058 = CARTESIAN_POINT('',(-3.54,-7.,7.6));
#1059 = VECTOR('',#1060,1.);
#1060 = DIRECTION('',(1.,0.,0.));
#1061 = ORIENTED_EDGE('',*,*,#1062,.T.);
#1062 = EDGE_CURVE('',#1055,#1015,#1063,.T.);
#1063 = LINE('',#1064,#1065);
#1064 = CARTESIAN_POINT('',(13.7,-7.,7.6));
#1065 = VECTOR('',#1066,1.);
#1066 = DIRECTION('',(0.,1.,-2.22044604925E-16));
#1067 = ORIENTED_EDGE('',*,*,#1012,.F.);
#1068 = ORIENTED_EDGE('',*,*,#1069,.F.);
#1069 = EDGE_CURVE('',#1053,#1013,#1070,.T.);
#1070 = LINE('',#1071,#1072);
#1071 = CARTESIAN_POINT('',(-3.54,-7.,7.6));
#1072 = VECTOR('',#1073,1.);
#1073 = DIRECTION('',(0.,1.,-2.22044604925E-16));
#1074 = PLANE('',#1075);
#1075 = AXIS2_PLACEMENT_3D('',#1076,#1077,#1078);
#1076 = CARTESIAN_POINT('',(-3.54,-7.,7.6));
#1077 = DIRECTION('',(0.,2.22044604925E-16,1.));
#1078 = DIRECTION('',(0.,1.,-2.22044604925E-16));
#1079 = ADVANCED_FACE('',(#1080,#1105,#1139,#1173),#1207,.T.);
#1080 = FACE_BOUND('',#1081,.T.);
#1081 = EDGE_LOOP('',(#1082,#1083,#1091,#1099));
#1082 = ORIENTED_EDGE('',*,*,#1030,.T.);
#1083 = ORIENTED_EDGE('',*,*,#1084,.T.);
#1084 = EDGE_CURVE('',#1023,#1085,#1087,.T.);
#1085 = VERTEX_POINT('',#1086);
#1086 = CARTESIAN_POINT('',(13.7,-10.,2.642330798608E-15));
#1087 = LINE('',#1088,#1089);
#1088 = CARTESIAN_POINT('',(13.7,2.,0.));
#1089 = VECTOR('',#1090,1.);
#1090 = DIRECTION('',(0.,-1.,2.22044604925E-16));
#1091 = ORIENTED_EDGE('',*,*,#1092,.F.);
#1092 = EDGE_CURVE('',#1093,#1085,#1095,.T.);
#1093 = VERTEX_POINT('',#1094);
#1094 = CARTESIAN_POINT('',(-3.54,-10.,2.642330798608E-15));
#1095 = LINE('',#1096,#1097);
#1096 = CARTESIAN_POINT('',(-3.54,-10.,2.6645352591E-15));
#1097 = VECTOR('',#1098,1.);
#1098 = DIRECTION('',(1.,0.,0.));
#1099 = ORIENTED_EDGE('',*,*,#1100,.F.);
#1100 = EDGE_CURVE('',#1031,#1093,#1101,.T.);
#1101 = LINE('',#1102,#1103);
#1102 = CARTESIAN_POINT('',(-3.54,2.,0.));
#1103 = VECTOR('',#1104,1.);
#1104 = DIRECTION('',(0.,-1.,2.22044604925E-16));
#1105 = FACE_BOUND('',#1106,.T.);
#1106 = EDGE_LOOP('',(#1107,#1117,#1125,#1133));
#1107 = ORIENTED_EDGE('',*,*,#1108,.F.);
#1108 = EDGE_CURVE('',#1109,#1111,#1113,.T.);
#1109 = VERTEX_POINT('',#1110);
#1110 = CARTESIAN_POINT('',(-0.5,-0.5,8.881784197001E-16));
#1111 = VERTEX_POINT('',#1112);
#1112 = CARTESIAN_POINT('',(-0.5,0.5,4.440892098501E-16));
#1113 = LINE('',#1114,#1115);
#1114 = CARTESIAN_POINT('',(-0.5,-8.245761930026E-02,4.440892098501E-16)
  );
#1115 = VECTOR('',#1116,1.);
#1116 = DIRECTION('',(0.,1.,-2.22044604925E-16));
#1117 = ORIENTED_EDGE('',*,*,#1118,.F.);
#1118 = EDGE_CURVE('',#1119,#1109,#1121,.T.);
#1119 = VERTEX_POINT('',#1120);
#1120 = CARTESIAN_POINT('',(0.5,-0.5,8.881784197001E-16));
#1121 = LINE('',#1122,#1123);
#1122 = CARTESIAN_POINT('',(-2.02,-0.5,2.775557561563E-16));
#1123 = VECTOR('',#1124,1.);
#1124 = DIRECTION('',(-1.,0.,0.));
#1125 = ORIENTED_EDGE('',*,*,#1126,.T.);
#1126 = EDGE_CURVE('',#1119,#1127,#1129,.T.);
#1127 = VERTEX_POINT('',#1128);
#1128 = CARTESIAN_POINT('',(0.5,0.5,4.440892098501E-16));
#1129 = LINE('',#1130,#1131);
#1130 = CARTESIAN_POINT('',(0.5,-8.245761930026E-02,4.440892098501E-16)
  );
#1131 = VECTOR('',#1132,1.);
#1132 = DIRECTION('',(0.,1.,-2.22044604925E-16));
#1133 = ORIENTED_EDGE('',*,*,#1134,.F.);
#1134 = EDGE_CURVE('',#1111,#1127,#1135,.T.);
#1135 = LINE('',#1136,#1137);
#1136 = CARTESIAN_POINT('',(-2.02,0.5,3.885780586188E-16));
#1137 = VECTOR('',#1138,1.);
#1138 = DIRECTION('',(1.,0.,0.));
#1139 = FACE_BOUND('',#1140,.T.);
#1140 = EDGE_LOOP('',(#1141,#1151,#1159,#1167));
#1141 = ORIENTED_EDGE('',*,*,#1142,.F.);
#1142 = EDGE_CURVE('',#1143,#1145,#1147,.T.);
#1143 = VERTEX_POINT('',#1144);
#1144 = CARTESIAN_POINT('',(5.58,-0.5,0.));
#1145 = VERTEX_POINT('',#1146);
#1146 = CARTESIAN_POINT('',(4.58,-0.5,0.));
#1147 = LINE('',#1148,#1149);
#1148 = CARTESIAN_POINT('',(0.52,-0.5,2.775557561563E-16));
#1149 = VECTOR('',#1150,1.);
#1150 = DIRECTION('',(-1.,0.,0.));
#1151 = ORIENTED_EDGE('',*,*,#1152,.T.);
#1152 = EDGE_CURVE('',#1143,#1153,#1155,.T.);
#1153 = VERTEX_POINT('',#1154);
#1154 = CARTESIAN_POINT('',(5.58,0.5,4.440892098501E-16));
#1155 = LINE('',#1156,#1157);
#1156 = CARTESIAN_POINT('',(5.58,-8.245761930026E-02,4.440892098501E-16)
  );
#1157 = VECTOR('',#1158,1.);
#1158 = DIRECTION('',(0.,1.,-2.22044604925E-16));
#1159 = ORIENTED_EDGE('',*,*,#1160,.F.);
#1160 = EDGE_CURVE('',#1161,#1153,#1163,.T.);
#1161 = VERTEX_POINT('',#1162);
#1162 = CARTESIAN_POINT('',(4.58,0.5,4.440892098501E-16));
#1163 = LINE('',#1164,#1165);
#1164 = CARTESIAN_POINT('',(0.52,0.5,3.885780586188E-16));
#1165 = VECTOR('',#1166,1.);
#1166 = DIRECTION('',(1.,0.,0.));
#1167 = ORIENTED_EDGE('',*,*,#1168,.F.);
#1168 = EDGE_CURVE('',#1145,#1161,#1169,.T.);
#1169 = LINE('',#1170,#1171);
#1170 = CARTESIAN_POINT('',(4.58,-8.245761930026E-02,4.440892098501E-16)
  );
#1171 = VECTOR('',#1172,1.);
#1172 = DIRECTION('',(0.,1.,-2.22044604925E-16));
#1173 = FACE_BOUND('',#1174,.T.);
#1174 = EDGE_LOOP('',(#1175,#1185,#1193,#1201));
#1175 = ORIENTED_EDGE('',*,*,#1176,.F.);
#1176 = EDGE_CURVE('',#1177,#1179,#1181,.T.);
#1177 = VERTEX_POINT('',#1178);
#1178 = CARTESIAN_POINT('',(9.66,-0.5,8.881784197001E-16));
#1179 = VERTEX_POINT('',#1180);
#1180 = CARTESIAN_POINT('',(9.66,0.5,4.440892098501E-16));
#1181 = LINE('',#1182,#1183);
#1182 = CARTESIAN_POINT('',(9.66,-8.245761930026E-02,4.440892098501E-16)
  );
#1183 = VECTOR('',#1184,1.);
#1184 = DIRECTION('',(0.,1.,-2.22044604925E-16));
#1185 = ORIENTED_EDGE('',*,*,#1186,.F.);
#1186 = EDGE_CURVE('',#1187,#1177,#1189,.T.);
#1187 = VERTEX_POINT('',#1188);
#1188 = CARTESIAN_POINT('',(10.66,-0.5,8.881784197001E-16));
#1189 = LINE('',#1190,#1191);
#1190 = CARTESIAN_POINT('',(3.06,-0.5,2.775557561563E-16));
#1191 = VECTOR('',#1192,1.);
#1192 = DIRECTION('',(-1.,0.,0.));
#1193 = ORIENTED_EDGE('',*,*,#1194,.T.);
#1194 = EDGE_CURVE('',#1187,#1195,#1197,.T.);
#1195 = VERTEX_POINT('',#1196);
#1196 = CARTESIAN_POINT('',(10.66,0.5,4.440892098501E-16));
#1197 = LINE('',#1198,#1199);
#1198 = CARTESIAN_POINT('',(10.66,-8.245761930026E-02,4.440892098501E-16
    ));
#1199 = VECTOR('',#1200,1.);
#1200 = DIRECTION('',(0.,1.,-2.22044604925E-16));
#1201 = ORIENTED_EDGE('',*,*,#1202,.F.);
#1202 = EDGE_CURVE('',#1179,#1195,#1203,.T.);
#1203 = LINE('',#1204,#1205);
#1204 = CARTESIAN_POINT('',(3.06,0.5,3.885780586188E-16));
#1205 = VECTOR('',#1206,1.);
#1206 = DIRECTION('',(1.,0.,0.));
#1207 = PLANE('',#1208);
#1208 = AXIS2_PLACEMENT_3D('',#1209,#1210,#1211);
#1209 = CARTESIAN_POINT('',(-3.54,2.,0.));
#1210 = DIRECTION('',(0.,-2.22044604925E-16,-1.));
#1211 = DIRECTION('',(0.,-1.,2.22044604925E-16));
#1212 = ADVANCED_FACE('',(#1213),#1248,.T.);
#1213 = FACE_BOUND('',#1214,.T.);
#1214 = EDGE_LOOP('',(#1215,#1216,#1217,#1225,#1233,#1241,#1247));
#1215 = ORIENTED_EDGE('',*,*,#1038,.T.);
#1216 = ORIENTED_EDGE('',*,*,#1100,.T.);
#1217 = ORIENTED_EDGE('',*,*,#1218,.T.);
#1218 = EDGE_CURVE('',#1093,#1219,#1221,.T.);
#1219 = VERTEX_POINT('',#1220);
#1220 = CARTESIAN_POINT('',(-3.54,-10.,8.));
#1221 = LINE('',#1222,#1223);
#1222 = CARTESIAN_POINT('',(-3.54,-10.,2.6645352591E-15));
#1223 = VECTOR('',#1224,1.);
#1224 = DIRECTION('',(0.,2.22044604925E-16,1.));
#1225 = ORIENTED_EDGE('',*,*,#1226,.T.);
#1226 = EDGE_CURVE('',#1219,#1227,#1229,.T.);
#1227 = VERTEX_POINT('',#1228);
#1228 = CARTESIAN_POINT('',(-3.54,-8.5,8.6));
#1229 = LINE('',#1230,#1231);
#1230 = CARTESIAN_POINT('',(-3.54,-10.,8.));
#1231 = VECTOR('',#1232,1.);
#1232 = DIRECTION('',(0.,0.928476690885,0.371390676354));
#1233 = ORIENTED_EDGE('',*,*,#1234,.T.);
#1234 = EDGE_CURVE('',#1227,#1235,#1237,.T.);
#1235 = VERTEX_POINT('',#1236);
#1236 = CARTESIAN_POINT('',(-3.54,-7.,8.6));
#1237 = LINE('',#1238,#1239);
#1238 = CARTESIAN_POINT('',(-3.54,-8.5,8.6));
#1239 = VECTOR('',#1240,1.);
#1240 = DIRECTION('',(0.,1.,-2.22044604925E-16));
#1241 = ORIENTED_EDGE('',*,*,#1242,.T.);
#1242 = EDGE_CURVE('',#1235,#1053,#1243,.T.);
#1243 = LINE('',#1244,#1245);
#1244 = CARTESIAN_POINT('',(-3.54,-7.,8.6));
#1245 = VECTOR('',#1246,1.);
#1246 = DIRECTION('',(0.,-2.22044604925E-16,-1.));
#1247 = ORIENTED_EDGE('',*,*,#1069,.T.);
#1248 = PLANE('',#1249);
#1249 = AXIS2_PLACEMENT_3D('',#1250,#1251,#1252);
#1250 = CARTESIAN_POINT('',(-3.54,-4.14752679636,4.020308275647));
#1251 = DIRECTION('',(-1.,6.200837837262E-34,2.273584543531E-32));
#1252 = DIRECTION('',(-2.273584543531E-32,-2.22044604925E-16,-1.));
#1253 = ADVANCED_FACE('',(#1254),#1289,.F.);
#1254 = FACE_BOUND('',#1255,.F.);
#1255 = EDGE_LOOP('',(#1256,#1257,#1258,#1266,#1274,#1282,#1288));
#1256 = ORIENTED_EDGE('',*,*,#1022,.T.);
#1257 = ORIENTED_EDGE('',*,*,#1084,.T.);
#1258 = ORIENTED_EDGE('',*,*,#1259,.T.);
#1259 = EDGE_CURVE('',#1085,#1260,#1262,.T.);
#1260 = VERTEX_POINT('',#1261);
#1261 = CARTESIAN_POINT('',(13.7,-10.,8.));
#1262 = LINE('',#1263,#1264);
#1263 = CARTESIAN_POINT('',(13.7,-10.,2.6645352591E-15));
#1264 = VECTOR('',#1265,1.);
#1265 = DIRECTION('',(0.,2.22044604925E-16,1.));
#1266 = ORIENTED_EDGE('',*,*,#1267,.T.);
#1267 = EDGE_CURVE('',#1260,#1268,#1270,.T.);
#1268 = VERTEX_POINT('',#1269);
#1269 = CARTESIAN_POINT('',(13.7,-8.5,8.6));
#1270 = LINE('',#1271,#1272);
#1271 = CARTESIAN_POINT('',(13.7,-10.,8.));
#1272 = VECTOR('',#1273,1.);
#1273 = DIRECTION('',(0.,0.928476690885,0.371390676354));
#1274 = ORIENTED_EDGE('',*,*,#1275,.T.);
#1275 = EDGE_CURVE('',#1268,#1276,#1278,.T.);
#1276 = VERTEX_POINT('',#1277);
#1277 = CARTESIAN_POINT('',(13.7,-7.,8.6));
#1278 = LINE('',#1279,#1280);
#1279 = CARTESIAN_POINT('',(13.7,-8.5,8.6));
#1280 = VECTOR('',#1281,1.);
#1281 = DIRECTION('',(0.,1.,-2.22044604925E-16));
#1282 = ORIENTED_EDGE('',*,*,#1283,.T.);
#1283 = EDGE_CURVE('',#1276,#1055,#1284,.T.);
#1284 = LINE('',#1285,#1286);
#1285 = CARTESIAN_POINT('',(13.7,-7.,8.6));
#1286 = VECTOR('',#1287,1.);
#1287 = DIRECTION('',(0.,-2.22044604925E-16,-1.));
#1288 = ORIENTED_EDGE('',*,*,#1062,.T.);
#1289 = PLANE('',#1290);
#1290 = AXIS2_PLACEMENT_3D('',#1291,#1292,#1293);
#1291 = CARTESIAN_POINT('',(13.7,-4.14752679636,4.020308275647));
#1292 = DIRECTION('',(-1.,6.200837837262E-34,2.273584543531E-32));
#1293 = DIRECTION('',(-2.273584543531E-32,-2.22044604925E-16,-1.));
#1294 = ADVANCED_FACE('',(#1295),#1306,.T.);
#1295 = FACE_BOUND('',#1296,.T.);
#1296 = EDGE_LOOP('',(#1297,#1303,#1304,#1305));
#1297 = ORIENTED_EDGE('',*,*,#1298,.T.);
#1298 = EDGE_CURVE('',#1235,#1276,#1299,.T.);
#1299 = LINE('',#1300,#1301);
#1300 = CARTESIAN_POINT('',(-3.54,-7.,8.6));
#1301 = VECTOR('',#1302,1.);
#1302 = DIRECTION('',(1.,0.,0.));
#1303 = ORIENTED_EDGE('',*,*,#1283,.T.);
#1304 = ORIENTED_EDGE('',*,*,#1052,.F.);
#1305 = ORIENTED_EDGE('',*,*,#1242,.F.);
#1306 = PLANE('',#1307);
#1307 = AXIS2_PLACEMENT_3D('',#1308,#1309,#1310);
#1308 = CARTESIAN_POINT('',(-3.54,-7.,8.6));
#1309 = DIRECTION('',(0.,1.,-2.22044604925E-16));
#1310 = DIRECTION('',(0.,-2.22044604925E-16,-1.));
#1311 = ADVANCED_FACE('',(#1312),#1438,.T.);
#1312 = FACE_BOUND('',#1313,.T.);
#1313 = EDGE_LOOP('',(#1314,#1315,#1316,#1317,#1325,#1333,#1341,#1349,
    #1357,#1366,#1374,#1383,#1391,#1400,#1408,#1416,#1424,#1432));
#1314 = ORIENTED_EDGE('',*,*,#1218,.F.);
#1315 = ORIENTED_EDGE('',*,*,#1092,.T.);
#1316 = ORIENTED_EDGE('',*,*,#1259,.T.);
#1317 = ORIENTED_EDGE('',*,*,#1318,.F.);
#1318 = EDGE_CURVE('',#1319,#1260,#1321,.T.);
#1319 = VERTEX_POINT('',#1320);
#1320 = CARTESIAN_POINT('',(11.16,-10.,8.));
#1321 = LINE('',#1322,#1323);
#1322 = CARTESIAN_POINT('',(-3.54,-10.,8.));
#1323 = VECTOR('',#1324,1.);
#1324 = DIRECTION('',(1.,0.,0.));
#1325 = ORIENTED_EDGE('',*,*,#1326,.T.);
#1326 = EDGE_CURVE('',#1319,#1327,#1329,.T.);
#1327 = VERTEX_POINT('',#1328);
#1328 = CARTESIAN_POINT('',(11.16,-10.,6.9));
#1329 = LINE('',#1330,#1331);
#1330 = CARTESIAN_POINT('',(11.16,-10.,8.6));
#1331 = VECTOR('',#1332,1.);
#1332 = DIRECTION('',(0.,-2.22044604925E-16,-1.));
#1333 = ORIENTED_EDGE('',*,*,#1334,.F.);
#1334 = EDGE_CURVE('',#1335,#1327,#1337,.T.);
#1335 = VERTEX_POINT('',#1336);
#1336 = CARTESIAN_POINT('',(12.9,-10.,6.9));
#1337 = LINE('',#1338,#1339);
#1338 = CARTESIAN_POINT('',(12.9,-10.,6.9));
#1339 = VECTOR('',#1340,1.);
#1340 = DIRECTION('',(-1.,0.,0.));
#1341 = ORIENTED_EDGE('',*,*,#1342,.F.);
#1342 = EDGE_CURVE('',#1343,#1335,#1345,.T.);
#1343 = VERTEX_POINT('',#1344);
#1344 = CARTESIAN_POINT('',(12.9,-10.,1.6));
#1345 = LINE('',#1346,#1347);
#1346 = CARTESIAN_POINT('',(12.9,-10.,1.6));
#1347 = VECTOR('',#1348,1.);
#1348 = DIRECTION('',(0.,2.22044604925E-16,1.));
#1349 = ORIENTED_EDGE('',*,*,#1350,.F.);
#1350 = EDGE_CURVE('',#1351,#1343,#1353,.T.);
#1351 = VERTEX_POINT('',#1352);
#1352 = CARTESIAN_POINT('',(12.16,-10.,1.6));
#1353 = LINE('',#1354,#1355);
#1354 = CARTESIAN_POINT('',(-2.74,-10.,1.6));
#1355 = VECTOR('',#1356,1.);
#1356 = DIRECTION('',(1.,0.,0.));
#1357 = ORIENTED_EDGE('',*,*,#1358,.F.);
#1358 = EDGE_CURVE('',#1359,#1351,#1361,.T.);
#1359 = VERTEX_POINT('',#1360);
#1360 = CARTESIAN_POINT('',(8.16,-10.,1.6));
#1361 = CIRCLE('',#1362,3.633333333333);
#1362 = AXIS2_PLACEMENT_3D('',#1363,#1364,#1365);
#1363 = CARTESIAN_POINT('',(10.16,-10.,4.633333333333));
#1364 = DIRECTION('',(1.037450675216E-35,-1.,2.22044604925E-16));
#1365 = DIRECTION('',(-0.550458715596,-1.853766885154E-16,
    -0.834862385321));
#1366 = ORIENTED_EDGE('',*,*,#1367,.F.);
#1367 = EDGE_CURVE('',#1368,#1359,#1370,.T.);
#1368 = VERTEX_POINT('',#1369);
#1369 = CARTESIAN_POINT('',(7.08,-10.,1.6));
#1370 = LINE('',#1371,#1372);
#1371 = CARTESIAN_POINT('',(-2.74,-10.,1.6));
#1372 = VECTOR('',#1373,1.);
#1373 = DIRECTION('',(1.,0.,0.));
#1374 = ORIENTED_EDGE('',*,*,#1375,.F.);
#1375 = EDGE_CURVE('',#1376,#1368,#1378,.T.);
#1376 = VERTEX_POINT('',#1377);
#1377 = CARTESIAN_POINT('',(3.08,-10.,1.6));
#1378 = CIRCLE('',#1379,3.633333333333);
#1379 = AXIS2_PLACEMENT_3D('',#1380,#1381,#1382);
#1380 = CARTESIAN_POINT('',(5.08,-10.,4.633333333333));
#1381 = DIRECTION('',(1.037450675216E-35,-1.,2.22044604925E-16));
#1382 = DIRECTION('',(-0.550458715596,-1.853766885154E-16,
    -0.834862385321));
#1383 = ORIENTED_EDGE('',*,*,#1384,.F.);
#1384 = EDGE_CURVE('',#1385,#1376,#1387,.T.);
#1385 = VERTEX_POINT('',#1386);
#1386 = CARTESIAN_POINT('',(2.,-10.,1.6));
#1387 = LINE('',#1388,#1389);
#1388 = CARTESIAN_POINT('',(-2.74,-10.,1.6));
#1389 = VECTOR('',#1390,1.);
#1390 = DIRECTION('',(1.,0.,0.));
#1391 = ORIENTED_EDGE('',*,*,#1392,.F.);
#1392 = EDGE_CURVE('',#1393,#1385,#1395,.T.);
#1393 = VERTEX_POINT('',#1394);
#1394 = CARTESIAN_POINT('',(-2.,-10.,1.6));
#1395 = CIRCLE('',#1396,3.633333333333);
#1396 = AXIS2_PLACEMENT_3D('',#1397,#1398,#1399);
#1397 = CARTESIAN_POINT('',(0.,-10.,4.633333333333));
#1398 = DIRECTION('',(1.037450675216E-35,-1.,2.22044604925E-16));
#1399 = DIRECTION('',(-0.550458715596,-1.853766885154E-16,
    -0.834862385321));
#1400 = ORIENTED_EDGE('',*,*,#1401,.F.);
#1401 = EDGE_CURVE('',#1402,#1393,#1404,.T.);
#1402 = VERTEX_POINT('',#1403);
#1403 = CARTESIAN_POINT('',(-2.74,-10.,1.6));
#1404 = LINE('',#1405,#1406);
#1405 = CARTESIAN_POINT('',(-2.74,-10.,1.6));
#1406 = VECTOR('',#1407,1.);
#1407 = DIRECTION('',(1.,0.,0.));
#1408 = ORIENTED_EDGE('',*,*,#1409,.F.);
#1409 = EDGE_CURVE('',#1410,#1402,#1412,.T.);
#1410 = VERTEX_POINT('',#1411);
#1411 = CARTESIAN_POINT('',(-2.74,-10.,6.9));
#1412 = LINE('',#1413,#1414);
#1413 = CARTESIAN_POINT('',(-2.74,-10.,6.9));
#1414 = VECTOR('',#1415,1.);
#1415 = DIRECTION('',(0.,-2.22044604925E-16,-1.));
#1416 = ORIENTED_EDGE('',*,*,#1417,.F.);
#1417 = EDGE_CURVE('',#1418,#1410,#1420,.T.);
#1418 = VERTEX_POINT('',#1419);
#1419 = CARTESIAN_POINT('',(-1.,-10.,6.9));
#1420 = LINE('',#1421,#1422);
#1421 = CARTESIAN_POINT('',(12.9,-10.,6.9));
#1422 = VECTOR('',#1423,1.);
#1423 = DIRECTION('',(-1.,0.,0.));
#1424 = ORIENTED_EDGE('',*,*,#1425,.F.);
#1425 = EDGE_CURVE('',#1426,#1418,#1428,.T.);
#1426 = VERTEX_POINT('',#1427);
#1427 = CARTESIAN_POINT('',(-1.,-10.,8.));
#1428 = LINE('',#1429,#1430);
#1429 = CARTESIAN_POINT('',(-1.,-10.,8.6));
#1430 = VECTOR('',#1431,1.);
#1431 = DIRECTION('',(0.,-2.22044604925E-16,-1.));
#1432 = ORIENTED_EDGE('',*,*,#1433,.F.);
#1433 = EDGE_CURVE('',#1219,#1426,#1434,.T.);
#1434 = LINE('',#1435,#1436);
#1435 = CARTESIAN_POINT('',(-3.54,-10.,8.));
#1436 = VECTOR('',#1437,1.);
#1437 = DIRECTION('',(1.,0.,0.));
#1438 = PLANE('',#1439);
#1439 = AXIS2_PLACEMENT_3D('',#1440,#1441,#1442);
#1440 = CARTESIAN_POINT('',(-3.54,-10.,2.6645352591E-15));
#1441 = DIRECTION('',(0.,-1.,2.22044604925E-16));
#1442 = DIRECTION('',(0.,2.22044604925E-16,1.));
#1443 = ADVANCED_FACE('',(#1444),#1469,.T.);
#1444 = FACE_BOUND('',#1445,.T.);
#1445 = EDGE_LOOP('',(#1446,#1456,#1462,#1463));
#1446 = ORIENTED_EDGE('',*,*,#1447,.T.);
#1447 = EDGE_CURVE('',#1448,#1450,#1452,.T.);
#1448 = VERTEX_POINT('',#1449);
#1449 = CARTESIAN_POINT('',(-0.5,0.5,-3.4));
#1450 = VERTEX_POINT('',#1451);
#1451 = CARTESIAN_POINT('',(-0.5,-0.5,-3.4));
#1452 = LINE('',#1453,#1454);
#1453 = CARTESIAN_POINT('',(-0.5,0.5,-3.4));
#1454 = VECTOR('',#1455,1.);
#1455 = DIRECTION('',(0.,-1.,0.));
#1456 = ORIENTED_EDGE('',*,*,#1457,.T.);
#1457 = EDGE_CURVE('',#1450,#1109,#1458,.T.);
#1458 = LINE('',#1459,#1460);
#1459 = CARTESIAN_POINT('',(-0.5,-0.5,-4.));
#1460 = VECTOR('',#1461,1.);
#1461 = DIRECTION('',(0.,0.,1.));
#1462 = ORIENTED_EDGE('',*,*,#1108,.T.);
#1463 = ORIENTED_EDGE('',*,*,#1464,.T.);
#1464 = EDGE_CURVE('',#1111,#1448,#1465,.T.);
#1465 = LINE('',#1466,#1467);
#1466 = CARTESIAN_POINT('',(-0.5,0.5,3.2));
#1467 = VECTOR('',#1468,1.);
#1468 = DIRECTION('',(0.,-3.083952846181E-17,-1.));
#1469 = PLANE('',#1470);
#1470 = AXIS2_PLACEMENT_3D('',#1471,#1472,#1473);
#1471 = CARTESIAN_POINT('',(-0.5,-2.164915238601,1.736707405469));
#1472 = DIRECTION('',(-1.,-0.,-0.));
#1473 = DIRECTION('',(0.,0.,-1.));
#1474 = ADVANCED_FACE('',(#1475),#1493,.T.);
#1475 = FACE_BOUND('',#1476,.T.);
#1476 = EDGE_LOOP('',(#1477,#1485,#1486,#1487));
#1477 = ORIENTED_EDGE('',*,*,#1478,.F.);
#1478 = EDGE_CURVE('',#1448,#1479,#1481,.T.);
#1479 = VERTEX_POINT('',#1480);
#1480 = CARTESIAN_POINT('',(0.5,0.5,-3.4));
#1481 = LINE('',#1482,#1483);
#1482 = CARTESIAN_POINT('',(-0.3,0.5,-3.4));
#1483 = VECTOR('',#1484,1.);
#1484 = DIRECTION('',(1.,0.,0.));
#1485 = ORIENTED_EDGE('',*,*,#1464,.F.);
#1486 = ORIENTED_EDGE('',*,*,#1134,.T.);
#1487 = ORIENTED_EDGE('',*,*,#1488,.T.);
#1488 = EDGE_CURVE('',#1127,#1479,#1489,.T.);
#1489 = LINE('',#1490,#1491);
#1490 = CARTESIAN_POINT('',(0.5,0.5,3.2));
#1491 = VECTOR('',#1492,1.);
#1492 = DIRECTION('',(0.,-3.083952846181E-17,-1.));
#1493 = PLANE('',#1494);
#1494 = AXIS2_PLACEMENT_3D('',#1495,#1496,#1497);
#1495 = CARTESIAN_POINT('',(-0.5,0.5,3.2));
#1496 = DIRECTION('',(0.,1.,-3.083952846181E-17));
#1497 = DIRECTION('',(0.,-3.083952846181E-17,-1.));
#1498 = ADVANCED_FACE('',(#1499),#1517,.F.);
#1499 = FACE_BOUND('',#1500,.F.);
#1500 = EDGE_LOOP('',(#1501,#1509,#1515,#1516));
#1501 = ORIENTED_EDGE('',*,*,#1502,.T.);
#1502 = EDGE_CURVE('',#1479,#1503,#1505,.T.);
#1503 = VERTEX_POINT('',#1504);
#1504 = CARTESIAN_POINT('',(0.5,-0.5,-3.4));
#1505 = LINE('',#1506,#1507);
#1506 = CARTESIAN_POINT('',(0.5,0.5,-3.4));
#1507 = VECTOR('',#1508,1.);
#1508 = DIRECTION('',(0.,-1.,0.));
#1509 = ORIENTED_EDGE('',*,*,#1510,.T.);
#1510 = EDGE_CURVE('',#1503,#1119,#1511,.T.);
#1511 = LINE('',#1512,#1513);
#1512 = CARTESIAN_POINT('',(0.5,-0.5,-4.));
#1513 = VECTOR('',#1514,1.);
#1514 = DIRECTION('',(0.,0.,1.));
#1515 = ORIENTED_EDGE('',*,*,#1126,.T.);
#1516 = ORIENTED_EDGE('',*,*,#1488,.T.);
#1517 = PLANE('',#1518);
#1518 = AXIS2_PLACEMENT_3D('',#1519,#1520,#1521);
#1519 = CARTESIAN_POINT('',(0.5,-2.164915238601,1.736707405469));
#1520 = DIRECTION('',(-1.,-0.,-0.));
#1521 = DIRECTION('',(0.,0.,-1.));
#1522 = ADVANCED_FACE('',(#1523),#1534,.T.);
#1523 = FACE_BOUND('',#1524,.T.);
#1524 = EDGE_LOOP('',(#1525,#1526,#1532,#1533));
#1525 = ORIENTED_EDGE('',*,*,#1457,.F.);
#1526 = ORIENTED_EDGE('',*,*,#1527,.T.);
#1527 = EDGE_CURVE('',#1450,#1503,#1528,.T.);
#1528 = LINE('',#1529,#1530);
#1529 = CARTESIAN_POINT('',(-0.3,-0.5,-3.4));
#1530 = VECTOR('',#1531,1.);
#1531 = DIRECTION('',(1.,0.,0.));
#1532 = ORIENTED_EDGE('',*,*,#1510,.T.);
#1533 = ORIENTED_EDGE('',*,*,#1118,.T.);
#1534 = PLANE('',#1535);
#1535 = AXIS2_PLACEMENT_3D('',#1536,#1537,#1538);
#1536 = CARTESIAN_POINT('',(-0.5,-0.5,-4.));
#1537 = DIRECTION('',(0.,-1.,0.));
#1538 = DIRECTION('',(0.,0.,1.));
#1539 = ADVANCED_FACE('',(#1540),#1565,.T.);
#1540 = FACE_BOUND('',#1541,.T.);
#1541 = EDGE_LOOP('',(#1542,#1550,#1558,#1564));
#1542 = ORIENTED_EDGE('',*,*,#1543,.F.);
#1543 = EDGE_CURVE('',#1544,#1145,#1546,.T.);
#1544 = VERTEX_POINT('',#1545);
#1545 = CARTESIAN_POINT('',(4.58,-0.5,-3.4));
#1546 = LINE('',#1547,#1548);
#1547 = CARTESIAN_POINT('',(4.58,-0.5,-4.));
#1548 = VECTOR('',#1549,1.);
#1549 = DIRECTION('',(0.,0.,1.));
#1550 = ORIENTED_EDGE('',*,*,#1551,.T.);
#1551 = EDGE_CURVE('',#1544,#1552,#1554,.T.);
#1552 = VERTEX_POINT('',#1553);
#1553 = CARTESIAN_POINT('',(5.58,-0.5,-3.4));
#1554 = LINE('',#1555,#1556);
#1555 = CARTESIAN_POINT('',(4.78,-0.5,-3.4));
#1556 = VECTOR('',#1557,1.);
#1557 = DIRECTION('',(1.,0.,0.));
#1558 = ORIENTED_EDGE('',*,*,#1559,.T.);
#1559 = EDGE_CURVE('',#1552,#1143,#1560,.T.);
#1560 = LINE('',#1561,#1562);
#1561 = CARTESIAN_POINT('',(5.58,-0.5,-4.));
#1562 = VECTOR('',#1563,1.);
#1563 = DIRECTION('',(0.,0.,1.));
#1564 = ORIENTED_EDGE('',*,*,#1142,.T.);
#1565 = PLANE('',#1566);
#1566 = AXIS2_PLACEMENT_3D('',#1567,#1568,#1569);
#1567 = CARTESIAN_POINT('',(4.58,-0.5,-4.));
#1568 = DIRECTION('',(0.,-1.,0.));
#1569 = DIRECTION('',(0.,0.,1.));
#1570 = ADVANCED_FACE('',(#1571),#1589,.T.);
#1571 = FACE_BOUND('',#1572,.T.);
#1572 = EDGE_LOOP('',(#1573,#1581,#1582,#1583));
#1573 = ORIENTED_EDGE('',*,*,#1574,.T.);
#1574 = EDGE_CURVE('',#1575,#1544,#1577,.T.);
#1575 = VERTEX_POINT('',#1576);
#1576 = CARTESIAN_POINT('',(4.58,0.5,-3.4));
#1577 = LINE('',#1578,#1579);
#1578 = CARTESIAN_POINT('',(4.58,0.5,-3.4));
#1579 = VECTOR('',#1580,1.);
#1580 = DIRECTION('',(0.,-1.,0.));
#1581 = ORIENTED_EDGE('',*,*,#1543,.T.);
#1582 = ORIENTED_EDGE('',*,*,#1168,.T.);
#1583 = ORIENTED_EDGE('',*,*,#1584,.T.);
#1584 = EDGE_CURVE('',#1161,#1575,#1585,.T.);
#1585 = LINE('',#1586,#1587);
#1586 = CARTESIAN_POINT('',(4.58,0.5,3.2));
#1587 = VECTOR('',#1588,1.);
#1588 = DIRECTION('',(0.,-3.083952846181E-17,-1.));
#1589 = PLANE('',#1590);
#1590 = AXIS2_PLACEMENT_3D('',#1591,#1592,#1593);
#1591 = CARTESIAN_POINT('',(4.58,-2.164915238601,1.736707405469));
#1592 = DIRECTION('',(-1.,-0.,-0.));
#1593 = DIRECTION('',(0.,0.,-1.));
#1594 = ADVANCED_FACE('',(#1595),#1613,.T.);
#1595 = FACE_BOUND('',#1596,.T.);
#1596 = EDGE_LOOP('',(#1597,#1605,#1606,#1607));
#1597 = ORIENTED_EDGE('',*,*,#1598,.F.);
#1598 = EDGE_CURVE('',#1575,#1599,#1601,.T.);
#1599 = VERTEX_POINT('',#1600);
#1600 = CARTESIAN_POINT('',(5.58,0.5,-3.4));
#1601 = LINE('',#1602,#1603);
#1602 = CARTESIAN_POINT('',(4.78,0.5,-3.4));
#1603 = VECTOR('',#1604,1.);
#1604 = DIRECTION('',(1.,0.,0.));
#1605 = ORIENTED_EDGE('',*,*,#1584,.F.);
#1606 = ORIENTED_EDGE('',*,*,#1160,.T.);
#1607 = ORIENTED_EDGE('',*,*,#1608,.T.);
#1608 = EDGE_CURVE('',#1153,#1599,#1609,.T.);
#1609 = LINE('',#1610,#1611);
#1610 = CARTESIAN_POINT('',(5.58,0.5,3.2));
#1611 = VECTOR('',#1612,1.);
#1612 = DIRECTION('',(0.,-3.083952846181E-17,-1.));
#1613 = PLANE('',#1614);
#1614 = AXIS2_PLACEMENT_3D('',#1615,#1616,#1617);
#1615 = CARTESIAN_POINT('',(4.58,0.5,3.2));
#1616 = DIRECTION('',(0.,1.,-3.083952846181E-17));
#1617 = DIRECTION('',(0.,-3.083952846181E-17,-1.));
#1618 = ADVANCED_FACE('',(#1619),#1630,.F.);
#1619 = FACE_BOUND('',#1620,.F.);
#1620 = EDGE_LOOP('',(#1621,#1627,#1628,#1629));
#1621 = ORIENTED_EDGE('',*,*,#1622,.T.);
#1622 = EDGE_CURVE('',#1599,#1552,#1623,.T.);
#1623 = LINE('',#1624,#1625);
#1624 = CARTESIAN_POINT('',(5.58,0.5,-3.4));
#1625 = VECTOR('',#1626,1.);
#1626 = DIRECTION('',(0.,-1.,0.));
#1627 = ORIENTED_EDGE('',*,*,#1559,.T.);
#1628 = ORIENTED_EDGE('',*,*,#1152,.T.);
#1629 = ORIENTED_EDGE('',*,*,#1608,.T.);
#1630 = PLANE('',#1631);
#1631 = AXIS2_PLACEMENT_3D('',#1632,#1633,#1634);
#1632 = CARTESIAN_POINT('',(5.58,-2.164915238601,1.736707405469));
#1633 = DIRECTION('',(-1.,-0.,-0.));
#1634 = DIRECTION('',(0.,0.,-1.));
#1635 = ADVANCED_FACE('',(#1636),#1661,.T.);
#1636 = FACE_BOUND('',#1637,.T.);
#1637 = EDGE_LOOP('',(#1638,#1648,#1654,#1655));
#1638 = ORIENTED_EDGE('',*,*,#1639,.T.);
#1639 = EDGE_CURVE('',#1640,#1642,#1644,.T.);
#1640 = VERTEX_POINT('',#1641);
#1641 = CARTESIAN_POINT('',(9.66,0.5,-3.4));
#1642 = VERTEX_POINT('',#1643);
#1643 = CARTESIAN_POINT('',(9.66,-0.5,-3.4));
#1644 = LINE('',#1645,#1646);
#1645 = CARTESIAN_POINT('',(9.66,0.5,-3.4));
#1646 = VECTOR('',#1647,1.);
#1647 = DIRECTION('',(0.,-1.,0.));
#1648 = ORIENTED_EDGE('',*,*,#1649,.T.);
#1649 = EDGE_CURVE('',#1642,#1177,#1650,.T.);
#1650 = LINE('',#1651,#1652);
#1651 = CARTESIAN_POINT('',(9.66,-0.5,-4.));
#1652 = VECTOR('',#1653,1.);
#1653 = DIRECTION('',(0.,0.,1.));
#1654 = ORIENTED_EDGE('',*,*,#1176,.T.);
#1655 = ORIENTED_EDGE('',*,*,#1656,.T.);
#1656 = EDGE_CURVE('',#1179,#1640,#1657,.T.);
#1657 = LINE('',#1658,#1659);
#1658 = CARTESIAN_POINT('',(9.66,0.5,3.2));
#1659 = VECTOR('',#1660,1.);
#1660 = DIRECTION('',(0.,-3.083952846181E-17,-1.));
#1661 = PLANE('',#1662);
#1662 = AXIS2_PLACEMENT_3D('',#1663,#1664,#1665);
#1663 = CARTESIAN_POINT('',(9.66,-2.164915238601,1.736707405469));
#1664 = DIRECTION('',(-1.,-0.,-0.));
#1665 = DIRECTION('',(0.,0.,-1.));
#1666 = ADVANCED_FACE('',(#1667),#1685,.T.);
#1667 = FACE_BOUND('',#1668,.T.);
#1668 = EDGE_LOOP('',(#1669,#1677,#1678,#1679));
#1669 = ORIENTED_EDGE('',*,*,#1670,.F.);
#1670 = EDGE_CURVE('',#1640,#1671,#1673,.T.);
#1671 = VERTEX_POINT('',#1672);
#1672 = CARTESIAN_POINT('',(10.66,0.5,-3.4));
#1673 = LINE('',#1674,#1675);
#1674 = CARTESIAN_POINT('',(9.86,0.5,-3.4));
#1675 = VECTOR('',#1676,1.);
#1676 = DIRECTION('',(1.,0.,0.));
#1677 = ORIENTED_EDGE('',*,*,#1656,.F.);
#1678 = ORIENTED_EDGE('',*,*,#1202,.T.);
#1679 = ORIENTED_EDGE('',*,*,#1680,.T.);
#1680 = EDGE_CURVE('',#1195,#1671,#1681,.T.);
#1681 = LINE('',#1682,#1683);
#1682 = CARTESIAN_POINT('',(10.66,0.5,3.2));
#1683 = VECTOR('',#1684,1.);
#1684 = DIRECTION('',(0.,-3.083952846181E-17,-1.));
#1685 = PLANE('',#1686);
#1686 = AXIS2_PLACEMENT_3D('',#1687,#1688,#1689);
#1687 = CARTESIAN_POINT('',(9.66,0.5,3.2));
#1688 = DIRECTION('',(0.,1.,-3.083952846181E-17));
#1689 = DIRECTION('',(0.,-3.083952846181E-17,-1.));
#1690 = ADVANCED_FACE('',(#1691),#1709,.F.);
#1691 = FACE_BOUND('',#1692,.F.);
#1692 = EDGE_LOOP('',(#1693,#1701,#1707,#1708));
#1693 = ORIENTED_EDGE('',*,*,#1694,.T.);
#1694 = EDGE_CURVE('',#1671,#1695,#1697,.T.);
#1695 = VERTEX_POINT('',#1696);
#1696 = CARTESIAN_POINT('',(10.66,-0.5,-3.4));
#1697 = LINE('',#1698,#1699);
#1698 = CARTESIAN_POINT('',(10.66,0.5,-3.4));
#1699 = VECTOR('',#1700,1.);
#1700 = DIRECTION('',(0.,-1.,0.));
#1701 = ORIENTED_EDGE('',*,*,#1702,.T.);
#1702 = EDGE_CURVE('',#1695,#1187,#1703,.T.);
#1703 = LINE('',#1704,#1705);
#1704 = CARTESIAN_POINT('',(10.66,-0.5,-4.));
#1705 = VECTOR('',#1706,1.);
#1706 = DIRECTION('',(0.,0.,1.));
#1707 = ORIENTED_EDGE('',*,*,#1194,.T.);
#1708 = ORIENTED_EDGE('',*,*,#1680,.T.);
#1709 = PLANE('',#1710);
#1710 = AXIS2_PLACEMENT_3D('',#1711,#1712,#1713);
#1711 = CARTESIAN_POINT('',(10.66,-2.164915238601,1.736707405469));
#1712 = DIRECTION('',(-1.,-0.,-0.));
#1713 = DIRECTION('',(0.,0.,-1.));
#1714 = ADVANCED_FACE('',(#1715),#1726,.T.);
#1715 = FACE_BOUND('',#1716,.T.);
#1716 = EDGE_LOOP('',(#1717,#1718,#1724,#1725));
#1717 = ORIENTED_EDGE('',*,*,#1649,.F.);
#1718 = ORIENTED_EDGE('',*,*,#1719,.T.);
#1719 = EDGE_CURVE('',#1642,#1695,#1720,.T.);
#1720 = LINE('',#1721,#1722);
#1721 = CARTESIAN_POINT('',(9.86,-0.5,-3.4));
#1722 = VECTOR('',#1723,1.);
#1723 = DIRECTION('',(1.,0.,0.));
#1724 = ORIENTED_EDGE('',*,*,#1702,.T.);
#1725 = ORIENTED_EDGE('',*,*,#1186,.T.);
#1726 = PLANE('',#1727);
#1727 = AXIS2_PLACEMENT_3D('',#1728,#1729,#1730);
#1728 = CARTESIAN_POINT('',(9.66,-0.5,-4.));
#1729 = DIRECTION('',(0.,-1.,0.));
#1730 = DIRECTION('',(0.,0.,1.));
#1731 = ADVANCED_FACE('',(#1732),#1750,.T.);
#1732 = FACE_BOUND('',#1733,.T.);
#1733 = EDGE_LOOP('',(#1734,#1735,#1736,#1744));
#1734 = ORIENTED_EDGE('',*,*,#1226,.F.);
#1735 = ORIENTED_EDGE('',*,*,#1433,.T.);
#1736 = ORIENTED_EDGE('',*,*,#1737,.F.);
#1737 = EDGE_CURVE('',#1738,#1426,#1740,.T.);
#1738 = VERTEX_POINT('',#1739);
#1739 = CARTESIAN_POINT('',(-0.75,-8.5,8.6));
#1740 = LINE('',#1741,#1742);
#1741 = CARTESIAN_POINT('',(-0.904700654818,-9.428203928906,
    8.228718428438));
#1742 = VECTOR('',#1743,1.);
#1743 = DIRECTION('',(-0.152925937552,-0.91755562531,-0.367022250124));
#1744 = ORIENTED_EDGE('',*,*,#1745,.F.);
#1745 = EDGE_CURVE('',#1227,#1738,#1746,.T.);
#1746 = LINE('',#1747,#1748);
#1747 = CARTESIAN_POINT('',(-3.54,-8.5,8.6));
#1748 = VECTOR('',#1749,1.);
#1749 = DIRECTION('',(1.,0.,0.));
#1750 = PLANE('',#1751);
#1751 = AXIS2_PLACEMENT_3D('',#1752,#1753,#1754);
#1752 = CARTESIAN_POINT('',(-3.54,-10.,8.));
#1753 = DIRECTION('',(0.,-0.371390676354,0.928476690885));
#1754 = DIRECTION('',(0.,0.928476690885,0.371390676354));
#1755 = ADVANCED_FACE('',(#1756),#1808,.T.);
#1756 = FACE_BOUND('',#1757,.T.);
#1757 = EDGE_LOOP('',(#1758,#1759,#1767,#1775,#1783,#1791,#1799,#1805,
    #1806,#1807));
#1758 = ORIENTED_EDGE('',*,*,#1745,.T.);
#1759 = ORIENTED_EDGE('',*,*,#1760,.T.);
#1760 = EDGE_CURVE('',#1738,#1761,#1763,.T.);
#1761 = VERTEX_POINT('',#1762);
#1762 = CARTESIAN_POINT('',(0.75,-8.5,8.6));
#1763 = LINE('',#1764,#1765);
#1764 = CARTESIAN_POINT('',(-3.54,-8.5,8.6));
#1765 = VECTOR('',#1766,1.);
#1766 = DIRECTION('',(1.,0.,0.));
#1767 = ORIENTED_EDGE('',*,*,#1768,.T.);
#1768 = EDGE_CURVE('',#1761,#1769,#1771,.T.);
#1769 = VERTEX_POINT('',#1770);
#1770 = CARTESIAN_POINT('',(4.33,-8.5,8.6));
#1771 = LINE('',#1772,#1773);
#1772 = CARTESIAN_POINT('',(-3.54,-8.5,8.6));
#1773 = VECTOR('',#1774,1.);
#1774 = DIRECTION('',(1.,0.,0.));
#1775 = ORIENTED_EDGE('',*,*,#1776,.T.);
#1776 = EDGE_CURVE('',#1769,#1777,#1779,.T.);
#1777 = VERTEX_POINT('',#1778);
#1778 = CARTESIAN_POINT('',(5.83,-8.5,8.6));
#1779 = LINE('',#1780,#1781);
#1780 = CARTESIAN_POINT('',(-3.54,-8.5,8.6));
#1781 = VECTOR('',#1782,1.);
#1782 = DIRECTION('',(1.,0.,0.));
#1783 = ORIENTED_EDGE('',*,*,#1784,.T.);
#1784 = EDGE_CURVE('',#1777,#1785,#1787,.T.);
#1785 = VERTEX_POINT('',#1786);
#1786 = CARTESIAN_POINT('',(9.41,-8.5,8.6));
#1787 = LINE('',#1788,#1789);
#1788 = CARTESIAN_POINT('',(-3.54,-8.5,8.6));
#1789 = VECTOR('',#1790,1.);
#1790 = DIRECTION('',(1.,0.,0.));
#1791 = ORIENTED_EDGE('',*,*,#1792,.T.);
#1792 = EDGE_CURVE('',#1785,#1793,#1795,.T.);
#1793 = VERTEX_POINT('',#1794);
#1794 = CARTESIAN_POINT('',(10.91,-8.5,8.6));
#1795 = LINE('',#1796,#1797);
#1796 = CARTESIAN_POINT('',(-3.54,-8.5,8.6));
#1797 = VECTOR('',#1798,1.);
#1798 = DIRECTION('',(1.,0.,0.));
#1799 = ORIENTED_EDGE('',*,*,#1800,.T.);
#1800 = EDGE_CURVE('',#1793,#1268,#1801,.T.);
#1801 = LINE('',#1802,#1803);
#1802 = CARTESIAN_POINT('',(-3.54,-8.5,8.6));
#1803 = VECTOR('',#1804,1.);
#1804 = DIRECTION('',(1.,0.,0.));
#1805 = ORIENTED_EDGE('',*,*,#1275,.T.);
#1806 = ORIENTED_EDGE('',*,*,#1298,.F.);
#1807 = ORIENTED_EDGE('',*,*,#1234,.F.);
#1808 = PLANE('',#1809);
#1809 = AXIS2_PLACEMENT_3D('',#1810,#1811,#1812);
#1810 = CARTESIAN_POINT('',(-3.54,-8.5,8.6));
#1811 = DIRECTION('',(0.,2.22044604925E-16,1.));
#1812 = DIRECTION('',(0.,1.,-2.22044604925E-16));
#1813 = ADVANCED_FACE('',(#1814),#1825,.T.);
#1814 = FACE_BOUND('',#1815,.T.);
#1815 = EDGE_LOOP('',(#1816,#1822,#1823,#1824));
#1816 = ORIENTED_EDGE('',*,*,#1817,.F.);
#1817 = EDGE_CURVE('',#1319,#1793,#1818,.T.);
#1818 = LINE('',#1819,#1820);
#1819 = CARTESIAN_POINT('',(10.971272217025,-8.867633302152,
    8.452946679139));
#1820 = VECTOR('',#1821,1.);
#1821 = DIRECTION('',(-0.152925937552,0.91755562531,0.367022250124));
#1822 = ORIENTED_EDGE('',*,*,#1318,.T.);
#1823 = ORIENTED_EDGE('',*,*,#1267,.T.);
#1824 = ORIENTED_EDGE('',*,*,#1800,.F.);
#1825 = PLANE('',#1826);
#1826 = AXIS2_PLACEMENT_3D('',#1827,#1828,#1829);
#1827 = CARTESIAN_POINT('',(-3.54,-10.,8.));
#1828 = DIRECTION('',(0.,-0.371390676354,0.928476690885));
#1829 = DIRECTION('',(0.,0.928476690885,0.371390676354));
#1830 = ADVANCED_FACE('',(#1831),#1849,.F.);
#1831 = FACE_BOUND('',#1832,.F.);
#1832 = EDGE_LOOP('',(#1833,#1834,#1842,#1848));
#1833 = ORIENTED_EDGE('',*,*,#1737,.F.);
#1834 = ORIENTED_EDGE('',*,*,#1835,.T.);
#1835 = EDGE_CURVE('',#1738,#1836,#1838,.T.);
#1836 = VERTEX_POINT('',#1837);
#1837 = CARTESIAN_POINT('',(-0.75,-8.5,6.9));
#1838 = LINE('',#1839,#1840);
#1839 = CARTESIAN_POINT('',(-0.75,-8.5,8.6));
#1840 = VECTOR('',#1841,1.);
#1841 = DIRECTION('',(0.,-2.22044604925E-16,-1.));
#1842 = ORIENTED_EDGE('',*,*,#1843,.T.);
#1843 = EDGE_CURVE('',#1836,#1418,#1844,.T.);
#1844 = LINE('',#1845,#1846);
#1845 = CARTESIAN_POINT('',(-0.75,-8.5,6.9));
#1846 = VECTOR('',#1847,1.);
#1847 = DIRECTION('',(-0.164398987305,-0.986393923832,2.190234491178E-16
    ));
#1848 = ORIENTED_EDGE('',*,*,#1425,.F.);
#1849 = PLANE('',#1850);
#1850 = AXIS2_PLACEMENT_3D('',#1851,#1852,#1853);
#1851 = CARTESIAN_POINT('',(-0.75,-8.5,8.6));
#1852 = DIRECTION('',(-0.986393923832,0.164398987305,-3.65039081863E-17)
  );
#1853 = DIRECTION('',(-0.164398987305,-0.986393923832,2.190234491178E-16
    ));
#1854 = ADVANCED_FACE('',(#1855),#1960,.F.);
#1855 = FACE_BOUND('',#1856,.F.);
#1856 = EDGE_LOOP('',(#1857,#1858,#1866,#1874,#1880,#1881,#1882,#1890,
    #1898,#1906,#1914,#1922,#1930,#1938,#1946,#1954));
#1857 = ORIENTED_EDGE('',*,*,#1334,.F.);
#1858 = ORIENTED_EDGE('',*,*,#1859,.T.);
#1859 = EDGE_CURVE('',#1335,#1860,#1862,.T.);
#1860 = VERTEX_POINT('',#1861);
#1861 = CARTESIAN_POINT('',(12.9,-1.5,6.9));
#1862 = LINE('',#1863,#1864);
#1863 = CARTESIAN_POINT('',(12.9,-10.,6.9));
#1864 = VECTOR('',#1865,1.);
#1865 = DIRECTION('',(-0.,1.,-2.22044604925E-16));
#1866 = ORIENTED_EDGE('',*,*,#1867,.T.);
#1867 = EDGE_CURVE('',#1860,#1868,#1870,.T.);
#1868 = VERTEX_POINT('',#1869);
#1869 = CARTESIAN_POINT('',(-2.74,-1.5,6.9));
#1870 = LINE('',#1871,#1872);
#1871 = CARTESIAN_POINT('',(12.9,-1.5,6.9));
#1872 = VECTOR('',#1873,1.);
#1873 = DIRECTION('',(-1.,0.,0.));
#1874 = ORIENTED_EDGE('',*,*,#1875,.F.);
#1875 = EDGE_CURVE('',#1410,#1868,#1876,.T.);
#1876 = LINE('',#1877,#1878);
#1877 = CARTESIAN_POINT('',(-2.74,-10.,6.9));
#1878 = VECTOR('',#1879,1.);
#1879 = DIRECTION('',(-0.,1.,-2.22044604925E-16));
#1880 = ORIENTED_EDGE('',*,*,#1417,.F.);
#1881 = ORIENTED_EDGE('',*,*,#1843,.F.);
#1882 = ORIENTED_EDGE('',*,*,#1883,.F.);
#1883 = EDGE_CURVE('',#1884,#1836,#1886,.T.);
#1884 = VERTEX_POINT('',#1885);
#1885 = CARTESIAN_POINT('',(0.75,-8.5,6.9));
#1886 = LINE('',#1887,#1888);
#1887 = CARTESIAN_POINT('',(0.75,-8.5,6.9));
#1888 = VECTOR('',#1889,1.);
#1889 = DIRECTION('',(-1.,0.,0.));
#1890 = ORIENTED_EDGE('',*,*,#1891,.F.);
#1891 = EDGE_CURVE('',#1892,#1884,#1894,.T.);
#1892 = VERTEX_POINT('',#1893);
#1893 = CARTESIAN_POINT('',(1.,-10.,6.9));
#1894 = LINE('',#1895,#1896);
#1895 = CARTESIAN_POINT('',(1.,-10.,6.9));
#1896 = VECTOR('',#1897,1.);
#1897 = DIRECTION('',(-0.164398987305,0.986393923832,-2.190234491178E-16
    ));
#1898 = ORIENTED_EDGE('',*,*,#1899,.F.);
#1899 = EDGE_CURVE('',#1900,#1892,#1902,.T.);
#1900 = VERTEX_POINT('',#1901);
#1901 = CARTESIAN_POINT('',(4.08,-10.,6.9));
#1902 = LINE('',#1903,#1904);
#1903 = CARTESIAN_POINT('',(12.9,-10.,6.9));
#1904 = VECTOR('',#1905,1.);
#1905 = DIRECTION('',(-1.,0.,0.));
#1906 = ORIENTED_EDGE('',*,*,#1907,.F.);
#1907 = EDGE_CURVE('',#1908,#1900,#1910,.T.);
#1908 = VERTEX_POINT('',#1909);
#1909 = CARTESIAN_POINT('',(4.33,-8.5,6.9));
#1910 = LINE('',#1911,#1912);
#1911 = CARTESIAN_POINT('',(4.33,-8.5,6.9));
#1912 = VECTOR('',#1913,1.);
#1913 = DIRECTION('',(-0.164398987305,-0.986393923832,2.190234491178E-16
    ));
#1914 = ORIENTED_EDGE('',*,*,#1915,.F.);
#1915 = EDGE_CURVE('',#1916,#1908,#1918,.T.);
#1916 = VERTEX_POINT('',#1917);
#1917 = CARTESIAN_POINT('',(5.83,-8.5,6.9));
#1918 = LINE('',#1919,#1920);
#1919 = CARTESIAN_POINT('',(5.83,-8.5,6.9));
#1920 = VECTOR('',#1921,1.);
#1921 = DIRECTION('',(-1.,0.,0.));
#1922 = ORIENTED_EDGE('',*,*,#1923,.F.);
#1923 = EDGE_CURVE('',#1924,#1916,#1926,.T.);
#1924 = VERTEX_POINT('',#1925);
#1925 = CARTESIAN_POINT('',(6.08,-10.,6.9));
#1926 = LINE('',#1927,#1928);
#1927 = CARTESIAN_POINT('',(6.08,-10.,6.9));
#1928 = VECTOR('',#1929,1.);
#1929 = DIRECTION('',(-0.164398987305,0.986393923832,-2.190234491178E-16
    ));
#1930 = ORIENTED_EDGE('',*,*,#1931,.F.);
#1931 = EDGE_CURVE('',#1932,#1924,#1934,.T.);
#1932 = VERTEX_POINT('',#1933);
#1933 = CARTESIAN_POINT('',(9.16,-10.,6.9));
#1934 = LINE('',#1935,#1936);
#1935 = CARTESIAN_POINT('',(12.9,-10.,6.9));
#1936 = VECTOR('',#1937,1.);
#1937 = DIRECTION('',(-1.,0.,0.));
#1938 = ORIENTED_EDGE('',*,*,#1939,.F.);
#1939 = EDGE_CURVE('',#1940,#1932,#1942,.T.);
#1940 = VERTEX_POINT('',#1941);
#1941 = CARTESIAN_POINT('',(9.41,-8.5,6.9));
#1942 = LINE('',#1943,#1944);
#1943 = CARTESIAN_POINT('',(9.41,-8.5,6.9));
#1944 = VECTOR('',#1945,1.);
#1945 = DIRECTION('',(-0.164398987305,-0.986393923832,2.190234491178E-16
    ));
#1946 = ORIENTED_EDGE('',*,*,#1947,.F.);
#1947 = EDGE_CURVE('',#1948,#1940,#1950,.T.);
#1948 = VERTEX_POINT('',#1949);
#1949 = CARTESIAN_POINT('',(10.91,-8.5,6.9));
#1950 = LINE('',#1951,#1952);
#1951 = CARTESIAN_POINT('',(10.91,-8.5,6.9));
#1952 = VECTOR('',#1953,1.);
#1953 = DIRECTION('',(-1.,0.,0.));
#1954 = ORIENTED_EDGE('',*,*,#1955,.F.);
#1955 = EDGE_CURVE('',#1327,#1948,#1956,.T.);
#1956 = LINE('',#1957,#1958);
#1957 = CARTESIAN_POINT('',(11.16,-10.,6.9));
#1958 = VECTOR('',#1959,1.);
#1959 = DIRECTION('',(-0.164398987305,0.986393923832,-2.190234491178E-16
    ));
#1960 = PLANE('',#1961);
#1961 = AXIS2_PLACEMENT_3D('',#1962,#1963,#1964);
#1962 = CARTESIAN_POINT('',(12.9,-10.,6.9));
#1963 = DIRECTION('',(0.,2.22044604925E-16,1.));
#1964 = DIRECTION('',(-1.,0.,0.));
#1965 = ADVANCED_FACE('',(#1966),#1984,.F.);
#1966 = FACE_BOUND('',#1967,.F.);
#1967 = EDGE_LOOP('',(#1968,#1969,#1977,#1983));
#1968 = ORIENTED_EDGE('',*,*,#1875,.T.);
#1969 = ORIENTED_EDGE('',*,*,#1970,.T.);
#1970 = EDGE_CURVE('',#1868,#1971,#1973,.T.);
#1971 = VERTEX_POINT('',#1972);
#1972 = CARTESIAN_POINT('',(-2.74,-1.5,1.6));
#1973 = LINE('',#1974,#1975);
#1974 = CARTESIAN_POINT('',(-2.74,-1.5,6.9));
#1975 = VECTOR('',#1976,1.);
#1976 = DIRECTION('',(0.,-2.22044604925E-16,-1.));
#1977 = ORIENTED_EDGE('',*,*,#1978,.F.);
#1978 = EDGE_CURVE('',#1402,#1971,#1979,.T.);
#1979 = LINE('',#1980,#1981);
#1980 = CARTESIAN_POINT('',(-2.74,-10.,1.6));
#1981 = VECTOR('',#1982,1.);
#1982 = DIRECTION('',(-0.,1.,-2.22044604925E-16));
#1983 = ORIENTED_EDGE('',*,*,#1409,.F.);
#1984 = PLANE('',#1985);
#1985 = AXIS2_PLACEMENT_3D('',#1986,#1987,#1988);
#1986 = CARTESIAN_POINT('',(-2.74,-10.,6.9));
#1987 = DIRECTION('',(-1.,0.,0.));
#1988 = DIRECTION('',(-0.,-2.22044604925E-16,-1.));
#1989 = ADVANCED_FACE('',(#1990),#2008,.F.);
#1990 = FACE_BOUND('',#1991,.F.);
#1991 = EDGE_LOOP('',(#1992,#1993,#1994,#2002));
#1992 = ORIENTED_EDGE('',*,*,#1401,.F.);
#1993 = ORIENTED_EDGE('',*,*,#1978,.T.);
#1994 = ORIENTED_EDGE('',*,*,#1995,.T.);
#1995 = EDGE_CURVE('',#1971,#1996,#1998,.T.);
#1996 = VERTEX_POINT('',#1997);
#1997 = CARTESIAN_POINT('',(-2.,-1.5,1.6));
#1998 = LINE('',#1999,#2000);
#1999 = CARTESIAN_POINT('',(-2.74,-1.5,1.6));
#2000 = VECTOR('',#2001,1.);
#2001 = DIRECTION('',(1.,0.,0.));
#2002 = ORIENTED_EDGE('',*,*,#2003,.F.);
#2003 = EDGE_CURVE('',#1393,#1996,#2004,.T.);
#2004 = LINE('',#2005,#2006);
#2005 = CARTESIAN_POINT('',(-2.,-10.,1.6));
#2006 = VECTOR('',#2007,1.);
#2007 = DIRECTION('',(-0.,1.,-2.22044604925E-16));
#2008 = PLANE('',#2009);
#2009 = AXIS2_PLACEMENT_3D('',#2010,#2011,#2012);
#2010 = CARTESIAN_POINT('',(-2.74,-10.,1.6));
#2011 = DIRECTION('',(0.,-2.22044604925E-16,-1.));
#2012 = DIRECTION('',(1.,0.,0.));
#2013 = ADVANCED_FACE('',(#2014),#2033,.F.);
#2014 = FACE_BOUND('',#2015,.F.);
#2015 = EDGE_LOOP('',(#2016,#2017,#2026,#2032));
#2016 = ORIENTED_EDGE('',*,*,#2003,.T.);
#2017 = ORIENTED_EDGE('',*,*,#2018,.T.);
#2018 = EDGE_CURVE('',#1996,#2019,#2021,.T.);
#2019 = VERTEX_POINT('',#2020);
#2020 = CARTESIAN_POINT('',(2.,-1.5,1.6));
#2021 = CIRCLE('',#2022,3.633333333333);
#2022 = AXIS2_PLACEMENT_3D('',#2023,#2024,#2025);
#2023 = CARTESIAN_POINT('',(0.,-1.5,4.633333333333));
#2024 = DIRECTION('',(1.037450675216E-35,-1.,2.22044604925E-16));
#2025 = DIRECTION('',(-0.550458715596,-1.853766885154E-16,
    -0.834862385321));
#2026 = ORIENTED_EDGE('',*,*,#2027,.F.);
#2027 = EDGE_CURVE('',#1385,#2019,#2028,.T.);
#2028 = LINE('',#2029,#2030);
#2029 = CARTESIAN_POINT('',(2.,-10.,1.6));
#2030 = VECTOR('',#2031,1.);
#2031 = DIRECTION('',(-0.,1.,-2.22044604925E-16));
#2032 = ORIENTED_EDGE('',*,*,#1392,.F.);
#2033 = CYLINDRICAL_SURFACE('',#2034,3.633333333333);
#2034 = AXIS2_PLACEMENT_3D('',#2035,#2036,#2037);
#2035 = CARTESIAN_POINT('',(0.,-10.,4.633333333333));
#2036 = DIRECTION('',(0.,-1.,2.22044604925E-16));
#2037 = DIRECTION('',(-0.550458715596,-1.853766885154E-16,
    -0.834862385321));
#2038 = ADVANCED_FACE('',(#2039),#2057,.F.);
#2039 = FACE_BOUND('',#2040,.F.);
#2040 = EDGE_LOOP('',(#2041,#2042,#2043,#2051));
#2041 = ORIENTED_EDGE('',*,*,#1384,.F.);
#2042 = ORIENTED_EDGE('',*,*,#2027,.T.);
#2043 = ORIENTED_EDGE('',*,*,#2044,.T.);
#2044 = EDGE_CURVE('',#2019,#2045,#2047,.T.);
#2045 = VERTEX_POINT('',#2046);
#2046 = CARTESIAN_POINT('',(3.08,-1.5,1.6));
#2047 = LINE('',#2048,#2049);
#2048 = CARTESIAN_POINT('',(-2.74,-1.5,1.6));
#2049 = VECTOR('',#2050,1.);
#2050 = DIRECTION('',(1.,0.,0.));
#2051 = ORIENTED_EDGE('',*,*,#2052,.F.);
#2052 = EDGE_CURVE('',#1376,#2045,#2053,.T.);
#2053 = LINE('',#2054,#2055);
#2054 = CARTESIAN_POINT('',(3.08,-10.,1.6));
#2055 = VECTOR('',#2056,1.);
#2056 = DIRECTION('',(-0.,1.,-2.22044604925E-16));
#2057 = PLANE('',#2058);
#2058 = AXIS2_PLACEMENT_3D('',#2059,#2060,#2061);
#2059 = CARTESIAN_POINT('',(-2.74,-10.,1.6));
#2060 = DIRECTION('',(0.,-2.22044604925E-16,-1.));
#2061 = DIRECTION('',(1.,0.,0.));
#2062 = ADVANCED_FACE('',(#2063),#2082,.F.);
#2063 = FACE_BOUND('',#2064,.F.);
#2064 = EDGE_LOOP('',(#2065,#2066,#2075,#2081));
#2065 = ORIENTED_EDGE('',*,*,#2052,.T.);
#2066 = ORIENTED_EDGE('',*,*,#2067,.T.);
#2067 = EDGE_CURVE('',#2045,#2068,#2070,.T.);
#2068 = VERTEX_POINT('',#2069);
#2069 = CARTESIAN_POINT('',(7.08,-1.5,1.6));
#2070 = CIRCLE('',#2071,3.633333333333);
#2071 = AXIS2_PLACEMENT_3D('',#2072,#2073,#2074);
#2072 = CARTESIAN_POINT('',(5.08,-1.5,4.633333333333));
#2073 = DIRECTION('',(1.037450675216E-35,-1.,2.22044604925E-16));
#2074 = DIRECTION('',(-0.550458715596,-1.853766885154E-16,
    -0.834862385321));
#2075 = ORIENTED_EDGE('',*,*,#2076,.F.);
#2076 = EDGE_CURVE('',#1368,#2068,#2077,.T.);
#2077 = LINE('',#2078,#2079);
#2078 = CARTESIAN_POINT('',(7.08,-10.,1.6));
#2079 = VECTOR('',#2080,1.);
#2080 = DIRECTION('',(-0.,1.,-2.22044604925E-16));
#2081 = ORIENTED_EDGE('',*,*,#1375,.F.);
#2082 = CYLINDRICAL_SURFACE('',#2083,3.633333333333);
#2083 = AXIS2_PLACEMENT_3D('',#2084,#2085,#2086);
#2084 = CARTESIAN_POINT('',(5.08,-10.,4.633333333333));
#2085 = DIRECTION('',(0.,-1.,2.22044604925E-16));
#2086 = DIRECTION('',(-0.550458715596,-1.853766885154E-16,
    -0.834862385321));
#2087 = ADVANCED_FACE('',(#2088),#2106,.F.);
#2088 = FACE_BOUND('',#2089,.F.);
#2089 = EDGE_LOOP('',(#2090,#2091,#2092,#2100));
#2090 = ORIENTED_EDGE('',*,*,#1367,.F.);
#2091 = ORIENTED_EDGE('',*,*,#2076,.T.);
#2092 = ORIENTED_EDGE('',*,*,#2093,.T.);
#2093 = EDGE_CURVE('',#2068,#2094,#2096,.T.);
#2094 = VERTEX_POINT('',#2095);
#2095 = CARTESIAN_POINT('',(8.16,-1.5,1.6));
#2096 = LINE('',#2097,#2098);
#2097 = CARTESIAN_POINT('',(-2.74,-1.5,1.6));
#2098 = VECTOR('',#2099,1.);
#2099 = DIRECTION('',(1.,0.,0.));
#2100 = ORIENTED_EDGE('',*,*,#2101,.F.);
#2101 = EDGE_CURVE('',#1359,#2094,#2102,.T.);
#2102 = LINE('',#2103,#2104);
#2103 = CARTESIAN_POINT('',(8.16,-10.,1.6));
#2104 = VECTOR('',#2105,1.);
#2105 = DIRECTION('',(-0.,1.,-2.22044604925E-16));
#2106 = PLANE('',#2107);
#2107 = AXIS2_PLACEMENT_3D('',#2108,#2109,#2110);
#2108 = CARTESIAN_POINT('',(-2.74,-10.,1.6));
#2109 = DIRECTION('',(0.,-2.22044604925E-16,-1.));
#2110 = DIRECTION('',(1.,0.,0.));
#2111 = ADVANCED_FACE('',(#2112),#2131,.F.);
#2112 = FACE_BOUND('',#2113,.F.);
#2113 = EDGE_LOOP('',(#2114,#2115,#2124,#2130));
#2114 = ORIENTED_EDGE('',*,*,#2101,.T.);
#2115 = ORIENTED_EDGE('',*,*,#2116,.T.);
#2116 = EDGE_CURVE('',#2094,#2117,#2119,.T.);
#2117 = VERTEX_POINT('',#2118);
#2118 = CARTESIAN_POINT('',(12.16,-1.5,1.6));
#2119 = CIRCLE('',#2120,3.633333333333);
#2120 = AXIS2_PLACEMENT_3D('',#2121,#2122,#2123);
#2121 = CARTESIAN_POINT('',(10.16,-1.5,4.633333333333));
#2122 = DIRECTION('',(1.037450675216E-35,-1.,2.22044604925E-16));
#2123 = DIRECTION('',(-0.550458715596,-1.853766885154E-16,
    -0.834862385321));
#2124 = ORIENTED_EDGE('',*,*,#2125,.F.);
#2125 = EDGE_CURVE('',#1351,#2117,#2126,.T.);
#2126 = LINE('',#2127,#2128);
#2127 = CARTESIAN_POINT('',(12.16,-10.,1.6));
#2128 = VECTOR('',#2129,1.);
#2129 = DIRECTION('',(-0.,1.,-2.22044604925E-16));
#2130 = ORIENTED_EDGE('',*,*,#1358,.F.);
#2131 = CYLINDRICAL_SURFACE('',#2132,3.633333333333);
#2132 = AXIS2_PLACEMENT_3D('',#2133,#2134,#2135);
#2133 = CARTESIAN_POINT('',(10.16,-10.,4.633333333333));
#2134 = DIRECTION('',(0.,-1.,2.22044604925E-16));
#2135 = DIRECTION('',(-0.550458715596,-1.853766885154E-16,
    -0.834862385321));
#2136 = ADVANCED_FACE('',(#2137),#2155,.F.);
#2137 = FACE_BOUND('',#2138,.F.);
#2138 = EDGE_LOOP('',(#2139,#2140,#2141,#2149));
#2139 = ORIENTED_EDGE('',*,*,#1350,.F.);
#2140 = ORIENTED_EDGE('',*,*,#2125,.T.);
#2141 = ORIENTED_EDGE('',*,*,#2142,.T.);
#2142 = EDGE_CURVE('',#2117,#2143,#2145,.T.);
#2143 = VERTEX_POINT('',#2144);
#2144 = CARTESIAN_POINT('',(12.9,-1.5,1.6));
#2145 = LINE('',#2146,#2147);
#2146 = CARTESIAN_POINT('',(-2.74,-1.5,1.6));
#2147 = VECTOR('',#2148,1.);
#2148 = DIRECTION('',(1.,0.,0.));
#2149 = ORIENTED_EDGE('',*,*,#2150,.F.);
#2150 = EDGE_CURVE('',#1343,#2143,#2151,.T.);
#2151 = LINE('',#2152,#2153);
#2152 = CARTESIAN_POINT('',(12.9,-10.,1.6));
#2153 = VECTOR('',#2154,1.);
#2154 = DIRECTION('',(-0.,1.,-2.22044604925E-16));
#2155 = PLANE('',#2156);
#2156 = AXIS2_PLACEMENT_3D('',#2157,#2158,#2159);
#2157 = CARTESIAN_POINT('',(-2.74,-10.,1.6));
#2158 = DIRECTION('',(0.,-2.22044604925E-16,-1.));
#2159 = DIRECTION('',(1.,0.,0.));
#2160 = ADVANCED_FACE('',(#2161),#2172,.F.);
#2161 = FACE_BOUND('',#2162,.F.);
#2162 = EDGE_LOOP('',(#2163,#2164,#2170,#2171));
#2163 = ORIENTED_EDGE('',*,*,#2150,.T.);
#2164 = ORIENTED_EDGE('',*,*,#2165,.T.);
#2165 = EDGE_CURVE('',#2143,#1860,#2166,.T.);
#2166 = LINE('',#2167,#2168);
#2167 = CARTESIAN_POINT('',(12.9,-1.5,1.6));
#2168 = VECTOR('',#2169,1.);
#2169 = DIRECTION('',(0.,2.22044604925E-16,1.));
#2170 = ORIENTED_EDGE('',*,*,#1859,.F.);
#2171 = ORIENTED_EDGE('',*,*,#1342,.F.);
#2172 = PLANE('',#2173);
#2173 = AXIS2_PLACEMENT_3D('',#2174,#2175,#2176);
#2174 = CARTESIAN_POINT('',(12.9,-10.,1.6));
#2175 = DIRECTION('',(1.,0.,0.));
#2176 = DIRECTION('',(-0.,2.22044604925E-16,1.));
#2177 = ADVANCED_FACE('',(#2178),#2189,.F.);
#2178 = FACE_BOUND('',#2179,.F.);
#2179 = EDGE_LOOP('',(#2180,#2181,#2182,#2183));
#2180 = ORIENTED_EDGE('',*,*,#1817,.F.);
#2181 = ORIENTED_EDGE('',*,*,#1326,.T.);
#2182 = ORIENTED_EDGE('',*,*,#1955,.T.);
#2183 = ORIENTED_EDGE('',*,*,#2184,.F.);
#2184 = EDGE_CURVE('',#1793,#1948,#2185,.T.);
#2185 = LINE('',#2186,#2187);
#2186 = CARTESIAN_POINT('',(10.91,-8.5,8.6));
#2187 = VECTOR('',#2188,1.);
#2188 = DIRECTION('',(0.,-2.22044604925E-16,-1.));
#2189 = PLANE('',#2190);
#2190 = AXIS2_PLACEMENT_3D('',#2191,#2192,#2193);
#2191 = CARTESIAN_POINT('',(11.16,-10.,8.6));
#2192 = DIRECTION('',(0.986393923832,0.164398987305,-3.65039081863E-17)
  );
#2193 = DIRECTION('',(-0.164398987305,0.986393923832,-2.190234491178E-16
    ));
#2194 = ADVANCED_FACE('',(#2195),#2220,.T.);
#2195 = FACE_BOUND('',#2196,.T.);
#2196 = EDGE_LOOP('',(#2197,#2207,#2213,#2214));
#2197 = ORIENTED_EDGE('',*,*,#2198,.T.);
#2198 = EDGE_CURVE('',#2199,#2201,#2203,.T.);
#2199 = VERTEX_POINT('',#2200);
#2200 = CARTESIAN_POINT('',(-0.3,0.3,-4.));
#2201 = VERTEX_POINT('',#2202);
#2202 = CARTESIAN_POINT('',(-0.3,-0.3,-4.));
#2203 = LINE('',#2204,#2205);
#2204 = CARTESIAN_POINT('',(-0.3,0.5,-4.));
#2205 = VECTOR('',#2206,1.);
#2206 = DIRECTION('',(0.,-1.,0.));
#2207 = ORIENTED_EDGE('',*,*,#2208,.T.);
#2208 = EDGE_CURVE('',#2201,#1450,#2209,.T.);
#2209 = LINE('',#2210,#2211);
#2210 = CARTESIAN_POINT('',(-0.354545454545,-0.354545454545,
    -3.836363636364));
#2211 = VECTOR('',#2212,1.);
#2212 = DIRECTION('',(-0.301511344578,-0.301511344578,0.904534033733));
#2213 = ORIENTED_EDGE('',*,*,#1447,.F.);
#2214 = ORIENTED_EDGE('',*,*,#2215,.F.);
#2215 = EDGE_CURVE('',#2199,#1448,#2216,.T.);
#2216 = LINE('',#2217,#2218);
#2217 = CARTESIAN_POINT('',(-0.4,0.4,-3.7));
#2218 = VECTOR('',#2219,1.);
#2219 = DIRECTION('',(-0.301511344578,0.301511344578,0.904534033733));
#2220 = PLANE('',#2221);
#2221 = AXIS2_PLACEMENT_3D('',#2222,#2223,#2224);
#2222 = CARTESIAN_POINT('',(-0.4,0.5,-3.7));
#2223 = DIRECTION('',(-0.948683298051,-3.476378920805E-18,
    -0.316227766017));
#2224 = DIRECTION('',(3.297982619863E-18,-1.,1.099327539955E-18));
#2225 = ADVANCED_FACE('',(#2226),#2244,.T.);
#2226 = FACE_BOUND('',#2227,.F.);
#2227 = EDGE_LOOP('',(#2228,#2229,#2237,#2243));
#2228 = ORIENTED_EDGE('',*,*,#2215,.F.);
#2229 = ORIENTED_EDGE('',*,*,#2230,.T.);
#2230 = EDGE_CURVE('',#2199,#2231,#2233,.T.);
#2231 = VERTEX_POINT('',#2232);
#2232 = CARTESIAN_POINT('',(0.3,0.3,-4.));
#2233 = LINE('',#2234,#2235);
#2234 = CARTESIAN_POINT('',(-0.3,0.3,-4.));
#2235 = VECTOR('',#2236,1.);
#2236 = DIRECTION('',(1.,0.,0.));
#2237 = ORIENTED_EDGE('',*,*,#2238,.T.);
#2238 = EDGE_CURVE('',#2231,#1479,#2239,.T.);
#2239 = LINE('',#2240,#2241);
#2240 = CARTESIAN_POINT('',(0.372727272727,0.372727272727,
    -3.781818181818));
#2241 = VECTOR('',#2242,1.);
#2242 = DIRECTION('',(0.301511344578,0.301511344578,0.904534033733));
#2243 = ORIENTED_EDGE('',*,*,#1478,.F.);
#2244 = PLANE('',#2245);
#2245 = AXIS2_PLACEMENT_3D('',#2246,#2247,#2248);
#2246 = CARTESIAN_POINT('',(-0.3,0.4,-3.7));
#2247 = DIRECTION('',(-3.476378920805E-18,0.948683298051,-0.316227766017
    ));
#2248 = DIRECTION('',(-1.,-3.297982619863E-18,1.099327539955E-18));
#2249 = ADVANCED_FACE('',(#2250),#2268,.F.);
#2250 = FACE_BOUND('',#2251,.T.);
#2251 = EDGE_LOOP('',(#2252,#2260,#2261,#2262));
#2252 = ORIENTED_EDGE('',*,*,#2253,.F.);
#2253 = EDGE_CURVE('',#2231,#2254,#2256,.T.);
#2254 = VERTEX_POINT('',#2255);
#2255 = CARTESIAN_POINT('',(0.3,-0.3,-4.));
#2256 = LINE('',#2257,#2258);
#2257 = CARTESIAN_POINT('',(0.3,0.5,-4.));
#2258 = VECTOR('',#2259,1.);
#2259 = DIRECTION('',(0.,-1.,0.));
#2260 = ORIENTED_EDGE('',*,*,#2238,.T.);
#2261 = ORIENTED_EDGE('',*,*,#1502,.T.);
#2262 = ORIENTED_EDGE('',*,*,#2263,.F.);
#2263 = EDGE_CURVE('',#2254,#1503,#2264,.T.);
#2264 = LINE('',#2265,#2266);
#2265 = CARTESIAN_POINT('',(0.327272727273,-0.327272727273,
    -3.918181818182));
#2266 = VECTOR('',#2267,1.);
#2267 = DIRECTION('',(0.301511344578,-0.301511344578,0.904534033733));
#2268 = PLANE('',#2269);
#2269 = AXIS2_PLACEMENT_3D('',#2270,#2271,#2272);
#2270 = CARTESIAN_POINT('',(0.4,0.5,-3.7));
#2271 = DIRECTION('',(-0.948683298051,3.476378920805E-18,0.316227766017)
  );
#2272 = DIRECTION('',(3.297982619863E-18,1.,-1.099327539955E-18));
#2273 = ADVANCED_FACE('',(#2274),#2285,.T.);
#2274 = FACE_BOUND('',#2275,.T.);
#2275 = EDGE_LOOP('',(#2276,#2277,#2283,#2284));
#2276 = ORIENTED_EDGE('',*,*,#2208,.F.);
#2277 = ORIENTED_EDGE('',*,*,#2278,.T.);
#2278 = EDGE_CURVE('',#2201,#2254,#2279,.T.);
#2279 = LINE('',#2280,#2281);
#2280 = CARTESIAN_POINT('',(-0.3,-0.3,-4.));
#2281 = VECTOR('',#2282,1.);
#2282 = DIRECTION('',(1.,0.,0.));
#2283 = ORIENTED_EDGE('',*,*,#2263,.T.);
#2284 = ORIENTED_EDGE('',*,*,#1527,.F.);
#2285 = PLANE('',#2286);
#2286 = AXIS2_PLACEMENT_3D('',#2287,#2288,#2289);
#2287 = CARTESIAN_POINT('',(-0.3,-0.4,-3.7));
#2288 = DIRECTION('',(3.476378920805E-18,-0.948683298051,-0.316227766017
    ));
#2289 = DIRECTION('',(1.,3.297982619863E-18,1.099327539955E-18));
#2290 = ADVANCED_FACE('',(#2291),#2316,.T.);
#2291 = FACE_BOUND('',#2292,.T.);
#2292 = EDGE_LOOP('',(#2293,#2301,#2309,#2315));
#2293 = ORIENTED_EDGE('',*,*,#2294,.F.);
#2294 = EDGE_CURVE('',#2295,#1544,#2297,.T.);
#2295 = VERTEX_POINT('',#2296);
#2296 = CARTESIAN_POINT('',(4.78,-0.3,-4.));
#2297 = LINE('',#2298,#2299);
#2298 = CARTESIAN_POINT('',(4.725454545455,-0.354545454545,
    -3.836363636364));
#2299 = VECTOR('',#2300,1.);
#2300 = DIRECTION('',(-0.301511344578,-0.301511344578,0.904534033733));
#2301 = ORIENTED_EDGE('',*,*,#2302,.T.);
#2302 = EDGE_CURVE('',#2295,#2303,#2305,.T.);
#2303 = VERTEX_POINT('',#2304);
#2304 = CARTESIAN_POINT('',(5.38,-0.3,-4.));
#2305 = LINE('',#2306,#2307);
#2306 = CARTESIAN_POINT('',(4.78,-0.3,-4.));
#2307 = VECTOR('',#2308,1.);
#2308 = DIRECTION('',(1.,0.,0.));
#2309 = ORIENTED_EDGE('',*,*,#2310,.T.);
#2310 = EDGE_CURVE('',#2303,#1552,#2311,.T.);
#2311 = LINE('',#2312,#2313);
#2312 = CARTESIAN_POINT('',(5.407272727273,-0.327272727273,
    -3.918181818182));
#2313 = VECTOR('',#2314,1.);
#2314 = DIRECTION('',(0.301511344578,-0.301511344578,0.904534033733));
#2315 = ORIENTED_EDGE('',*,*,#1551,.F.);
#2316 = PLANE('',#2317);
#2317 = AXIS2_PLACEMENT_3D('',#2318,#2319,#2320);
#2318 = CARTESIAN_POINT('',(4.78,-0.4,-3.7));
#2319 = DIRECTION('',(3.476378920805E-18,-0.948683298051,-0.316227766017
    ));
#2320 = DIRECTION('',(1.,3.297982619863E-18,1.099327539955E-18));
#2321 = ADVANCED_FACE('',(#2322),#2340,.T.);
#2322 = FACE_BOUND('',#2323,.T.);
#2323 = EDGE_LOOP('',(#2324,#2332,#2333,#2334));
#2324 = ORIENTED_EDGE('',*,*,#2325,.T.);
#2325 = EDGE_CURVE('',#2326,#2295,#2328,.T.);
#2326 = VERTEX_POINT('',#2327);
#2327 = CARTESIAN_POINT('',(4.78,0.3,-4.));
#2328 = LINE('',#2329,#2330);
#2329 = CARTESIAN_POINT('',(4.78,0.5,-4.));
#2330 = VECTOR('',#2331,1.);
#2331 = DIRECTION('',(0.,-1.,0.));
#2332 = ORIENTED_EDGE('',*,*,#2294,.T.);
#2333 = ORIENTED_EDGE('',*,*,#1574,.F.);
#2334 = ORIENTED_EDGE('',*,*,#2335,.F.);
#2335 = EDGE_CURVE('',#2326,#1575,#2336,.T.);
#2336 = LINE('',#2337,#2338);
#2337 = CARTESIAN_POINT('',(4.68,0.4,-3.7));
#2338 = VECTOR('',#2339,1.);
#2339 = DIRECTION('',(-0.301511344578,0.301511344578,0.904534033733));
#2340 = PLANE('',#2341);
#2341 = AXIS2_PLACEMENT_3D('',#2342,#2343,#2344);
#2342 = CARTESIAN_POINT('',(4.68,0.5,-3.7));
#2343 = DIRECTION('',(-0.948683298051,-3.476378920805E-18,
    -0.316227766017));
#2344 = DIRECTION('',(3.297982619863E-18,-1.,1.099327539955E-18));
#2345 = ADVANCED_FACE('',(#2346),#2364,.T.);
#2346 = FACE_BOUND('',#2347,.F.);
#2347 = EDGE_LOOP('',(#2348,#2349,#2357,#2363));
#2348 = ORIENTED_EDGE('',*,*,#2335,.F.);
#2349 = ORIENTED_EDGE('',*,*,#2350,.T.);
#2350 = EDGE_CURVE('',#2326,#2351,#2353,.T.);
#2351 = VERTEX_POINT('',#2352);
#2352 = CARTESIAN_POINT('',(5.38,0.3,-4.));
#2353 = LINE('',#2354,#2355);
#2354 = CARTESIAN_POINT('',(4.78,0.3,-4.));
#2355 = VECTOR('',#2356,1.);
#2356 = DIRECTION('',(1.,0.,0.));
#2357 = ORIENTED_EDGE('',*,*,#2358,.T.);
#2358 = EDGE_CURVE('',#2351,#1599,#2359,.T.);
#2359 = LINE('',#2360,#2361);
#2360 = CARTESIAN_POINT('',(5.452727272727,0.372727272727,
    -3.781818181818));
#2361 = VECTOR('',#2362,1.);
#2362 = DIRECTION('',(0.301511344578,0.301511344578,0.904534033733));
#2363 = ORIENTED_EDGE('',*,*,#1598,.F.);
#2364 = PLANE('',#2365);
#2365 = AXIS2_PLACEMENT_3D('',#2366,#2367,#2368);
#2366 = CARTESIAN_POINT('',(4.78,0.4,-3.7));
#2367 = DIRECTION('',(-3.476378920805E-18,0.948683298051,-0.316227766017
    ));
#2368 = DIRECTION('',(-1.,-3.297982619863E-18,1.099327539955E-18));
#2369 = ADVANCED_FACE('',(#2370),#2381,.F.);
#2370 = FACE_BOUND('',#2371,.T.);
#2371 = EDGE_LOOP('',(#2372,#2378,#2379,#2380));
#2372 = ORIENTED_EDGE('',*,*,#2373,.F.);
#2373 = EDGE_CURVE('',#2351,#2303,#2374,.T.);
#2374 = LINE('',#2375,#2376);
#2375 = CARTESIAN_POINT('',(5.38,0.5,-4.));
#2376 = VECTOR('',#2377,1.);
#2377 = DIRECTION('',(0.,-1.,0.));
#2378 = ORIENTED_EDGE('',*,*,#2358,.T.);
#2379 = ORIENTED_EDGE('',*,*,#1622,.T.);
#2380 = ORIENTED_EDGE('',*,*,#2310,.F.);
#2381 = PLANE('',#2382);
#2382 = AXIS2_PLACEMENT_3D('',#2383,#2384,#2385);
#2383 = CARTESIAN_POINT('',(5.48,0.5,-3.7));
#2384 = DIRECTION('',(-0.948683298051,3.476378920805E-18,0.316227766017)
  );
#2385 = DIRECTION('',(3.297982619863E-18,1.,-1.099327539955E-18));
#2386 = ADVANCED_FACE('',(#2387),#2412,.T.);
#2387 = FACE_BOUND('',#2388,.T.);
#2388 = EDGE_LOOP('',(#2389,#2399,#2405,#2406));
#2389 = ORIENTED_EDGE('',*,*,#2390,.T.);
#2390 = EDGE_CURVE('',#2391,#2393,#2395,.T.);
#2391 = VERTEX_POINT('',#2392);
#2392 = CARTESIAN_POINT('',(9.86,0.3,-4.));
#2393 = VERTEX_POINT('',#2394);
#2394 = CARTESIAN_POINT('',(9.86,-0.3,-4.));
#2395 = LINE('',#2396,#2397);
#2396 = CARTESIAN_POINT('',(9.86,0.5,-4.));
#2397 = VECTOR('',#2398,1.);
#2398 = DIRECTION('',(0.,-1.,0.));
#2399 = ORIENTED_EDGE('',*,*,#2400,.T.);
#2400 = EDGE_CURVE('',#2393,#1642,#2401,.T.);
#2401 = LINE('',#2402,#2403);
#2402 = CARTESIAN_POINT('',(9.805454545455,-0.354545454545,
    -3.836363636364));
#2403 = VECTOR('',#2404,1.);
#2404 = DIRECTION('',(-0.301511344578,-0.301511344578,0.904534033733));
#2405 = ORIENTED_EDGE('',*,*,#1639,.F.);
#2406 = ORIENTED_EDGE('',*,*,#2407,.F.);
#2407 = EDGE_CURVE('',#2391,#1640,#2408,.T.);
#2408 = LINE('',#2409,#2410);
#2409 = CARTESIAN_POINT('',(9.76,0.4,-3.7));
#2410 = VECTOR('',#2411,1.);
#2411 = DIRECTION('',(-0.301511344578,0.301511344578,0.904534033733));
#2412 = PLANE('',#2413);
#2413 = AXIS2_PLACEMENT_3D('',#2414,#2415,#2416);
#2414 = CARTESIAN_POINT('',(9.76,0.5,-3.7));
#2415 = DIRECTION('',(-0.948683298051,-3.476378920805E-18,
    -0.316227766017));
#2416 = DIRECTION('',(3.297982619863E-18,-1.,1.099327539955E-18));
#2417 = ADVANCED_FACE('',(#2418),#2436,.T.);
#2418 = FACE_BOUND('',#2419,.F.);
#2419 = EDGE_LOOP('',(#2420,#2421,#2429,#2435));
#2420 = ORIENTED_EDGE('',*,*,#2407,.F.);
#2421 = ORIENTED_EDGE('',*,*,#2422,.T.);
#2422 = EDGE_CURVE('',#2391,#2423,#2425,.T.);
#2423 = VERTEX_POINT('',#2424);
#2424 = CARTESIAN_POINT('',(10.46,0.3,-4.));
#2425 = LINE('',#2426,#2427);
#2426 = CARTESIAN_POINT('',(9.86,0.3,-4.));
#2427 = VECTOR('',#2428,1.);
#2428 = DIRECTION('',(1.,0.,0.));
#2429 = ORIENTED_EDGE('',*,*,#2430,.T.);
#2430 = EDGE_CURVE('',#2423,#1671,#2431,.T.);
#2431 = LINE('',#2432,#2433);
#2432 = CARTESIAN_POINT('',(10.532727272727,0.372727272727,
    -3.781818181818));
#2433 = VECTOR('',#2434,1.);
#2434 = DIRECTION('',(0.301511344578,0.301511344578,0.904534033733));
#2435 = ORIENTED_EDGE('',*,*,#1670,.F.);
#2436 = PLANE('',#2437);
#2437 = AXIS2_PLACEMENT_3D('',#2438,#2439,#2440);
#2438 = CARTESIAN_POINT('',(9.86,0.4,-3.7));
#2439 = DIRECTION('',(-3.476378920805E-18,0.948683298051,-0.316227766017
    ));
#2440 = DIRECTION('',(-1.,-3.297982619863E-18,1.099327539955E-18));
#2441 = ADVANCED_FACE('',(#2442),#2460,.F.);
#2442 = FACE_BOUND('',#2443,.T.);
#2443 = EDGE_LOOP('',(#2444,#2452,#2453,#2454));
#2444 = ORIENTED_EDGE('',*,*,#2445,.F.);
#2445 = EDGE_CURVE('',#2423,#2446,#2448,.T.);
#2446 = VERTEX_POINT('',#2447);
#2447 = CARTESIAN_POINT('',(10.46,-0.3,-4.));
#2448 = LINE('',#2449,#2450);
#2449 = CARTESIAN_POINT('',(10.46,0.5,-4.));
#2450 = VECTOR('',#2451,1.);
#2451 = DIRECTION('',(0.,-1.,0.));
#2452 = ORIENTED_EDGE('',*,*,#2430,.T.);
#2453 = ORIENTED_EDGE('',*,*,#1694,.T.);
#2454 = ORIENTED_EDGE('',*,*,#2455,.F.);
#2455 = EDGE_CURVE('',#2446,#1695,#2456,.T.);
#2456 = LINE('',#2457,#2458);
#2457 = CARTESIAN_POINT('',(10.487272727273,-0.327272727273,
    -3.918181818182));
#2458 = VECTOR('',#2459,1.);
#2459 = DIRECTION('',(0.301511344578,-0.301511344578,0.904534033733));
#2460 = PLANE('',#2461);
#2461 = AXIS2_PLACEMENT_3D('',#2462,#2463,#2464);
#2462 = CARTESIAN_POINT('',(10.56,0.5,-3.7));
#2463 = DIRECTION('',(-0.948683298051,3.476378920805E-18,0.316227766017)
  );
#2464 = DIRECTION('',(3.297982619863E-18,1.,-1.099327539955E-18));
#2465 = ADVANCED_FACE('',(#2466),#2477,.T.);
#2466 = FACE_BOUND('',#2467,.T.);
#2467 = EDGE_LOOP('',(#2468,#2469,#2475,#2476));
#2468 = ORIENTED_EDGE('',*,*,#2400,.F.);
#2469 = ORIENTED_EDGE('',*,*,#2470,.T.);
#2470 = EDGE_CURVE('',#2393,#2446,#2471,.T.);
#2471 = LINE('',#2472,#2473);
#2472 = CARTESIAN_POINT('',(9.86,-0.3,-4.));
#2473 = VECTOR('',#2474,1.);
#2474 = DIRECTION('',(1.,0.,0.));
#2475 = ORIENTED_EDGE('',*,*,#2455,.T.);
#2476 = ORIENTED_EDGE('',*,*,#1719,.F.);
#2477 = PLANE('',#2478);
#2478 = AXIS2_PLACEMENT_3D('',#2479,#2480,#2481);
#2479 = CARTESIAN_POINT('',(9.86,-0.4,-3.7));
#2480 = DIRECTION('',(3.476378920805E-18,-0.948683298051,-0.316227766017
    ));
#2481 = DIRECTION('',(1.,3.297982619863E-18,1.099327539955E-18));
#2482 = ADVANCED_FACE('',(#2483),#2494,.F.);
#2483 = FACE_BOUND('',#2484,.F.);
#2484 = EDGE_LOOP('',(#2485,#2491,#2492,#2493));
#2485 = ORIENTED_EDGE('',*,*,#2486,.T.);
#2486 = EDGE_CURVE('',#1761,#1884,#2487,.T.);
#2487 = LINE('',#2488,#2489);
#2488 = CARTESIAN_POINT('',(0.75,-8.5,8.6));
#2489 = VECTOR('',#2490,1.);
#2490 = DIRECTION('',(0.,-2.22044604925E-16,-1.));
#2491 = ORIENTED_EDGE('',*,*,#1883,.T.);
#2492 = ORIENTED_EDGE('',*,*,#1835,.F.);
#2493 = ORIENTED_EDGE('',*,*,#1760,.T.);
#2494 = PLANE('',#2495);
#2495 = AXIS2_PLACEMENT_3D('',#2496,#2497,#2498);
#2496 = CARTESIAN_POINT('',(0.75,-8.5,8.6));
#2497 = DIRECTION('',(-0.,1.,-2.22044604925E-16));
#2498 = DIRECTION('',(-1.,0.,0.));
#2499 = ADVANCED_FACE('',(#2500),#2525,.T.);
#2500 = FACE_BOUND('',#2501,.T.);
#2501 = EDGE_LOOP('',(#2502,#2510,#2518,#2524));
#2502 = ORIENTED_EDGE('',*,*,#2503,.F.);
#2503 = EDGE_CURVE('',#2504,#1761,#2506,.T.);
#2504 = VERTEX_POINT('',#2505);
#2505 = CARTESIAN_POINT('',(1.,-10.,8.));
#2506 = LINE('',#2507,#2508);
#2507 = CARTESIAN_POINT('',(0.930074836296,-9.580449017774,
    8.167820392891));
#2508 = VECTOR('',#2509,1.);
#2509 = DIRECTION('',(-0.152925937552,0.91755562531,0.367022250124));
#2510 = ORIENTED_EDGE('',*,*,#2511,.T.);
#2511 = EDGE_CURVE('',#2504,#2512,#2514,.T.);
#2512 = VERTEX_POINT('',#2513);
#2513 = CARTESIAN_POINT('',(4.08,-10.,8.));
#2514 = LINE('',#2515,#2516);
#2515 = CARTESIAN_POINT('',(-3.54,-10.,8.));
#2516 = VECTOR('',#2517,1.);
#2517 = DIRECTION('',(1.,0.,0.));
#2518 = ORIENTED_EDGE('',*,*,#2519,.F.);
#2519 = EDGE_CURVE('',#1769,#2512,#2520,.T.);
#2520 = LINE('',#2521,#2522);
#2521 = CARTESIAN_POINT('',(4.115898035547,-9.784611786717,
    8.086155285313));
#2522 = VECTOR('',#2523,1.);
#2523 = DIRECTION('',(-0.152925937552,-0.91755562531,-0.367022250124));
#2524 = ORIENTED_EDGE('',*,*,#1768,.F.);
#2525 = PLANE('',#2526);
#2526 = AXIS2_PLACEMENT_3D('',#2527,#2528,#2529);
#2527 = CARTESIAN_POINT('',(-3.54,-10.,8.));
#2528 = DIRECTION('',(0.,-0.371390676354,0.928476690885));
#2529 = DIRECTION('',(0.,0.928476690885,0.371390676354));
#2530 = ADVANCED_FACE('',(#2531),#2547,.F.);
#2531 = FACE_BOUND('',#2532,.F.);
#2532 = EDGE_LOOP('',(#2533,#2539,#2540,#2546));
#2533 = ORIENTED_EDGE('',*,*,#2534,.T.);
#2534 = EDGE_CURVE('',#1777,#1916,#2535,.T.);
#2535 = LINE('',#2536,#2537);
#2536 = CARTESIAN_POINT('',(5.83,-8.5,8.6));
#2537 = VECTOR('',#2538,1.);
#2538 = DIRECTION('',(0.,-2.22044604925E-16,-1.));
#2539 = ORIENTED_EDGE('',*,*,#1915,.T.);
#2540 = ORIENTED_EDGE('',*,*,#2541,.F.);
#2541 = EDGE_CURVE('',#1769,#1908,#2542,.T.);
#2542 = LINE('',#2543,#2544);
#2543 = CARTESIAN_POINT('',(4.33,-8.5,8.6));
#2544 = VECTOR('',#2545,1.);
#2545 = DIRECTION('',(0.,-2.22044604925E-16,-1.));
#2546 = ORIENTED_EDGE('',*,*,#1776,.T.);
#2547 = PLANE('',#2548);
#2548 = AXIS2_PLACEMENT_3D('',#2549,#2550,#2551);
#2549 = CARTESIAN_POINT('',(5.83,-8.5,8.6));
#2550 = DIRECTION('',(-0.,1.,-2.22044604925E-16));
#2551 = DIRECTION('',(-1.,0.,0.));
#2552 = ADVANCED_FACE('',(#2553),#2578,.T.);
#2553 = FACE_BOUND('',#2554,.T.);
#2554 = EDGE_LOOP('',(#2555,#2563,#2571,#2577));
#2555 = ORIENTED_EDGE('',*,*,#2556,.F.);
#2556 = EDGE_CURVE('',#2557,#1777,#2559,.T.);
#2557 = VERTEX_POINT('',#2558);
#2558 = CARTESIAN_POINT('',(6.08,-10.,8.));
#2559 = LINE('',#2560,#2561);
#2560 = CARTESIAN_POINT('',(5.95067352666,-9.224041159963,8.310383536015
    ));
#2561 = VECTOR('',#2562,1.);
#2562 = DIRECTION('',(-0.152925937552,0.91755562531,0.367022250124));
#2563 = ORIENTED_EDGE('',*,*,#2564,.T.);
#2564 = EDGE_CURVE('',#2557,#2565,#2567,.T.);
#2565 = VERTEX_POINT('',#2566);
#2566 = CARTESIAN_POINT('',(9.16,-10.,8.));
#2567 = LINE('',#2568,#2569);
#2568 = CARTESIAN_POINT('',(-3.54,-10.,8.));
#2569 = VECTOR('',#2570,1.);
#2570 = DIRECTION('',(1.,0.,0.));
#2571 = ORIENTED_EDGE('',*,*,#2572,.F.);
#2572 = EDGE_CURVE('',#1785,#2565,#2573,.T.);
#2573 = LINE('',#2574,#2575);
#2574 = CARTESIAN_POINT('',(9.136496725912,-10.14101964452,
    7.943592142189));
#2575 = VECTOR('',#2576,1.);
#2576 = DIRECTION('',(-0.152925937552,-0.91755562531,-0.367022250124));
#2577 = ORIENTED_EDGE('',*,*,#1784,.F.);
#2578 = PLANE('',#2579);
#2579 = AXIS2_PLACEMENT_3D('',#2580,#2581,#2582);
#2580 = CARTESIAN_POINT('',(-3.54,-10.,8.));
#2581 = DIRECTION('',(0.,-0.371390676354,0.928476690885));
#2582 = DIRECTION('',(0.,0.928476690885,0.371390676354));
#2583 = ADVANCED_FACE('',(#2584),#2595,.F.);
#2584 = FACE_BOUND('',#2585,.F.);
#2585 = EDGE_LOOP('',(#2586,#2587,#2588,#2594));
#2586 = ORIENTED_EDGE('',*,*,#2184,.T.);
#2587 = ORIENTED_EDGE('',*,*,#1947,.T.);
#2588 = ORIENTED_EDGE('',*,*,#2589,.F.);
#2589 = EDGE_CURVE('',#1785,#1940,#2590,.T.);
#2590 = LINE('',#2591,#2592);
#2591 = CARTESIAN_POINT('',(9.41,-8.5,8.6));
#2592 = VECTOR('',#2593,1.);
#2593 = DIRECTION('',(0.,-2.22044604925E-16,-1.));
#2594 = ORIENTED_EDGE('',*,*,#1792,.T.);
#2595 = PLANE('',#2596);
#2596 = AXIS2_PLACEMENT_3D('',#2597,#2598,#2599);
#2597 = CARTESIAN_POINT('',(10.91,-8.5,8.6));
#2598 = DIRECTION('',(-0.,1.,-2.22044604925E-16));
#2599 = DIRECTION('',(-1.,0.,0.));
#2600 = ADVANCED_FACE('',(#2601),#2612,.F.);
#2601 = FACE_BOUND('',#2602,.F.);
#2602 = EDGE_LOOP('',(#2603,#2604,#2605,#2606));
#2603 = ORIENTED_EDGE('',*,*,#2572,.F.);
#2604 = ORIENTED_EDGE('',*,*,#2589,.T.);
#2605 = ORIENTED_EDGE('',*,*,#1939,.T.);
#2606 = ORIENTED_EDGE('',*,*,#2607,.F.);
#2607 = EDGE_CURVE('',#2565,#1932,#2608,.T.);
#2608 = LINE('',#2609,#2610);
#2609 = CARTESIAN_POINT('',(9.16,-10.,8.6));
#2610 = VECTOR('',#2611,1.);
#2611 = DIRECTION('',(0.,-2.22044604925E-16,-1.));
#2612 = PLANE('',#2613);
#2613 = AXIS2_PLACEMENT_3D('',#2614,#2615,#2616);
#2614 = CARTESIAN_POINT('',(9.41,-8.5,8.6));
#2615 = DIRECTION('',(-0.986393923832,0.164398987305,-3.65039081863E-17)
  );
#2616 = DIRECTION('',(-0.164398987305,-0.986393923832,2.190234491178E-16
    ));
#2617 = ADVANCED_FACE('',(#2618),#2629,.T.);
#2618 = FACE_BOUND('',#2619,.T.);
#2619 = EDGE_LOOP('',(#2620,#2621,#2622,#2628));
#2620 = ORIENTED_EDGE('',*,*,#2607,.F.);
#2621 = ORIENTED_EDGE('',*,*,#2564,.F.);
#2622 = ORIENTED_EDGE('',*,*,#2623,.T.);
#2623 = EDGE_CURVE('',#2557,#1924,#2624,.T.);
#2624 = LINE('',#2625,#2626);
#2625 = CARTESIAN_POINT('',(6.08,-10.,8.6));
#2626 = VECTOR('',#2627,1.);
#2627 = DIRECTION('',(0.,-2.22044604925E-16,-1.));
#2628 = ORIENTED_EDGE('',*,*,#1931,.F.);
#2629 = PLANE('',#2630);
#2630 = AXIS2_PLACEMENT_3D('',#2631,#2632,#2633);
#2631 = CARTESIAN_POINT('',(-3.54,-10.,2.6645352591E-15));
#2632 = DIRECTION('',(0.,-1.,2.22044604925E-16));
#2633 = DIRECTION('',(0.,2.22044604925E-16,1.));
#2634 = ADVANCED_FACE('',(#2635),#2641,.F.);
#2635 = FACE_BOUND('',#2636,.F.);
#2636 = EDGE_LOOP('',(#2637,#2638,#2639,#2640));
#2637 = ORIENTED_EDGE('',*,*,#2556,.F.);
#2638 = ORIENTED_EDGE('',*,*,#2623,.T.);
#2639 = ORIENTED_EDGE('',*,*,#1923,.T.);
#2640 = ORIENTED_EDGE('',*,*,#2534,.F.);
#2641 = PLANE('',#2642);
#2642 = AXIS2_PLACEMENT_3D('',#2643,#2644,#2645);
#2643 = CARTESIAN_POINT('',(6.08,-10.,8.6));
#2644 = DIRECTION('',(0.986393923832,0.164398987305,-3.65039081863E-17)
  );
#2645 = DIRECTION('',(-0.164398987305,0.986393923832,-2.190234491178E-16
    ));
#2646 = ADVANCED_FACE('',(#2647),#2658,.F.);
#2647 = FACE_BOUND('',#2648,.F.);
#2648 = EDGE_LOOP('',(#2649,#2650,#2651,#2652));
#2649 = ORIENTED_EDGE('',*,*,#2519,.F.);
#2650 = ORIENTED_EDGE('',*,*,#2541,.T.);
#2651 = ORIENTED_EDGE('',*,*,#1907,.T.);
#2652 = ORIENTED_EDGE('',*,*,#2653,.F.);
#2653 = EDGE_CURVE('',#2512,#1900,#2654,.T.);
#2654 = LINE('',#2655,#2656);
#2655 = CARTESIAN_POINT('',(4.08,-10.,8.6));
#2656 = VECTOR('',#2657,1.);
#2657 = DIRECTION('',(0.,-2.22044604925E-16,-1.));
#2658 = PLANE('',#2659);
#2659 = AXIS2_PLACEMENT_3D('',#2660,#2661,#2662);
#2660 = CARTESIAN_POINT('',(4.33,-8.5,8.6));
#2661 = DIRECTION('',(-0.986393923832,0.164398987305,-3.65039081863E-17)
  );
#2662 = DIRECTION('',(-0.164398987305,-0.986393923832,2.190234491178E-16
    ));
#2663 = ADVANCED_FACE('',(#2664),#2675,.T.);
#2664 = FACE_BOUND('',#2665,.T.);
#2665 = EDGE_LOOP('',(#2666,#2667,#2673,#2674));
#2666 = ORIENTED_EDGE('',*,*,#2511,.F.);
#2667 = ORIENTED_EDGE('',*,*,#2668,.T.);
#2668 = EDGE_CURVE('',#2504,#1892,#2669,.T.);
#2669 = LINE('',#2670,#2671);
#2670 = CARTESIAN_POINT('',(1.,-10.,8.6));
#2671 = VECTOR('',#2672,1.);
#2672 = DIRECTION('',(0.,-2.22044604925E-16,-1.));
#2673 = ORIENTED_EDGE('',*,*,#1899,.F.);
#2674 = ORIENTED_EDGE('',*,*,#2653,.F.);
#2675 = PLANE('',#2676);
#2676 = AXIS2_PLACEMENT_3D('',#2677,#2678,#2679);
#2677 = CARTESIAN_POINT('',(-3.54,-10.,2.6645352591E-15));
#2678 = DIRECTION('',(0.,-1.,2.22044604925E-16));
#2679 = DIRECTION('',(0.,2.22044604925E-16,1.));
#2680 = ADVANCED_FACE('',(#2681),#2687,.F.);
#2681 = FACE_BOUND('',#2682,.F.);
#2682 = EDGE_LOOP('',(#2683,#2684,#2685,#2686));
#2683 = ORIENTED_EDGE('',*,*,#2503,.F.);
#2684 = ORIENTED_EDGE('',*,*,#2668,.T.);
#2685 = ORIENTED_EDGE('',*,*,#1891,.T.);
#2686 = ORIENTED_EDGE('',*,*,#2486,.F.);
#2687 = PLANE('',#2688);
#2688 = AXIS2_PLACEMENT_3D('',#2689,#2690,#2691);
#2689 = CARTESIAN_POINT('',(1.,-10.,8.6));
#2690 = DIRECTION('',(0.986393923832,0.164398987305,-3.65039081863E-17)
  );
#2691 = DIRECTION('',(-0.164398987305,0.986393923832,-2.190234491178E-16
    ));
#2692 = ADVANCED_FACE('',(#2693,#2705,#2739,#2773),#2807,.T.);
#2693 = FACE_BOUND('',#2694,.T.);
#2694 = EDGE_LOOP('',(#2695,#2696,#2697,#2698,#2699,#2700,#2701,#2702,
    #2703,#2704));
#2695 = ORIENTED_EDGE('',*,*,#1995,.T.);
#2696 = ORIENTED_EDGE('',*,*,#2018,.T.);
#2697 = ORIENTED_EDGE('',*,*,#2044,.T.);
#2698 = ORIENTED_EDGE('',*,*,#2067,.T.);
#2699 = ORIENTED_EDGE('',*,*,#2093,.T.);
#2700 = ORIENTED_EDGE('',*,*,#2116,.T.);
#2701 = ORIENTED_EDGE('',*,*,#2142,.T.);
#2702 = ORIENTED_EDGE('',*,*,#2165,.T.);
#2703 = ORIENTED_EDGE('',*,*,#1867,.T.);
#2704 = ORIENTED_EDGE('',*,*,#1970,.T.);
#2705 = FACE_BOUND('',#2706,.T.);
#2706 = EDGE_LOOP('',(#2707,#2717,#2725,#2733));
#2707 = ORIENTED_EDGE('',*,*,#2708,.F.);
#2708 = EDGE_CURVE('',#2709,#2711,#2713,.T.);
#2709 = VERTEX_POINT('',#2710);
#2710 = CARTESIAN_POINT('',(10.66,-1.5,4.3));
#2711 = VERTEX_POINT('',#2712);
#2712 = CARTESIAN_POINT('',(9.66,-1.5,4.3));
#2713 = LINE('',#2714,#2715);
#2714 = CARTESIAN_POINT('',(7.37,-1.5,4.3));
#2715 = VECTOR('',#2716,1.);
#2716 = DIRECTION('',(-1.,3.180200078144E-32,0.));
#2717 = ORIENTED_EDGE('',*,*,#2718,.T.);
#2718 = EDGE_CURVE('',#2709,#2719,#2721,.T.);
#2719 = VERTEX_POINT('',#2720);
#2720 = CARTESIAN_POINT('',(10.66,-1.5,3.3));
#2721 = LINE('',#2722,#2723);
#2722 = CARTESIAN_POINT('',(10.66,-1.5,2.921144176878));
#2723 = VECTOR('',#2724,1.);
#2724 = DIRECTION('',(0.,-2.22044604925E-16,-1.));
#2725 = ORIENTED_EDGE('',*,*,#2726,.F.);
#2726 = EDGE_CURVE('',#2727,#2719,#2729,.T.);
#2727 = VERTEX_POINT('',#2728);
#2728 = CARTESIAN_POINT('',(9.66,-1.5,3.3));
#2729 = LINE('',#2730,#2731);
#2730 = CARTESIAN_POINT('',(7.37,-1.5,3.3));
#2731 = VECTOR('',#2732,1.);
#2732 = DIRECTION('',(1.,-3.180200078144E-32,0.));
#2733 = ORIENTED_EDGE('',*,*,#2734,.F.);
#2734 = EDGE_CURVE('',#2711,#2727,#2735,.T.);
#2735 = LINE('',#2736,#2737);
#2736 = CARTESIAN_POINT('',(9.66,-1.5,2.921144176878));
#2737 = VECTOR('',#2738,1.);
#2738 = DIRECTION('',(0.,-2.22044604925E-16,-1.));
#2739 = FACE_BOUND('',#2740,.T.);
#2740 = EDGE_LOOP('',(#2741,#2751,#2759,#2767));
#2741 = ORIENTED_EDGE('',*,*,#2742,.F.);
#2742 = EDGE_CURVE('',#2743,#2745,#2747,.T.);
#2743 = VERTEX_POINT('',#2744);
#2744 = CARTESIAN_POINT('',(5.58,-1.5,4.3));
#2745 = VERTEX_POINT('',#2746);
#2746 = CARTESIAN_POINT('',(4.58,-1.5,4.3));
#2747 = LINE('',#2748,#2749);
#2748 = CARTESIAN_POINT('',(4.83,-1.5,4.3));
#2749 = VECTOR('',#2750,1.);
#2750 = DIRECTION('',(-1.,3.180200078144E-32,0.));
#2751 = ORIENTED_EDGE('',*,*,#2752,.T.);
#2752 = EDGE_CURVE('',#2743,#2753,#2755,.T.);
#2753 = VERTEX_POINT('',#2754);
#2754 = CARTESIAN_POINT('',(5.58,-1.5,3.3));
#2755 = LINE('',#2756,#2757);
#2756 = CARTESIAN_POINT('',(5.58,-1.5,2.921144176878));
#2757 = VECTOR('',#2758,1.);
#2758 = DIRECTION('',(0.,-2.22044604925E-16,-1.));
#2759 = ORIENTED_EDGE('',*,*,#2760,.F.);
#2760 = EDGE_CURVE('',#2761,#2753,#2763,.T.);
#2761 = VERTEX_POINT('',#2762);
#2762 = CARTESIAN_POINT('',(4.58,-1.5,3.3));
#2763 = LINE('',#2764,#2765);
#2764 = CARTESIAN_POINT('',(4.83,-1.5,3.3));
#2765 = VECTOR('',#2766,1.);
#2766 = DIRECTION('',(1.,-3.180200078144E-32,0.));
#2767 = ORIENTED_EDGE('',*,*,#2768,.F.);
#2768 = EDGE_CURVE('',#2745,#2761,#2769,.T.);
#2769 = LINE('',#2770,#2771);
#2770 = CARTESIAN_POINT('',(4.58,-1.5,2.921144176878));
#2771 = VECTOR('',#2772,1.);
#2772 = DIRECTION('',(0.,-2.22044604925E-16,-1.));
#2773 = FACE_BOUND('',#2774,.T.);
#2774 = EDGE_LOOP('',(#2775,#2785,#2793,#2801));
#2775 = ORIENTED_EDGE('',*,*,#2776,.F.);
#2776 = EDGE_CURVE('',#2777,#2779,#2781,.T.);
#2777 = VERTEX_POINT('',#2778);
#2778 = CARTESIAN_POINT('',(-0.5,-1.5,4.3));
#2779 = VERTEX_POINT('',#2780);
#2780 = CARTESIAN_POINT('',(-0.5,-1.5,3.3));
#2781 = LINE('',#2782,#2783);
#2782 = CARTESIAN_POINT('',(-0.5,-1.5,2.921144176878));
#2783 = VECTOR('',#2784,1.);
#2784 = DIRECTION('',(0.,-2.22044604925E-16,-1.));
#2785 = ORIENTED_EDGE('',*,*,#2786,.F.);
#2786 = EDGE_CURVE('',#2787,#2777,#2789,.T.);
#2787 = VERTEX_POINT('',#2788);
#2788 = CARTESIAN_POINT('',(0.5,-1.5,4.3));
#2789 = LINE('',#2790,#2791);
#2790 = CARTESIAN_POINT('',(2.29,-1.5,4.3));
#2791 = VECTOR('',#2792,1.);
#2792 = DIRECTION('',(-1.,3.180200078144E-32,0.));
#2793 = ORIENTED_EDGE('',*,*,#2794,.T.);
#2794 = EDGE_CURVE('',#2787,#2795,#2797,.T.);
#2795 = VERTEX_POINT('',#2796);
#2796 = CARTESIAN_POINT('',(0.5,-1.5,3.3));
#2797 = LINE('',#2798,#2799);
#2798 = CARTESIAN_POINT('',(0.5,-1.5,2.921144176878));
#2799 = VECTOR('',#2800,1.);
#2800 = DIRECTION('',(0.,-2.22044604925E-16,-1.));
#2801 = ORIENTED_EDGE('',*,*,#2802,.F.);
#2802 = EDGE_CURVE('',#2779,#2795,#2803,.T.);
#2803 = LINE('',#2804,#2805);
#2804 = CARTESIAN_POINT('',(2.29,-1.5,3.3));
#2805 = VECTOR('',#2806,1.);
#2806 = DIRECTION('',(1.,-3.180200078144E-32,0.));
#2807 = PLANE('',#2808);
#2808 = AXIS2_PLACEMENT_3D('',#2809,#2810,#2811);
#2809 = CARTESIAN_POINT('',(5.08,-1.5,4.105580948287));
#2810 = DIRECTION('',(-3.180200078144E-32,-1.,2.22044604925E-16));
#2811 = DIRECTION('',(0.,2.22044604925E-16,1.));
#2812 = ADVANCED_FACE('',(#2813),#2819,.T.);
#2813 = FACE_BOUND('',#2814,.T.);
#2814 = EDGE_LOOP('',(#2815,#2816,#2817,#2818));
#2815 = ORIENTED_EDGE('',*,*,#2198,.F.);
#2816 = ORIENTED_EDGE('',*,*,#2230,.T.);
#2817 = ORIENTED_EDGE('',*,*,#2253,.T.);
#2818 = ORIENTED_EDGE('',*,*,#2278,.F.);
#2819 = PLANE('',#2820);
#2820 = AXIS2_PLACEMENT_3D('',#2821,#2822,#2823);
#2821 = CARTESIAN_POINT('',(-0.5,0.5,-4.));
#2822 = DIRECTION('',(0.,0.,-1.));
#2823 = DIRECTION('',(0.,-1.,0.));
#2824 = ADVANCED_FACE('',(#2825),#2831,.T.);
#2825 = FACE_BOUND('',#2826,.T.);
#2826 = EDGE_LOOP('',(#2827,#2828,#2829,#2830));
#2827 = ORIENTED_EDGE('',*,*,#2325,.F.);
#2828 = ORIENTED_EDGE('',*,*,#2350,.T.);
#2829 = ORIENTED_EDGE('',*,*,#2373,.T.);
#2830 = ORIENTED_EDGE('',*,*,#2302,.F.);
#2831 = PLANE('',#2832);
#2832 = AXIS2_PLACEMENT_3D('',#2833,#2834,#2835);
#2833 = CARTESIAN_POINT('',(4.58,0.5,-4.));
#2834 = DIRECTION('',(0.,0.,-1.));
#2835 = DIRECTION('',(0.,-1.,0.));
#2836 = ADVANCED_FACE('',(#2837),#2843,.T.);
#2837 = FACE_BOUND('',#2838,.T.);
#2838 = EDGE_LOOP('',(#2839,#2840,#2841,#2842));
#2839 = ORIENTED_EDGE('',*,*,#2390,.F.);
#2840 = ORIENTED_EDGE('',*,*,#2422,.T.);
#2841 = ORIENTED_EDGE('',*,*,#2445,.T.);
#2842 = ORIENTED_EDGE('',*,*,#2470,.F.);
#2843 = PLANE('',#2844);
#2844 = AXIS2_PLACEMENT_3D('',#2845,#2846,#2847);
#2845 = CARTESIAN_POINT('',(9.66,0.5,-4.));
#2846 = DIRECTION('',(0.,0.,-1.));
#2847 = DIRECTION('',(0.,-1.,0.));
#2848 = ADVANCED_FACE('',(#2849),#2874,.T.);
#2849 = FACE_BOUND('',#2850,.T.);
#2850 = EDGE_LOOP('',(#2851,#2859,#2867,#2873));
#2851 = ORIENTED_EDGE('',*,*,#2852,.F.);
#2852 = EDGE_CURVE('',#2853,#2711,#2855,.T.);
#2853 = VERTEX_POINT('',#2854);
#2854 = CARTESIAN_POINT('',(9.66,-7.4,4.3));
#2855 = LINE('',#2856,#2857);
#2856 = CARTESIAN_POINT('',(9.66,-8.,4.3));
#2857 = VECTOR('',#2858,1.);
#2858 = DIRECTION('',(0.,1.,0.));
#2859 = ORIENTED_EDGE('',*,*,#2860,.T.);
#2860 = EDGE_CURVE('',#2853,#2861,#2863,.T.);
#2861 = VERTEX_POINT('',#2862);
#2862 = CARTESIAN_POINT('',(10.66,-7.4,4.3));
#2863 = LINE('',#2864,#2865);
#2864 = CARTESIAN_POINT('',(9.86,-7.4,4.3));
#2865 = VECTOR('',#2866,1.);
#2866 = DIRECTION('',(1.,0.,0.));
#2867 = ORIENTED_EDGE('',*,*,#2868,.T.);
#2868 = EDGE_CURVE('',#2861,#2709,#2869,.T.);
#2869 = LINE('',#2870,#2871);
#2870 = CARTESIAN_POINT('',(10.66,-8.,4.3));
#2871 = VECTOR('',#2872,1.);
#2872 = DIRECTION('',(0.,1.,0.));
#2873 = ORIENTED_EDGE('',*,*,#2708,.T.);
#2874 = PLANE('',#2875);
#2875 = AXIS2_PLACEMENT_3D('',#2876,#2877,#2878);
#2876 = CARTESIAN_POINT('',(9.66,-8.,4.3));
#2877 = DIRECTION('',(0.,0.,1.));
#2878 = DIRECTION('',(0.,1.,0.));
#2879 = ADVANCED_FACE('',(#2880),#2898,.T.);
#2880 = FACE_BOUND('',#2881,.T.);
#2881 = EDGE_LOOP('',(#2882,#2883,#2891,#2897));
#2882 = ORIENTED_EDGE('',*,*,#2734,.T.);
#2883 = ORIENTED_EDGE('',*,*,#2884,.T.);
#2884 = EDGE_CURVE('',#2727,#2885,#2887,.T.);
#2885 = VERTEX_POINT('',#2886);
#2886 = CARTESIAN_POINT('',(9.66,-7.4,3.3));
#2887 = LINE('',#2888,#2889);
#2888 = CARTESIAN_POINT('',(9.66,-0.6,3.3));
#2889 = VECTOR('',#2890,1.);
#2890 = DIRECTION('',(0.,-1.,0.));
#2891 = ORIENTED_EDGE('',*,*,#2892,.T.);
#2892 = EDGE_CURVE('',#2885,#2853,#2893,.T.);
#2893 = LINE('',#2894,#2895);
#2894 = CARTESIAN_POINT('',(9.66,-7.4,3.3));
#2895 = VECTOR('',#2896,1.);
#2896 = DIRECTION('',(0.,0.,1.));
#2897 = ORIENTED_EDGE('',*,*,#2852,.T.);
#2898 = PLANE('',#2899);
#2899 = AXIS2_PLACEMENT_3D('',#2900,#2901,#2902);
#2900 = CARTESIAN_POINT('',(9.66,-2.164915238601,1.736707405469));
#2901 = DIRECTION('',(-1.,-0.,-0.));
#2902 = DIRECTION('',(0.,0.,-1.));
#2903 = ADVANCED_FACE('',(#2904),#2922,.T.);
#2904 = FACE_BOUND('',#2905,.T.);
#2905 = EDGE_LOOP('',(#2906,#2914,#2915,#2916));
#2906 = ORIENTED_EDGE('',*,*,#2907,.F.);
#2907 = EDGE_CURVE('',#2885,#2908,#2910,.T.);
#2908 = VERTEX_POINT('',#2909);
#2909 = CARTESIAN_POINT('',(10.66,-7.4,3.3));
#2910 = LINE('',#2911,#2912);
#2911 = CARTESIAN_POINT('',(9.86,-7.4,3.3));
#2912 = VECTOR('',#2913,1.);
#2913 = DIRECTION('',(1.,0.,0.));
#2914 = ORIENTED_EDGE('',*,*,#2884,.F.);
#2915 = ORIENTED_EDGE('',*,*,#2726,.T.);
#2916 = ORIENTED_EDGE('',*,*,#2917,.T.);
#2917 = EDGE_CURVE('',#2719,#2908,#2918,.T.);
#2918 = LINE('',#2919,#2920);
#2919 = CARTESIAN_POINT('',(10.66,-0.6,3.3));
#2920 = VECTOR('',#2921,1.);
#2921 = DIRECTION('',(0.,-1.,0.));
#2922 = PLANE('',#2923);
#2923 = AXIS2_PLACEMENT_3D('',#2924,#2925,#2926);
#2924 = CARTESIAN_POINT('',(9.66,-0.6,3.3));
#2925 = DIRECTION('',(0.,0.,-1.));
#2926 = DIRECTION('',(0.,-1.,0.));
#2927 = ADVANCED_FACE('',(#2928),#2939,.F.);
#2928 = FACE_BOUND('',#2929,.F.);
#2929 = EDGE_LOOP('',(#2930,#2931,#2932,#2938));
#2930 = ORIENTED_EDGE('',*,*,#2718,.T.);
#2931 = ORIENTED_EDGE('',*,*,#2917,.T.);
#2932 = ORIENTED_EDGE('',*,*,#2933,.T.);
#2933 = EDGE_CURVE('',#2908,#2861,#2934,.T.);
#2934 = LINE('',#2935,#2936);
#2935 = CARTESIAN_POINT('',(10.66,-7.4,3.3));
#2936 = VECTOR('',#2937,1.);
#2937 = DIRECTION('',(0.,0.,1.));
#2938 = ORIENTED_EDGE('',*,*,#2868,.T.);
#2939 = PLANE('',#2940);
#2940 = AXIS2_PLACEMENT_3D('',#2941,#2942,#2943);
#2941 = CARTESIAN_POINT('',(10.66,-2.164915238601,1.736707405469));
#2942 = DIRECTION('',(-1.,-0.,-0.));
#2943 = DIRECTION('',(0.,0.,-1.));
#2944 = ADVANCED_FACE('',(#2945),#2970,.T.);
#2945 = FACE_BOUND('',#2946,.T.);
#2946 = EDGE_LOOP('',(#2947,#2955,#2963,#2969));
#2947 = ORIENTED_EDGE('',*,*,#2948,.F.);
#2948 = EDGE_CURVE('',#2949,#2745,#2951,.T.);
#2949 = VERTEX_POINT('',#2950);
#2950 = CARTESIAN_POINT('',(4.58,-7.4,4.3));
#2951 = LINE('',#2952,#2953);
#2952 = CARTESIAN_POINT('',(4.58,-8.,4.3));
#2953 = VECTOR('',#2954,1.);
#2954 = DIRECTION('',(0.,1.,0.));
#2955 = ORIENTED_EDGE('',*,*,#2956,.T.);
#2956 = EDGE_CURVE('',#2949,#2957,#2959,.T.);
#2957 = VERTEX_POINT('',#2958);
#2958 = CARTESIAN_POINT('',(5.58,-7.4,4.3));
#2959 = LINE('',#2960,#2961);
#2960 = CARTESIAN_POINT('',(4.78,-7.4,4.3));
#2961 = VECTOR('',#2962,1.);
#2962 = DIRECTION('',(1.,0.,0.));
#2963 = ORIENTED_EDGE('',*,*,#2964,.T.);
#2964 = EDGE_CURVE('',#2957,#2743,#2965,.T.);
#2965 = LINE('',#2966,#2967);
#2966 = CARTESIAN_POINT('',(5.58,-8.,4.3));
#2967 = VECTOR('',#2968,1.);
#2968 = DIRECTION('',(0.,1.,0.));
#2969 = ORIENTED_EDGE('',*,*,#2742,.T.);
#2970 = PLANE('',#2971);
#2971 = AXIS2_PLACEMENT_3D('',#2972,#2973,#2974);
#2972 = CARTESIAN_POINT('',(4.58,-8.,4.3));
#2973 = DIRECTION('',(0.,0.,1.));
#2974 = DIRECTION('',(0.,1.,0.));
#2975 = ADVANCED_FACE('',(#2976),#2994,.T.);
#2976 = FACE_BOUND('',#2977,.T.);
#2977 = EDGE_LOOP('',(#2978,#2979,#2987,#2993));
#2978 = ORIENTED_EDGE('',*,*,#2768,.T.);
#2979 = ORIENTED_EDGE('',*,*,#2980,.T.);
#2980 = EDGE_CURVE('',#2761,#2981,#2983,.T.);
#2981 = VERTEX_POINT('',#2982);
#2982 = CARTESIAN_POINT('',(4.58,-7.4,3.3));
#2983 = LINE('',#2984,#2985);
#2984 = CARTESIAN_POINT('',(4.58,-0.6,3.3));
#2985 = VECTOR('',#2986,1.);
#2986 = DIRECTION('',(0.,-1.,0.));
#2987 = ORIENTED_EDGE('',*,*,#2988,.T.);
#2988 = EDGE_CURVE('',#2981,#2949,#2989,.T.);
#2989 = LINE('',#2990,#2991);
#2990 = CARTESIAN_POINT('',(4.58,-7.4,3.3));
#2991 = VECTOR('',#2992,1.);
#2992 = DIRECTION('',(0.,0.,1.));
#2993 = ORIENTED_EDGE('',*,*,#2948,.T.);
#2994 = PLANE('',#2995);
#2995 = AXIS2_PLACEMENT_3D('',#2996,#2997,#2998);
#2996 = CARTESIAN_POINT('',(4.58,-2.164915238601,1.736707405469));
#2997 = DIRECTION('',(-1.,-0.,-0.));
#2998 = DIRECTION('',(0.,0.,-1.));
#2999 = ADVANCED_FACE('',(#3000),#3018,.T.);
#3000 = FACE_BOUND('',#3001,.T.);
#3001 = EDGE_LOOP('',(#3002,#3010,#3011,#3012));
#3002 = ORIENTED_EDGE('',*,*,#3003,.F.);
#3003 = EDGE_CURVE('',#2981,#3004,#3006,.T.);
#3004 = VERTEX_POINT('',#3005);
#3005 = CARTESIAN_POINT('',(5.58,-7.4,3.3));
#3006 = LINE('',#3007,#3008);
#3007 = CARTESIAN_POINT('',(4.78,-7.4,3.3));
#3008 = VECTOR('',#3009,1.);
#3009 = DIRECTION('',(1.,0.,0.));
#3010 = ORIENTED_EDGE('',*,*,#2980,.F.);
#3011 = ORIENTED_EDGE('',*,*,#2760,.T.);
#3012 = ORIENTED_EDGE('',*,*,#3013,.T.);
#3013 = EDGE_CURVE('',#2753,#3004,#3014,.T.);
#3014 = LINE('',#3015,#3016);
#3015 = CARTESIAN_POINT('',(5.58,-0.6,3.3));
#3016 = VECTOR('',#3017,1.);
#3017 = DIRECTION('',(0.,-1.,0.));
#3018 = PLANE('',#3019);
#3019 = AXIS2_PLACEMENT_3D('',#3020,#3021,#3022);
#3020 = CARTESIAN_POINT('',(4.58,-0.6,3.3));
#3021 = DIRECTION('',(0.,0.,-1.));
#3022 = DIRECTION('',(0.,-1.,0.));
#3023 = ADVANCED_FACE('',(#3024),#3035,.F.);
#3024 = FACE_BOUND('',#3025,.F.);
#3025 = EDGE_LOOP('',(#3026,#3027,#3028,#3034));
#3026 = ORIENTED_EDGE('',*,*,#2752,.T.);
#3027 = ORIENTED_EDGE('',*,*,#3013,.T.);
#3028 = ORIENTED_EDGE('',*,*,#3029,.T.);
#3029 = EDGE_CURVE('',#3004,#2957,#3030,.T.);
#3030 = LINE('',#3031,#3032);
#3031 = CARTESIAN_POINT('',(5.58,-7.4,3.3));
#3032 = VECTOR('',#3033,1.);
#3033 = DIRECTION('',(0.,0.,1.));
#3034 = ORIENTED_EDGE('',*,*,#2964,.T.);
#3035 = PLANE('',#3036);
#3036 = AXIS2_PLACEMENT_3D('',#3037,#3038,#3039);
#3037 = CARTESIAN_POINT('',(5.58,-2.164915238601,1.736707405469));
#3038 = DIRECTION('',(-1.,-0.,-0.));
#3039 = DIRECTION('',(0.,0.,-1.));
#3040 = ADVANCED_FACE('',(#3041),#3066,.T.);
#3041 = FACE_BOUND('',#3042,.T.);
#3042 = EDGE_LOOP('',(#3043,#3044,#3052,#3060));
#3043 = ORIENTED_EDGE('',*,*,#2776,.T.);
#3044 = ORIENTED_EDGE('',*,*,#3045,.T.);
#3045 = EDGE_CURVE('',#2779,#3046,#3048,.T.);
#3046 = VERTEX_POINT('',#3047);
#3047 = CARTESIAN_POINT('',(-0.5,-7.4,3.3));
#3048 = LINE('',#3049,#3050);
#3049 = CARTESIAN_POINT('',(-0.5,-0.6,3.3));
#3050 = VECTOR('',#3051,1.);
#3051 = DIRECTION('',(0.,-1.,0.));
#3052 = ORIENTED_EDGE('',*,*,#3053,.T.);
#3053 = EDGE_CURVE('',#3046,#3054,#3056,.T.);
#3054 = VERTEX_POINT('',#3055);
#3055 = CARTESIAN_POINT('',(-0.5,-7.4,4.3));
#3056 = LINE('',#3057,#3058);
#3057 = CARTESIAN_POINT('',(-0.5,-7.4,3.3));
#3058 = VECTOR('',#3059,1.);
#3059 = DIRECTION('',(0.,0.,1.));
#3060 = ORIENTED_EDGE('',*,*,#3061,.T.);
#3061 = EDGE_CURVE('',#3054,#2777,#3062,.T.);
#3062 = LINE('',#3063,#3064);
#3063 = CARTESIAN_POINT('',(-0.5,-8.,4.3));
#3064 = VECTOR('',#3065,1.);
#3065 = DIRECTION('',(0.,1.,0.));
#3066 = PLANE('',#3067);
#3067 = AXIS2_PLACEMENT_3D('',#3068,#3069,#3070);
#3068 = CARTESIAN_POINT('',(-0.5,-2.164915238601,1.736707405469));
#3069 = DIRECTION('',(-1.,-0.,-0.));
#3070 = DIRECTION('',(0.,0.,-1.));
#3071 = ADVANCED_FACE('',(#3072),#3090,.T.);
#3072 = FACE_BOUND('',#3073,.T.);
#3073 = EDGE_LOOP('',(#3074,#3082,#3083,#3084));
#3074 = ORIENTED_EDGE('',*,*,#3075,.F.);
#3075 = EDGE_CURVE('',#3046,#3076,#3078,.T.);
#3076 = VERTEX_POINT('',#3077);
#3077 = CARTESIAN_POINT('',(0.5,-7.4,3.3));
#3078 = LINE('',#3079,#3080);
#3079 = CARTESIAN_POINT('',(-0.3,-7.4,3.3));
#3080 = VECTOR('',#3081,1.);
#3081 = DIRECTION('',(1.,0.,0.));
#3082 = ORIENTED_EDGE('',*,*,#3045,.F.);
#3083 = ORIENTED_EDGE('',*,*,#2802,.T.);
#3084 = ORIENTED_EDGE('',*,*,#3085,.T.);
#3085 = EDGE_CURVE('',#2795,#3076,#3086,.T.);
#3086 = LINE('',#3087,#3088);
#3087 = CARTESIAN_POINT('',(0.5,-0.6,3.3));
#3088 = VECTOR('',#3089,1.);
#3089 = DIRECTION('',(0.,-1.,0.));
#3090 = PLANE('',#3091);
#3091 = AXIS2_PLACEMENT_3D('',#3092,#3093,#3094);
#3092 = CARTESIAN_POINT('',(-0.5,-0.6,3.3));
#3093 = DIRECTION('',(0.,0.,-1.));
#3094 = DIRECTION('',(0.,-1.,0.));
#3095 = ADVANCED_FACE('',(#3096),#3114,.F.);
#3096 = FACE_BOUND('',#3097,.F.);
#3097 = EDGE_LOOP('',(#3098,#3099,#3100,#3108));
#3098 = ORIENTED_EDGE('',*,*,#2794,.T.);
#3099 = ORIENTED_EDGE('',*,*,#3085,.T.);
#3100 = ORIENTED_EDGE('',*,*,#3101,.T.);
#3101 = EDGE_CURVE('',#3076,#3102,#3104,.T.);
#3102 = VERTEX_POINT('',#3103);
#3103 = CARTESIAN_POINT('',(0.5,-7.4,4.3));
#3104 = LINE('',#3105,#3106);
#3105 = CARTESIAN_POINT('',(0.5,-7.4,3.3));
#3106 = VECTOR('',#3107,1.);
#3107 = DIRECTION('',(0.,0.,1.));
#3108 = ORIENTED_EDGE('',*,*,#3109,.T.);
#3109 = EDGE_CURVE('',#3102,#2787,#3110,.T.);
#3110 = LINE('',#3111,#3112);
#3111 = CARTESIAN_POINT('',(0.5,-8.,4.3));
#3112 = VECTOR('',#3113,1.);
#3113 = DIRECTION('',(0.,1.,0.));
#3114 = PLANE('',#3115);
#3115 = AXIS2_PLACEMENT_3D('',#3116,#3117,#3118);
#3116 = CARTESIAN_POINT('',(0.5,-2.164915238601,1.736707405469));
#3117 = DIRECTION('',(-1.,-0.,-0.));
#3118 = DIRECTION('',(0.,0.,-1.));
#3119 = ADVANCED_FACE('',(#3120),#3131,.T.);
#3120 = FACE_BOUND('',#3121,.T.);
#3121 = EDGE_LOOP('',(#3122,#3123,#3129,#3130));
#3122 = ORIENTED_EDGE('',*,*,#3061,.F.);
#3123 = ORIENTED_EDGE('',*,*,#3124,.T.);
#3124 = EDGE_CURVE('',#3054,#3102,#3125,.T.);
#3125 = LINE('',#3126,#3127);
#3126 = CARTESIAN_POINT('',(-0.3,-7.4,4.3));
#3127 = VECTOR('',#3128,1.);
#3128 = DIRECTION('',(1.,0.,0.));
#3129 = ORIENTED_EDGE('',*,*,#3109,.T.);
#3130 = ORIENTED_EDGE('',*,*,#2786,.T.);
#3131 = PLANE('',#3132);
#3132 = AXIS2_PLACEMENT_3D('',#3133,#3134,#3135);
#3133 = CARTESIAN_POINT('',(-0.5,-8.,4.3));
#3134 = DIRECTION('',(0.,0.,1.));
#3135 = DIRECTION('',(0.,1.,0.));
#3136 = ADVANCED_FACE('',(#3137),#3162,.T.);
#3137 = FACE_BOUND('',#3138,.T.);
#3138 = EDGE_LOOP('',(#3139,#3147,#3155,#3161));
#3139 = ORIENTED_EDGE('',*,*,#3140,.F.);
#3140 = EDGE_CURVE('',#3141,#2853,#3143,.T.);
#3141 = VERTEX_POINT('',#3142);
#3142 = CARTESIAN_POINT('',(9.86,-8.,4.1));
#3143 = LINE('',#3144,#3145);
#3144 = CARTESIAN_POINT('',(9.805454545455,-7.836363636364,
    4.154545454545));
#3145 = VECTOR('',#3146,1.);
#3146 = DIRECTION('',(-0.301511344578,0.904534033733,0.301511344578));
#3147 = ORIENTED_EDGE('',*,*,#3148,.T.);
#3148 = EDGE_CURVE('',#3141,#3149,#3151,.T.);
#3149 = VERTEX_POINT('',#3150);
#3150 = CARTESIAN_POINT('',(10.46,-8.,4.1));
#3151 = LINE('',#3152,#3153);
#3152 = CARTESIAN_POINT('',(9.86,-8.,4.1));
#3153 = VECTOR('',#3154,1.);
#3154 = DIRECTION('',(1.,0.,0.));
#3155 = ORIENTED_EDGE('',*,*,#3156,.T.);
#3156 = EDGE_CURVE('',#3149,#2861,#3157,.T.);
#3157 = LINE('',#3158,#3159);
#3158 = CARTESIAN_POINT('',(10.487272727273,-7.918181818182,
    4.127272727273));
#3159 = VECTOR('',#3160,1.);
#3160 = DIRECTION('',(0.301511344578,0.904534033733,0.301511344578));
#3161 = ORIENTED_EDGE('',*,*,#2860,.F.);
#3162 = PLANE('',#3163);
#3163 = AXIS2_PLACEMENT_3D('',#3164,#3165,#3166);
#3164 = CARTESIAN_POINT('',(9.86,-7.7,4.2));
#3165 = DIRECTION('',(0.,-0.316227766017,0.948683298051));
#3166 = DIRECTION('',(1.,0.,0.));
#3167 = ADVANCED_FACE('',(#3168),#3186,.T.);
#3168 = FACE_BOUND('',#3169,.T.);
#3169 = EDGE_LOOP('',(#3170,#3178,#3179,#3180));
#3170 = ORIENTED_EDGE('',*,*,#3171,.T.);
#3171 = EDGE_CURVE('',#3172,#3141,#3174,.T.);
#3172 = VERTEX_POINT('',#3173);
#3173 = CARTESIAN_POINT('',(9.86,-8.,3.5));
#3174 = LINE('',#3175,#3176);
#3175 = CARTESIAN_POINT('',(9.86,-8.,3.3));
#3176 = VECTOR('',#3177,1.);
#3177 = DIRECTION('',(0.,0.,1.));
#3178 = ORIENTED_EDGE('',*,*,#3140,.T.);
#3179 = ORIENTED_EDGE('',*,*,#2892,.F.);
#3180 = ORIENTED_EDGE('',*,*,#3181,.F.);
#3181 = EDGE_CURVE('',#3172,#2885,#3182,.T.);
#3182 = LINE('',#3183,#3184);
#3183 = CARTESIAN_POINT('',(9.76,-7.7,3.4));
#3184 = VECTOR('',#3185,1.);
#3185 = DIRECTION('',(-0.301511344578,0.904534033733,-0.301511344578));
#3186 = PLANE('',#3187);
#3187 = AXIS2_PLACEMENT_3D('',#3188,#3189,#3190);
#3188 = CARTESIAN_POINT('',(9.76,-7.7,3.3));
#3189 = DIRECTION('',(-0.948683298051,-0.316227766017,3.476378920805E-18
    ));
#3190 = DIRECTION('',(3.297982619863E-18,1.099327539955E-18,1.));
#3191 = ADVANCED_FACE('',(#3192),#3210,.T.);
#3192 = FACE_BOUND('',#3193,.F.);
#3193 = EDGE_LOOP('',(#3194,#3195,#3203,#3209));
#3194 = ORIENTED_EDGE('',*,*,#3181,.F.);
#3195 = ORIENTED_EDGE('',*,*,#3196,.T.);
#3196 = EDGE_CURVE('',#3172,#3197,#3199,.T.);
#3197 = VERTEX_POINT('',#3198);
#3198 = CARTESIAN_POINT('',(10.46,-8.,3.5));
#3199 = LINE('',#3200,#3201);
#3200 = CARTESIAN_POINT('',(9.86,-8.,3.5));
#3201 = VECTOR('',#3202,1.);
#3202 = DIRECTION('',(1.,0.,0.));
#3203 = ORIENTED_EDGE('',*,*,#3204,.T.);
#3204 = EDGE_CURVE('',#3197,#2908,#3205,.T.);
#3205 = LINE('',#3206,#3207);
#3206 = CARTESIAN_POINT('',(10.532727272727,-7.781818181818,
    3.427272727273));
#3207 = VECTOR('',#3208,1.);
#3208 = DIRECTION('',(0.301511344578,0.904534033733,-0.301511344578));
#3209 = ORIENTED_EDGE('',*,*,#2907,.F.);
#3210 = PLANE('',#3211);
#3211 = AXIS2_PLACEMENT_3D('',#3212,#3213,#3214);
#3212 = CARTESIAN_POINT('',(9.86,-7.7,3.4));
#3213 = DIRECTION('',(0.,-0.316227766017,-0.948683298051));
#3214 = DIRECTION('',(-1.,-0.,0.));
#3215 = ADVANCED_FACE('',(#3216),#3227,.F.);
#3216 = FACE_BOUND('',#3217,.F.);
#3217 = EDGE_LOOP('',(#3218,#3224,#3225,#3226));
#3218 = ORIENTED_EDGE('',*,*,#3219,.T.);
#3219 = EDGE_CURVE('',#3197,#3149,#3220,.T.);
#3220 = LINE('',#3221,#3222);
#3221 = CARTESIAN_POINT('',(10.46,-8.,3.3));
#3222 = VECTOR('',#3223,1.);
#3223 = DIRECTION('',(0.,0.,1.));
#3224 = ORIENTED_EDGE('',*,*,#3156,.T.);
#3225 = ORIENTED_EDGE('',*,*,#2933,.F.);
#3226 = ORIENTED_EDGE('',*,*,#3204,.F.);
#3227 = PLANE('',#3228);
#3228 = AXIS2_PLACEMENT_3D('',#3229,#3230,#3231);
#3229 = CARTESIAN_POINT('',(10.56,-7.7,3.3));
#3230 = DIRECTION('',(-0.948683298051,0.316227766017,-3.476378920805E-18
    ));
#3231 = DIRECTION('',(-3.297982619863E-18,1.099327539955E-18,1.));
#3232 = ADVANCED_FACE('',(#3233),#3258,.T.);
#3233 = FACE_BOUND('',#3234,.T.);
#3234 = EDGE_LOOP('',(#3235,#3243,#3251,#3257));
#3235 = ORIENTED_EDGE('',*,*,#3236,.F.);
#3236 = EDGE_CURVE('',#3237,#2949,#3239,.T.);
#3237 = VERTEX_POINT('',#3238);
#3238 = CARTESIAN_POINT('',(4.78,-8.,4.1));
#3239 = LINE('',#3240,#3241);
#3240 = CARTESIAN_POINT('',(4.725454545455,-7.836363636364,
    4.154545454545));
#3241 = VECTOR('',#3242,1.);
#3242 = DIRECTION('',(-0.301511344578,0.904534033733,0.301511344578));
#3243 = ORIENTED_EDGE('',*,*,#3244,.T.);
#3244 = EDGE_CURVE('',#3237,#3245,#3247,.T.);
#3245 = VERTEX_POINT('',#3246);
#3246 = CARTESIAN_POINT('',(5.38,-8.,4.1));
#3247 = LINE('',#3248,#3249);
#3248 = CARTESIAN_POINT('',(4.78,-8.,4.1));
#3249 = VECTOR('',#3250,1.);
#3250 = DIRECTION('',(1.,0.,0.));
#3251 = ORIENTED_EDGE('',*,*,#3252,.T.);
#3252 = EDGE_CURVE('',#3245,#2957,#3253,.T.);
#3253 = LINE('',#3254,#3255);
#3254 = CARTESIAN_POINT('',(5.407272727273,-7.918181818182,
    4.127272727273));
#3255 = VECTOR('',#3256,1.);
#3256 = DIRECTION('',(0.301511344578,0.904534033733,0.301511344578));
#3257 = ORIENTED_EDGE('',*,*,#2956,.F.);
#3258 = PLANE('',#3259);
#3259 = AXIS2_PLACEMENT_3D('',#3260,#3261,#3262);
#3260 = CARTESIAN_POINT('',(4.78,-7.7,4.2));
#3261 = DIRECTION('',(0.,-0.316227766017,0.948683298051));
#3262 = DIRECTION('',(1.,0.,0.));
#3263 = ADVANCED_FACE('',(#3264),#3282,.T.);
#3264 = FACE_BOUND('',#3265,.T.);
#3265 = EDGE_LOOP('',(#3266,#3274,#3275,#3276));
#3266 = ORIENTED_EDGE('',*,*,#3267,.T.);
#3267 = EDGE_CURVE('',#3268,#3237,#3270,.T.);
#3268 = VERTEX_POINT('',#3269);
#3269 = CARTESIAN_POINT('',(4.78,-8.,3.5));
#3270 = LINE('',#3271,#3272);
#3271 = CARTESIAN_POINT('',(4.78,-8.,3.3));
#3272 = VECTOR('',#3273,1.);
#3273 = DIRECTION('',(0.,0.,1.));
#3274 = ORIENTED_EDGE('',*,*,#3236,.T.);
#3275 = ORIENTED_EDGE('',*,*,#2988,.F.);
#3276 = ORIENTED_EDGE('',*,*,#3277,.F.);
#3277 = EDGE_CURVE('',#3268,#2981,#3278,.T.);
#3278 = LINE('',#3279,#3280);
#3279 = CARTESIAN_POINT('',(4.68,-7.7,3.4));
#3280 = VECTOR('',#3281,1.);
#3281 = DIRECTION('',(-0.301511344578,0.904534033733,-0.301511344578));
#3282 = PLANE('',#3283);
#3283 = AXIS2_PLACEMENT_3D('',#3284,#3285,#3286);
#3284 = CARTESIAN_POINT('',(4.68,-7.7,3.3));
#3285 = DIRECTION('',(-0.948683298051,-0.316227766017,3.476378920805E-18
    ));
#3286 = DIRECTION('',(3.297982619863E-18,1.099327539955E-18,1.));
#3287 = ADVANCED_FACE('',(#3288),#3306,.T.);
#3288 = FACE_BOUND('',#3289,.F.);
#3289 = EDGE_LOOP('',(#3290,#3291,#3299,#3305));
#3290 = ORIENTED_EDGE('',*,*,#3277,.F.);
#3291 = ORIENTED_EDGE('',*,*,#3292,.T.);
#3292 = EDGE_CURVE('',#3268,#3293,#3295,.T.);
#3293 = VERTEX_POINT('',#3294);
#3294 = CARTESIAN_POINT('',(5.38,-8.,3.5));
#3295 = LINE('',#3296,#3297);
#3296 = CARTESIAN_POINT('',(4.78,-8.,3.5));
#3297 = VECTOR('',#3298,1.);
#3298 = DIRECTION('',(1.,0.,0.));
#3299 = ORIENTED_EDGE('',*,*,#3300,.T.);
#3300 = EDGE_CURVE('',#3293,#3004,#3301,.T.);
#3301 = LINE('',#3302,#3303);
#3302 = CARTESIAN_POINT('',(5.452727272727,-7.781818181818,
    3.427272727273));
#3303 = VECTOR('',#3304,1.);
#3304 = DIRECTION('',(0.301511344578,0.904534033733,-0.301511344578));
#3305 = ORIENTED_EDGE('',*,*,#3003,.F.);
#3306 = PLANE('',#3307);
#3307 = AXIS2_PLACEMENT_3D('',#3308,#3309,#3310);
#3308 = CARTESIAN_POINT('',(4.78,-7.7,3.4));
#3309 = DIRECTION('',(0.,-0.316227766017,-0.948683298051));
#3310 = DIRECTION('',(-1.,-0.,0.));
#3311 = ADVANCED_FACE('',(#3312),#3323,.F.);
#3312 = FACE_BOUND('',#3313,.F.);
#3313 = EDGE_LOOP('',(#3314,#3320,#3321,#3322));
#3314 = ORIENTED_EDGE('',*,*,#3315,.T.);
#3315 = EDGE_CURVE('',#3293,#3245,#3316,.T.);
#3316 = LINE('',#3317,#3318);
#3317 = CARTESIAN_POINT('',(5.38,-8.,3.3));
#3318 = VECTOR('',#3319,1.);
#3319 = DIRECTION('',(0.,0.,1.));
#3320 = ORIENTED_EDGE('',*,*,#3252,.T.);
#3321 = ORIENTED_EDGE('',*,*,#3029,.F.);
#3322 = ORIENTED_EDGE('',*,*,#3300,.F.);
#3323 = PLANE('',#3324);
#3324 = AXIS2_PLACEMENT_3D('',#3325,#3326,#3327);
#3325 = CARTESIAN_POINT('',(5.48,-7.7,3.3));
#3326 = DIRECTION('',(-0.948683298051,0.316227766017,-3.476378920805E-18
    ));
#3327 = DIRECTION('',(-3.297982619863E-18,1.099327539955E-18,1.));
#3328 = ADVANCED_FACE('',(#3329),#3354,.T.);
#3329 = FACE_BOUND('',#3330,.T.);
#3330 = EDGE_LOOP('',(#3331,#3341,#3347,#3348));
#3331 = ORIENTED_EDGE('',*,*,#3332,.T.);
#3332 = EDGE_CURVE('',#3333,#3335,#3337,.T.);
#3333 = VERTEX_POINT('',#3334);
#3334 = CARTESIAN_POINT('',(-0.3,-8.,3.5));
#3335 = VERTEX_POINT('',#3336);
#3336 = CARTESIAN_POINT('',(-0.3,-8.,4.1));
#3337 = LINE('',#3338,#3339);
#3338 = CARTESIAN_POINT('',(-0.3,-8.,3.3));
#3339 = VECTOR('',#3340,1.);
#3340 = DIRECTION('',(0.,0.,1.));
#3341 = ORIENTED_EDGE('',*,*,#3342,.T.);
#3342 = EDGE_CURVE('',#3335,#3054,#3343,.T.);
#3343 = LINE('',#3344,#3345);
#3344 = CARTESIAN_POINT('',(-0.354545454545,-7.836363636364,
    4.154545454545));
#3345 = VECTOR('',#3346,1.);
#3346 = DIRECTION('',(-0.301511344578,0.904534033733,0.301511344578));
#3347 = ORIENTED_EDGE('',*,*,#3053,.F.);
#3348 = ORIENTED_EDGE('',*,*,#3349,.F.);
#3349 = EDGE_CURVE('',#3333,#3046,#3350,.T.);
#3350 = LINE('',#3351,#3352);
#3351 = CARTESIAN_POINT('',(-0.4,-7.7,3.4));
#3352 = VECTOR('',#3353,1.);
#3353 = DIRECTION('',(-0.301511344578,0.904534033733,-0.301511344578));
#3354 = PLANE('',#3355);
#3355 = AXIS2_PLACEMENT_3D('',#3356,#3357,#3358);
#3356 = CARTESIAN_POINT('',(-0.4,-7.7,3.3));
#3357 = DIRECTION('',(-0.948683298051,-0.316227766017,3.476378920805E-18
    ));
#3358 = DIRECTION('',(3.297982619863E-18,1.099327539955E-18,1.));
#3359 = ADVANCED_FACE('',(#3360),#3378,.T.);
#3360 = FACE_BOUND('',#3361,.F.);
#3361 = EDGE_LOOP('',(#3362,#3363,#3371,#3377));
#3362 = ORIENTED_EDGE('',*,*,#3349,.F.);
#3363 = ORIENTED_EDGE('',*,*,#3364,.T.);
#3364 = EDGE_CURVE('',#3333,#3365,#3367,.T.);
#3365 = VERTEX_POINT('',#3366);
#3366 = CARTESIAN_POINT('',(0.3,-8.,3.5));
#3367 = LINE('',#3368,#3369);
#3368 = CARTESIAN_POINT('',(-0.3,-8.,3.5));
#3369 = VECTOR('',#3370,1.);
#3370 = DIRECTION('',(1.,0.,0.));
#3371 = ORIENTED_EDGE('',*,*,#3372,.T.);
#3372 = EDGE_CURVE('',#3365,#3076,#3373,.T.);
#3373 = LINE('',#3374,#3375);
#3374 = CARTESIAN_POINT('',(0.372727272727,-7.781818181818,
    3.427272727273));
#3375 = VECTOR('',#3376,1.);
#3376 = DIRECTION('',(0.301511344578,0.904534033733,-0.301511344578));
#3377 = ORIENTED_EDGE('',*,*,#3075,.F.);
#3378 = PLANE('',#3379);
#3379 = AXIS2_PLACEMENT_3D('',#3380,#3381,#3382);
#3380 = CARTESIAN_POINT('',(-0.3,-7.7,3.4));
#3381 = DIRECTION('',(0.,-0.316227766017,-0.948683298051));
#3382 = DIRECTION('',(-1.,-0.,0.));
#3383 = ADVANCED_FACE('',(#3384),#3402,.F.);
#3384 = FACE_BOUND('',#3385,.F.);
#3385 = EDGE_LOOP('',(#3386,#3394,#3400,#3401));
#3386 = ORIENTED_EDGE('',*,*,#3387,.T.);
#3387 = EDGE_CURVE('',#3365,#3388,#3390,.T.);
#3388 = VERTEX_POINT('',#3389);
#3389 = CARTESIAN_POINT('',(0.3,-8.,4.1));
#3390 = LINE('',#3391,#3392);
#3391 = CARTESIAN_POINT('',(0.3,-8.,3.3));
#3392 = VECTOR('',#3393,1.);
#3393 = DIRECTION('',(0.,0.,1.));
#3394 = ORIENTED_EDGE('',*,*,#3395,.T.);
#3395 = EDGE_CURVE('',#3388,#3102,#3396,.T.);
#3396 = LINE('',#3397,#3398);
#3397 = CARTESIAN_POINT('',(0.327272727273,-7.918181818182,
    4.127272727273));
#3398 = VECTOR('',#3399,1.);
#3399 = DIRECTION('',(0.301511344578,0.904534033733,0.301511344578));
#3400 = ORIENTED_EDGE('',*,*,#3101,.F.);
#3401 = ORIENTED_EDGE('',*,*,#3372,.F.);
#3402 = PLANE('',#3403);
#3403 = AXIS2_PLACEMENT_3D('',#3404,#3405,#3406);
#3404 = CARTESIAN_POINT('',(0.4,-7.7,3.3));
#3405 = DIRECTION('',(-0.948683298051,0.316227766017,-3.476378920805E-18
    ));
#3406 = DIRECTION('',(-3.297982619863E-18,1.099327539955E-18,1.));
#3407 = ADVANCED_FACE('',(#3408),#3419,.T.);
#3408 = FACE_BOUND('',#3409,.T.);
#3409 = EDGE_LOOP('',(#3410,#3411,#3417,#3418));
#3410 = ORIENTED_EDGE('',*,*,#3342,.F.);
#3411 = ORIENTED_EDGE('',*,*,#3412,.T.);
#3412 = EDGE_CURVE('',#3335,#3388,#3413,.T.);
#3413 = LINE('',#3414,#3415);
#3414 = CARTESIAN_POINT('',(-0.3,-8.,4.1));
#3415 = VECTOR('',#3416,1.);
#3416 = DIRECTION('',(1.,0.,0.));
#3417 = ORIENTED_EDGE('',*,*,#3395,.T.);
#3418 = ORIENTED_EDGE('',*,*,#3124,.F.);
#3419 = PLANE('',#3420);
#3420 = AXIS2_PLACEMENT_3D('',#3421,#3422,#3423);
#3421 = CARTESIAN_POINT('',(-0.3,-7.7,4.2));
#3422 = DIRECTION('',(0.,-0.316227766017,0.948683298051));
#3423 = DIRECTION('',(1.,0.,0.));
#3424 = ADVANCED_FACE('',(#3425),#3431,.T.);
#3425 = FACE_BOUND('',#3426,.T.);
#3426 = EDGE_LOOP('',(#3427,#3428,#3429,#3430));
#3427 = ORIENTED_EDGE('',*,*,#3171,.F.);
#3428 = ORIENTED_EDGE('',*,*,#3196,.T.);
#3429 = ORIENTED_EDGE('',*,*,#3219,.T.);
#3430 = ORIENTED_EDGE('',*,*,#3148,.F.);
#3431 = PLANE('',#3432);
#3432 = AXIS2_PLACEMENT_3D('',#3433,#3434,#3435);
#3433 = CARTESIAN_POINT('',(9.66,-8.,3.3));
#3434 = DIRECTION('',(0.,-1.,0.));
#3435 = DIRECTION('',(0.,0.,1.));
#3436 = ADVANCED_FACE('',(#3437),#3443,.T.);
#3437 = FACE_BOUND('',#3438,.T.);
#3438 = EDGE_LOOP('',(#3439,#3440,#3441,#3442));
#3439 = ORIENTED_EDGE('',*,*,#3267,.F.);
#3440 = ORIENTED_EDGE('',*,*,#3292,.T.);
#3441 = ORIENTED_EDGE('',*,*,#3315,.T.);
#3442 = ORIENTED_EDGE('',*,*,#3244,.F.);
#3443 = PLANE('',#3444);
#3444 = AXIS2_PLACEMENT_3D('',#3445,#3446,#3447);
#3445 = CARTESIAN_POINT('',(4.58,-8.,3.3));
#3446 = DIRECTION('',(0.,-1.,0.));
#3447 = DIRECTION('',(0.,0.,1.));
#3448 = ADVANCED_FACE('',(#3449),#3455,.T.);
#3449 = FACE_BOUND('',#3450,.T.);
#3450 = EDGE_LOOP('',(#3451,#3452,#3453,#3454));
#3451 = ORIENTED_EDGE('',*,*,#3332,.F.);
#3452 = ORIENTED_EDGE('',*,*,#3364,.T.);
#3453 = ORIENTED_EDGE('',*,*,#3387,.T.);
#3454 = ORIENTED_EDGE('',*,*,#3412,.F.);
#3455 = PLANE('',#3456);
#3456 = AXIS2_PLACEMENT_3D('',#3457,#3458,#3459);
#3457 = CARTESIAN_POINT('',(-0.5,-8.,3.3));
#3458 = DIRECTION('',(0.,-1.,0.));
#3459 = DIRECTION('',(0.,0.,1.));
#3460 = ( GEOMETRIC_REPRESENTATION_CONTEXT(3) 
GLOBAL_UNCERTAINTY_ASSIGNED_CONTEXT((#3464)) 
GLOBAL_UNIT_ASSIGNED_CONTEXT((#3461,#3462,#3463)) REPRESENTATION_CONTEXT
('Context #1','3D Context with UNIT and UNCERTAINTY') );
#3461 = ( LENGTH_UNIT() NAMED_UNIT(*) SI_UNIT(.MILLI.,.METRE.) );
#3462 = ( NAMED_UNIT(*) PLANE_ANGLE_UNIT() SI_UNIT($,.RADIAN.) );
#3463 = ( NAMED_UNIT(*) SI_UNIT($,.STERADIAN.) SOLID_ANGLE_UNIT() );
#3464 = UNCERTAINTY_MEASURE_WITH_UNIT(LENGTH_MEASURE(1.E-07),#3461,
  'distance_accuracy_value','confusion accuracy');
#3465 = CONTEXT_DEPENDENT_SHAPE_REPRESENTATION(#3466,#3468);
#3466 = ( REPRESENTATION_RELATIONSHIP('','',#1005,#982) 
REPRESENTATION_RELATIONSHIP_WITH_TRANSFORMATION(#3467) 
SHAPE_REPRESENTATION_RELATIONSHIP() );
#3467 = ITEM_DEFINED_TRANSFORMATION('','',#11,#983);
#3468 = PRODUCT_DEFINITION_SHAPE('Placement','Placement of an item',
  #3469);
#3469 = NEXT_ASSEMBLY_USAGE_OCCURRENCE('5','=>[0:1:1:5]','',#977,#1000,$
  );
#3470 = PRODUCT_RELATED_PRODUCT_CATEGORY('part',$,(#1002));
#3471 = SHAPE_DEFINITION_REPRESENTATION(#3472,#3478);
#3472 = PRODUCT_DEFINITION_SHAPE('','',#3473);
#3473 = PRODUCT_DEFINITION('design','',#3474,#3477);
#3474 = PRODUCT_DEFINITION_FORMATION('','',#3475);
#3475 = PRODUCT('R_0603_1608Metric','R_0603_1608Metric','',(#3476));
#3476 = PRODUCT_CONTEXT('',#2,'mechanical');
#3477 = PRODUCT_DEFINITION_CONTEXT('part definition',#2,'design');
#3478 = SHAPE_REPRESENTATION('',(#11,#3479),#3483);
#3479 = AXIS2_PLACEMENT_3D('',#3480,#3481,#3482);
#3480 = CARTESIAN_POINT('',(0.,0.,0.));
#3481 = DIRECTION('',(0.,0.,1.));
#3482 = DIRECTION('',(1.,0.,-0.));
#3483 = ( GEOMETRIC_REPRESENTATION_CONTEXT(3) 
GLOBAL_UNCERTAINTY_ASSIGNED_CONTEXT((#3487)) 
GLOBAL_UNIT_ASSIGNED_CONTEXT((#3484,#3485,#3486)) REPRESENTATION_CONTEXT
('Context #1','3D Context with UNIT and UNCERTAINTY') );
#3484 = ( LENGTH_UNIT() NAMED_UNIT(*) SI_UNIT(.MILLI.,.METRE.) );
#3485 = ( NAMED_UNIT(*) PLANE_ANGLE_UNIT() SI_UNIT($,.RADIAN.) );
#3486 = ( NAMED_UNIT(*) SI_UNIT($,.STERADIAN.) SOLID_ANGLE_UNIT() );
#3487 = UNCERTAINTY_MEASURE_WITH_UNIT(LENGTH_MEASURE(1.E-07),#3484,
  'distance_accuracy_value','confusion accuracy');
#3488 = CONTEXT_DEPENDENT_SHAPE_REPRESENTATION(#3489,#3491);
#3489 = ( REPRESENTATION_RELATIONSHIP('','',#3478,#10) 
REPRESENTATION_RELATIONSHIP_WITH_TRANSFORMATION(#3490) 
SHAPE_REPRESENTATION_RELATIONSHIP() );
#3490 = ITEM_DEFINED_TRANSFORMATION('','',#11,#31);
#3491 = PRODUCT_DEFINITION_SHAPE('Placement','Placement of an item',
  #3492);
#3492 = NEXT_ASSEMBLY_USAGE_OCCURRENCE('8','R1','',#5,#3473,$);
#3493 = PRODUCT_RELATED_PRODUCT_CATEGORY('part',$,(#3475));
#3494 = SHAPE_DEFINITION_REPRESENTATION(#3495,#3501);
#3495 = PRODUCT_DEFINITION_SHAPE('','',#3496);
#3496 = PRODUCT_DEFINITION('design','',#3497,#3500);
#3497 = PRODUCT_DEFINITION_FORMATION('','',#3498);
#3498 = PRODUCT('R_0603_1608Metric','R_0603_1608Metric','',(#3499));
#3499 = PRODUCT_CONTEXT('',#2,'mechanical');
#3500 = PRODUCT_DEFINITION_CONTEXT('part definition',#2,'design');
#3501 = ADVANCED_BREP_SHAPE_REPRESENTATION('',(#11,#3502),#4292);
#3502 = MANIFOLD_SOLID_BREP('',#3503);
#3503 = CLOSED_SHELL('',(#3504,#3544,#3627,#3652,#3677,#3744,#3761,#3778
    ,#3827,#3844,#3861,#3910,#3927,#3996,#4027,#4051,#4120,#4144,#4161,
    #4178,#4195,#4212,#4229,#4246,#4263,#4280));
#3504 = ADVANCED_FACE('',(#3505),#3539,.F.);
#3505 = FACE_BOUND('',#3506,.F.);
#3506 = EDGE_LOOP('',(#3507,#3517,#3525,#3533));
#3507 = ORIENTED_EDGE('',*,*,#3508,.F.);
#3508 = EDGE_CURVE('',#3509,#3511,#3513,.T.);
#3509 = VERTEX_POINT('',#3510);
#3510 = CARTESIAN_POINT('',(-0.8,-0.4,4.5E-02));
#3511 = VERTEX_POINT('',#3512);
#3512 = CARTESIAN_POINT('',(-0.8,-0.4,0.405));
#3513 = LINE('',#3514,#3515);
#3514 = CARTESIAN_POINT('',(-0.8,-0.4,0.));
#3515 = VECTOR('',#3516,1.);
#3516 = DIRECTION('',(0.,0.,1.));
#3517 = ORIENTED_EDGE('',*,*,#3518,.T.);
#3518 = EDGE_CURVE('',#3509,#3519,#3521,.T.);
#3519 = VERTEX_POINT('',#3520);
#3520 = CARTESIAN_POINT('',(-0.8,0.4,4.5E-02));
#3521 = LINE('',#3522,#3523);
#3522 = CARTESIAN_POINT('',(-0.8,-0.4,4.5E-02));
#3523 = VECTOR('',#3524,1.);
#3524 = DIRECTION('',(0.,1.,0.));
#3525 = ORIENTED_EDGE('',*,*,#3526,.T.);
#3526 = EDGE_CURVE('',#3519,#3527,#3529,.T.);
#3527 = VERTEX_POINT('',#3528);
#3528 = CARTESIAN_POINT('',(-0.8,0.4,0.405));
#3529 = LINE('',#3530,#3531);
#3530 = CARTESIAN_POINT('',(-0.8,0.4,0.));
#3531 = VECTOR('',#3532,1.);
#3532 = DIRECTION('',(0.,0.,1.));
#3533 = ORIENTED_EDGE('',*,*,#3534,.F.);
#3534 = EDGE_CURVE('',#3511,#3527,#3535,.T.);
#3535 = LINE('',#3536,#3537);
#3536 = CARTESIAN_POINT('',(-0.8,-0.4,0.405));
#3537 = VECTOR('',#3538,1.);
#3538 = DIRECTION('',(0.,1.,0.));
#3539 = PLANE('',#3540);
#3540 = AXIS2_PLACEMENT_3D('',#3541,#3542,#3543);
#3541 = CARTESIAN_POINT('',(-0.8,-0.4,0.));
#3542 = DIRECTION('',(1.,0.,0.));
#3543 = DIRECTION('',(0.,0.,1.));
#3544 = ADVANCED_FACE('',(#3545),#3622,.F.);
#3545 = FACE_BOUND('',#3546,.F.);
#3546 = EDGE_LOOP('',(#3547,#3557,#3564,#3565,#3574,#3582,#3591,#3599,
    #3607,#3615));
#3547 = ORIENTED_EDGE('',*,*,#3548,.F.);
#3548 = EDGE_CURVE('',#3549,#3551,#3553,.T.);
#3549 = VERTEX_POINT('',#3550);
#3550 = CARTESIAN_POINT('',(-0.755,-0.4,-2.775557561563E-17));
#3551 = VERTEX_POINT('',#3552);
#3552 = CARTESIAN_POINT('',(-0.545,-0.4,-2.775557561563E-17));
#3553 = LINE('',#3554,#3555);
#3554 = CARTESIAN_POINT('',(-0.8,-0.4,0.));
#3555 = VECTOR('',#3556,1.);
#3556 = DIRECTION('',(1.,0.,0.));
#3557 = ORIENTED_EDGE('',*,*,#3558,.F.);
#3558 = EDGE_CURVE('',#3509,#3549,#3559,.T.);
#3559 = CIRCLE('',#3560,4.5E-02);
#3560 = AXIS2_PLACEMENT_3D('',#3561,#3562,#3563);
#3561 = CARTESIAN_POINT('',(-0.755,-0.4,4.5E-02));
#3562 = DIRECTION('',(0.,-1.,0.));
#3563 = DIRECTION('',(0.,0.,1.));
#3564 = ORIENTED_EDGE('',*,*,#3508,.T.);
#3565 = ORIENTED_EDGE('',*,*,#3566,.T.);
#3566 = EDGE_CURVE('',#3511,#3567,#3569,.T.);
#3567 = VERTEX_POINT('',#3568);
#3568 = CARTESIAN_POINT('',(-0.755,-0.4,0.45));
#3569 = CIRCLE('',#3570,4.5E-02);
#3570 = AXIS2_PLACEMENT_3D('',#3571,#3572,#3573);
#3571 = CARTESIAN_POINT('',(-0.755,-0.4,0.405));
#3572 = DIRECTION('',(0.,1.,0.));
#3573 = DIRECTION('',(0.,-0.,1.));
#3574 = ORIENTED_EDGE('',*,*,#3575,.T.);
#3575 = EDGE_CURVE('',#3567,#3576,#3578,.T.);
#3576 = VERTEX_POINT('',#3577);
#3577 = CARTESIAN_POINT('',(-0.545,-0.4,0.45));
#3578 = LINE('',#3579,#3580);
#3579 = CARTESIAN_POINT('',(-0.8,-0.4,0.45));
#3580 = VECTOR('',#3581,1.);
#3581 = DIRECTION('',(1.,0.,0.));
#3582 = ORIENTED_EDGE('',*,*,#3583,.F.);
#3583 = EDGE_CURVE('',#3584,#3576,#3586,.T.);
#3584 = VERTEX_POINT('',#3585);
#3585 = CARTESIAN_POINT('',(-0.5,-0.4,0.405));
#3586 = CIRCLE('',#3587,4.5E-02);
#3587 = AXIS2_PLACEMENT_3D('',#3588,#3589,#3590);
#3588 = CARTESIAN_POINT('',(-0.545,-0.4,0.405));
#3589 = DIRECTION('',(0.,-1.,0.));
#3590 = DIRECTION('',(0.,0.,1.));
#3591 = ORIENTED_EDGE('',*,*,#3592,.F.);
#3592 = EDGE_CURVE('',#3593,#3584,#3595,.T.);
#3593 = VERTEX_POINT('',#3594);
#3594 = CARTESIAN_POINT('',(-0.755,-0.4,0.405));
#3595 = LINE('',#3596,#3597);
#3596 = CARTESIAN_POINT('',(-0.755,-0.4,0.405));
#3597 = VECTOR('',#3598,1.);
#3598 = DIRECTION('',(1.,0.,0.));
#3599 = ORIENTED_EDGE('',*,*,#3600,.F.);
#3600 = EDGE_CURVE('',#3601,#3593,#3603,.T.);
#3601 = VERTEX_POINT('',#3602);
#3602 = CARTESIAN_POINT('',(-0.755,-0.4,4.5E-02));
#3603 = LINE('',#3604,#3605);
#3604 = CARTESIAN_POINT('',(-0.755,-0.4,4.5E-02));
#3605 = VECTOR('',#3606,1.);
#3606 = DIRECTION('',(0.,0.,1.));
#3607 = ORIENTED_EDGE('',*,*,#3608,.T.);
#3608 = EDGE_CURVE('',#3601,#3609,#3611,.T.);
#3609 = VERTEX_POINT('',#3610);
#3610 = CARTESIAN_POINT('',(-0.5,-0.4,4.5E-02));
#3611 = LINE('',#3612,#3613);
#3612 = CARTESIAN_POINT('',(-0.755,-0.4,4.5E-02));
#3613 = VECTOR('',#3614,1.);
#3614 = DIRECTION('',(1.,0.,0.));
#3615 = ORIENTED_EDGE('',*,*,#3616,.T.);
#3616 = EDGE_CURVE('',#3609,#3551,#3617,.T.);
#3617 = CIRCLE('',#3618,4.5E-02);
#3618 = AXIS2_PLACEMENT_3D('',#3619,#3620,#3621);
#3619 = CARTESIAN_POINT('',(-0.545,-0.4,4.5E-02));
#3620 = DIRECTION('',(0.,1.,0.));
#3621 = DIRECTION('',(0.,-0.,1.));
#3622 = PLANE('',#3623);
#3623 = AXIS2_PLACEMENT_3D('',#3624,#3625,#3626);
#3624 = CARTESIAN_POINT('',(-0.8,-0.4,0.));
#3625 = DIRECTION('',(0.,1.,0.));
#3626 = DIRECTION('',(0.,-0.,1.));
#3627 = ADVANCED_FACE('',(#3628),#3647,.T.);
#3628 = FACE_BOUND('',#3629,.T.);
#3629 = EDGE_LOOP('',(#3630,#3631,#3640,#3646));
#3630 = ORIENTED_EDGE('',*,*,#3518,.T.);
#3631 = ORIENTED_EDGE('',*,*,#3632,.T.);
#3632 = EDGE_CURVE('',#3519,#3633,#3635,.T.);
#3633 = VERTEX_POINT('',#3634);
#3634 = CARTESIAN_POINT('',(-0.755,0.4,-2.775557561563E-17));
#3635 = CIRCLE('',#3636,4.5E-02);
#3636 = AXIS2_PLACEMENT_3D('',#3637,#3638,#3639);
#3637 = CARTESIAN_POINT('',(-0.755,0.4,4.5E-02));
#3638 = DIRECTION('',(0.,-1.,0.));
#3639 = DIRECTION('',(0.,0.,1.));
#3640 = ORIENTED_EDGE('',*,*,#3641,.F.);
#3641 = EDGE_CURVE('',#3549,#3633,#3642,.T.);
#3642 = LINE('',#3643,#3644);
#3643 = CARTESIAN_POINT('',(-0.755,-0.4,-2.775557561563E-17));
#3644 = VECTOR('',#3645,1.);
#3645 = DIRECTION('',(0.,1.,0.));
#3646 = ORIENTED_EDGE('',*,*,#3558,.F.);
#3647 = CYLINDRICAL_SURFACE('',#3648,4.5E-02);
#3648 = AXIS2_PLACEMENT_3D('',#3649,#3650,#3651);
#3649 = CARTESIAN_POINT('',(-0.755,-0.4,4.5E-02));
#3650 = DIRECTION('',(0.,1.,0.));
#3651 = DIRECTION('',(-1.,0.,0.));
#3652 = ADVANCED_FACE('',(#3653),#3672,.T.);
#3653 = FACE_BOUND('',#3654,.T.);
#3654 = EDGE_LOOP('',(#3655,#3656,#3664,#3671));
#3655 = ORIENTED_EDGE('',*,*,#3566,.T.);
#3656 = ORIENTED_EDGE('',*,*,#3657,.T.);
#3657 = EDGE_CURVE('',#3567,#3658,#3660,.T.);
#3658 = VERTEX_POINT('',#3659);
#3659 = CARTESIAN_POINT('',(-0.755,0.4,0.45));
#3660 = LINE('',#3661,#3662);
#3661 = CARTESIAN_POINT('',(-0.755,-0.4,0.45));
#3662 = VECTOR('',#3663,1.);
#3663 = DIRECTION('',(0.,1.,0.));
#3664 = ORIENTED_EDGE('',*,*,#3665,.F.);
#3665 = EDGE_CURVE('',#3527,#3658,#3666,.T.);
#3666 = CIRCLE('',#3667,4.5E-02);
#3667 = AXIS2_PLACEMENT_3D('',#3668,#3669,#3670);
#3668 = CARTESIAN_POINT('',(-0.755,0.4,0.405));
#3669 = DIRECTION('',(0.,1.,0.));
#3670 = DIRECTION('',(0.,-0.,1.));
#3671 = ORIENTED_EDGE('',*,*,#3534,.F.);
#3672 = CYLINDRICAL_SURFACE('',#3673,4.5E-02);
#3673 = AXIS2_PLACEMENT_3D('',#3674,#3675,#3676);
#3674 = CARTESIAN_POINT('',(-0.755,-0.4,0.405));
#3675 = DIRECTION('',(0.,1.,0.));
#3676 = DIRECTION('',(-1.,0.,0.));
#3677 = ADVANCED_FACE('',(#3678),#3739,.T.);
#3678 = FACE_BOUND('',#3679,.T.);
#3679 = EDGE_LOOP('',(#3680,#3688,#3689,#3690,#3691,#3699,#3708,#3716,
    #3724,#3732));
#3680 = ORIENTED_EDGE('',*,*,#3681,.F.);
#3681 = EDGE_CURVE('',#3633,#3682,#3684,.T.);
#3682 = VERTEX_POINT('',#3683);
#3683 = CARTESIAN_POINT('',(-0.545,0.4,-2.775557561563E-17));
#3684 = LINE('',#3685,#3686);
#3685 = CARTESIAN_POINT('',(-0.8,0.4,0.));
#3686 = VECTOR('',#3687,1.);
#3687 = DIRECTION('',(1.,0.,0.));
#3688 = ORIENTED_EDGE('',*,*,#3632,.F.);
#3689 = ORIENTED_EDGE('',*,*,#3526,.T.);
#3690 = ORIENTED_EDGE('',*,*,#3665,.T.);
#3691 = ORIENTED_EDGE('',*,*,#3692,.T.);
#3692 = EDGE_CURVE('',#3658,#3693,#3695,.T.);
#3693 = VERTEX_POINT('',#3694);
#3694 = CARTESIAN_POINT('',(-0.545,0.4,0.45));
#3695 = LINE('',#3696,#3697);
#3696 = CARTESIAN_POINT('',(-0.8,0.4,0.45));
#3697 = VECTOR('',#3698,1.);
#3698 = DIRECTION('',(1.,0.,0.));
#3699 = ORIENTED_EDGE('',*,*,#3700,.F.);
#3700 = EDGE_CURVE('',#3701,#3693,#3703,.T.);
#3701 = VERTEX_POINT('',#3702);
#3702 = CARTESIAN_POINT('',(-0.5,0.4,0.405));
#3703 = CIRCLE('',#3704,4.5E-02);
#3704 = AXIS2_PLACEMENT_3D('',#3705,#3706,#3707);
#3705 = CARTESIAN_POINT('',(-0.545,0.4,0.405));
#3706 = DIRECTION('',(0.,-1.,0.));
#3707 = DIRECTION('',(0.,0.,1.));
#3708 = ORIENTED_EDGE('',*,*,#3709,.F.);
#3709 = EDGE_CURVE('',#3710,#3701,#3712,.T.);
#3710 = VERTEX_POINT('',#3711);
#3711 = CARTESIAN_POINT('',(-0.755,0.4,0.405));
#3712 = LINE('',#3713,#3714);
#3713 = CARTESIAN_POINT('',(-0.755,0.4,0.405));
#3714 = VECTOR('',#3715,1.);
#3715 = DIRECTION('',(1.,0.,0.));
#3716 = ORIENTED_EDGE('',*,*,#3717,.F.);
#3717 = EDGE_CURVE('',#3718,#3710,#3720,.T.);
#3718 = VERTEX_POINT('',#3719);
#3719 = CARTESIAN_POINT('',(-0.755,0.4,4.5E-02));
#3720 = LINE('',#3721,#3722);
#3721 = CARTESIAN_POINT('',(-0.755,0.4,4.5E-02));
#3722 = VECTOR('',#3723,1.);
#3723 = DIRECTION('',(0.,0.,1.));
#3724 = ORIENTED_EDGE('',*,*,#3725,.T.);
#3725 = EDGE_CURVE('',#3718,#3726,#3728,.T.);
#3726 = VERTEX_POINT('',#3727);
#3727 = CARTESIAN_POINT('',(-0.5,0.4,4.5E-02));
#3728 = LINE('',#3729,#3730);
#3729 = CARTESIAN_POINT('',(-0.755,0.4,4.5E-02));
#3730 = VECTOR('',#3731,1.);
#3731 = DIRECTION('',(1.,0.,0.));
#3732 = ORIENTED_EDGE('',*,*,#3733,.T.);
#3733 = EDGE_CURVE('',#3726,#3682,#3734,.T.);
#3734 = CIRCLE('',#3735,4.5E-02);
#3735 = AXIS2_PLACEMENT_3D('',#3736,#3737,#3738);
#3736 = CARTESIAN_POINT('',(-0.545,0.4,4.5E-02));
#3737 = DIRECTION('',(0.,1.,0.));
#3738 = DIRECTION('',(0.,-0.,1.));
#3739 = PLANE('',#3740);
#3740 = AXIS2_PLACEMENT_3D('',#3741,#3742,#3743);
#3741 = CARTESIAN_POINT('',(-0.8,0.4,0.));
#3742 = DIRECTION('',(0.,1.,0.));
#3743 = DIRECTION('',(0.,-0.,1.));
#3744 = ADVANCED_FACE('',(#3745),#3756,.F.);
#3745 = FACE_BOUND('',#3746,.F.);
#3746 = EDGE_LOOP('',(#3747,#3748,#3749,#3750));
#3747 = ORIENTED_EDGE('',*,*,#3681,.F.);
#3748 = ORIENTED_EDGE('',*,*,#3641,.F.);
#3749 = ORIENTED_EDGE('',*,*,#3548,.T.);
#3750 = ORIENTED_EDGE('',*,*,#3751,.T.);
#3751 = EDGE_CURVE('',#3551,#3682,#3752,.T.);
#3752 = LINE('',#3753,#3754);
#3753 = CARTESIAN_POINT('',(-0.545,-0.4,-2.775557561563E-17));
#3754 = VECTOR('',#3755,1.);
#3755 = DIRECTION('',(0.,1.,0.));
#3756 = PLANE('',#3757);
#3757 = AXIS2_PLACEMENT_3D('',#3758,#3759,#3760);
#3758 = CARTESIAN_POINT('',(-0.8,-0.4,0.));
#3759 = DIRECTION('',(0.,0.,1.));
#3760 = DIRECTION('',(1.,0.,-0.));
#3761 = ADVANCED_FACE('',(#3762),#3773,.T.);
#3762 = FACE_BOUND('',#3763,.T.);
#3763 = EDGE_LOOP('',(#3764,#3765,#3766,#3767));
#3764 = ORIENTED_EDGE('',*,*,#3616,.T.);
#3765 = ORIENTED_EDGE('',*,*,#3751,.T.);
#3766 = ORIENTED_EDGE('',*,*,#3733,.F.);
#3767 = ORIENTED_EDGE('',*,*,#3768,.F.);
#3768 = EDGE_CURVE('',#3609,#3726,#3769,.T.);
#3769 = LINE('',#3770,#3771);
#3770 = CARTESIAN_POINT('',(-0.5,-0.4,4.5E-02));
#3771 = VECTOR('',#3772,1.);
#3772 = DIRECTION('',(0.,1.,0.));
#3773 = CYLINDRICAL_SURFACE('',#3774,4.5E-02);
#3774 = AXIS2_PLACEMENT_3D('',#3775,#3776,#3777);
#3775 = CARTESIAN_POINT('',(-0.545,-0.4,4.5E-02));
#3776 = DIRECTION('',(0.,1.,0.));
#3777 = DIRECTION('',(1.,0.,0.));
#3778 = ADVANCED_FACE('',(#3779),#3822,.F.);
#3779 = FACE_BOUND('',#3780,.F.);
#3780 = EDGE_LOOP('',(#3781,#3782,#3783,#3784,#3792,#3800,#3808,#3816));
#3781 = ORIENTED_EDGE('',*,*,#3608,.F.);
#3782 = ORIENTED_EDGE('',*,*,#3600,.T.);
#3783 = ORIENTED_EDGE('',*,*,#3592,.T.);
#3784 = ORIENTED_EDGE('',*,*,#3785,.T.);
#3785 = EDGE_CURVE('',#3584,#3786,#3788,.T.);
#3786 = VERTEX_POINT('',#3787);
#3787 = CARTESIAN_POINT('',(0.5,-0.4,0.405));
#3788 = LINE('',#3789,#3790);
#3789 = CARTESIAN_POINT('',(-0.5,-0.4,0.405));
#3790 = VECTOR('',#3791,1.);
#3791 = DIRECTION('',(1.,0.,0.));
#3792 = ORIENTED_EDGE('',*,*,#3793,.T.);
#3793 = EDGE_CURVE('',#3786,#3794,#3796,.T.);
#3794 = VERTEX_POINT('',#3795);
#3795 = CARTESIAN_POINT('',(0.755,-0.4,0.405));
#3796 = LINE('',#3797,#3798);
#3797 = CARTESIAN_POINT('',(-0.755,-0.4,0.405));
#3798 = VECTOR('',#3799,1.);
#3799 = DIRECTION('',(1.,0.,0.));
#3800 = ORIENTED_EDGE('',*,*,#3801,.F.);
#3801 = EDGE_CURVE('',#3802,#3794,#3804,.T.);
#3802 = VERTEX_POINT('',#3803);
#3803 = CARTESIAN_POINT('',(0.755,-0.4,4.5E-02));
#3804 = LINE('',#3805,#3806);
#3805 = CARTESIAN_POINT('',(0.755,-0.4,4.5E-02));
#3806 = VECTOR('',#3807,1.);
#3807 = DIRECTION('',(0.,0.,1.));
#3808 = ORIENTED_EDGE('',*,*,#3809,.F.);
#3809 = EDGE_CURVE('',#3810,#3802,#3812,.T.);
#3810 = VERTEX_POINT('',#3811);
#3811 = CARTESIAN_POINT('',(0.5,-0.4,4.5E-02));
#3812 = LINE('',#3813,#3814);
#3813 = CARTESIAN_POINT('',(-0.755,-0.4,4.5E-02));
#3814 = VECTOR('',#3815,1.);
#3815 = DIRECTION('',(1.,0.,0.));
#3816 = ORIENTED_EDGE('',*,*,#3817,.F.);
#3817 = EDGE_CURVE('',#3609,#3810,#3818,.T.);
#3818 = LINE('',#3819,#3820);
#3819 = CARTESIAN_POINT('',(-0.755,-0.4,4.5E-02));
#3820 = VECTOR('',#3821,1.);
#3821 = DIRECTION('',(1.,0.,0.));
#3822 = PLANE('',#3823);
#3823 = AXIS2_PLACEMENT_3D('',#3824,#3825,#3826);
#3824 = CARTESIAN_POINT('',(-0.755,-0.4,4.5E-02));
#3825 = DIRECTION('',(0.,1.,0.));
#3826 = DIRECTION('',(0.,-0.,1.));
#3827 = ADVANCED_FACE('',(#3828),#3839,.T.);
#3828 = FACE_BOUND('',#3829,.T.);
#3829 = EDGE_LOOP('',(#3830,#3831,#3832,#3833));
#3830 = ORIENTED_EDGE('',*,*,#3692,.F.);
#3831 = ORIENTED_EDGE('',*,*,#3657,.F.);
#3832 = ORIENTED_EDGE('',*,*,#3575,.T.);
#3833 = ORIENTED_EDGE('',*,*,#3834,.T.);
#3834 = EDGE_CURVE('',#3576,#3693,#3835,.T.);
#3835 = LINE('',#3836,#3837);
#3836 = CARTESIAN_POINT('',(-0.545,-0.4,0.45));
#3837 = VECTOR('',#3838,1.);
#3838 = DIRECTION('',(0.,1.,0.));
#3839 = PLANE('',#3840);
#3840 = AXIS2_PLACEMENT_3D('',#3841,#3842,#3843);
#3841 = CARTESIAN_POINT('',(-0.8,-0.4,0.45));
#3842 = DIRECTION('',(0.,0.,1.));
#3843 = DIRECTION('',(1.,0.,-0.));
#3844 = ADVANCED_FACE('',(#3845),#3856,.T.);
#3845 = FACE_BOUND('',#3846,.T.);
#3846 = EDGE_LOOP('',(#3847,#3853,#3854,#3855));
#3847 = ORIENTED_EDGE('',*,*,#3848,.T.);
#3848 = EDGE_CURVE('',#3584,#3701,#3849,.T.);
#3849 = LINE('',#3850,#3851);
#3850 = CARTESIAN_POINT('',(-0.5,-0.4,0.405));
#3851 = VECTOR('',#3852,1.);
#3852 = DIRECTION('',(0.,1.,0.));
#3853 = ORIENTED_EDGE('',*,*,#3700,.T.);
#3854 = ORIENTED_EDGE('',*,*,#3834,.F.);
#3855 = ORIENTED_EDGE('',*,*,#3583,.F.);
#3856 = CYLINDRICAL_SURFACE('',#3857,4.5E-02);
#3857 = AXIS2_PLACEMENT_3D('',#3858,#3859,#3860);
#3858 = CARTESIAN_POINT('',(-0.545,-0.4,0.405));
#3859 = DIRECTION('',(0.,1.,0.));
#3860 = DIRECTION('',(1.,0.,0.));
#3861 = ADVANCED_FACE('',(#3862),#3905,.T.);
#3862 = FACE_BOUND('',#3863,.T.);
#3863 = EDGE_LOOP('',(#3864,#3865,#3866,#3867,#3875,#3883,#3891,#3899));
#3864 = ORIENTED_EDGE('',*,*,#3725,.F.);
#3865 = ORIENTED_EDGE('',*,*,#3717,.T.);
#3866 = ORIENTED_EDGE('',*,*,#3709,.T.);
#3867 = ORIENTED_EDGE('',*,*,#3868,.T.);
#3868 = EDGE_CURVE('',#3701,#3869,#3871,.T.);
#3869 = VERTEX_POINT('',#3870);
#3870 = CARTESIAN_POINT('',(0.5,0.4,0.405));
#3871 = LINE('',#3872,#3873);
#3872 = CARTESIAN_POINT('',(-0.5,0.4,0.405));
#3873 = VECTOR('',#3874,1.);
#3874 = DIRECTION('',(1.,0.,0.));
#3875 = ORIENTED_EDGE('',*,*,#3876,.T.);
#3876 = EDGE_CURVE('',#3869,#3877,#3879,.T.);
#3877 = VERTEX_POINT('',#3878);
#3878 = CARTESIAN_POINT('',(0.755,0.4,0.405));
#3879 = LINE('',#3880,#3881);
#3880 = CARTESIAN_POINT('',(-0.755,0.4,0.405));
#3881 = VECTOR('',#3882,1.);
#3882 = DIRECTION('',(1.,0.,0.));
#3883 = ORIENTED_EDGE('',*,*,#3884,.F.);
#3884 = EDGE_CURVE('',#3885,#3877,#3887,.T.);
#3885 = VERTEX_POINT('',#3886);
#3886 = CARTESIAN_POINT('',(0.755,0.4,4.5E-02));
#3887 = LINE('',#3888,#3889);
#3888 = CARTESIAN_POINT('',(0.755,0.4,4.5E-02));
#3889 = VECTOR('',#3890,1.);
#3890 = DIRECTION('',(0.,0.,1.));
#3891 = ORIENTED_EDGE('',*,*,#3892,.F.);
#3892 = EDGE_CURVE('',#3893,#3885,#3895,.T.);
#3893 = VERTEX_POINT('',#3894);
#3894 = CARTESIAN_POINT('',(0.5,0.4,4.5E-02));
#3895 = LINE('',#3896,#3897);
#3896 = CARTESIAN_POINT('',(-0.755,0.4,4.5E-02));
#3897 = VECTOR('',#3898,1.);
#3898 = DIRECTION('',(1.,0.,0.));
#3899 = ORIENTED_EDGE('',*,*,#3900,.F.);
#3900 = EDGE_CURVE('',#3726,#3893,#3901,.T.);
#3901 = LINE('',#3902,#3903);
#3902 = CARTESIAN_POINT('',(-0.755,0.4,4.5E-02));
#3903 = VECTOR('',#3904,1.);
#3904 = DIRECTION('',(1.,0.,0.));
#3905 = PLANE('',#3906);
#3906 = AXIS2_PLACEMENT_3D('',#3907,#3908,#3909);
#3907 = CARTESIAN_POINT('',(-0.755,0.4,4.5E-02));
#3908 = DIRECTION('',(0.,1.,0.));
#3909 = DIRECTION('',(0.,-0.,1.));
#3910 = ADVANCED_FACE('',(#3911),#3922,.F.);
#3911 = FACE_BOUND('',#3912,.F.);
#3912 = EDGE_LOOP('',(#3913,#3914,#3915,#3921));
#3913 = ORIENTED_EDGE('',*,*,#3768,.F.);
#3914 = ORIENTED_EDGE('',*,*,#3817,.T.);
#3915 = ORIENTED_EDGE('',*,*,#3916,.T.);
#3916 = EDGE_CURVE('',#3810,#3893,#3917,.T.);
#3917 = LINE('',#3918,#3919);
#3918 = CARTESIAN_POINT('',(0.5,-0.4,4.5E-02));
#3919 = VECTOR('',#3920,1.);
#3920 = DIRECTION('',(0.,1.,0.));
#3921 = ORIENTED_EDGE('',*,*,#3900,.F.);
#3922 = PLANE('',#3923);
#3923 = AXIS2_PLACEMENT_3D('',#3924,#3925,#3926);
#3924 = CARTESIAN_POINT('',(-0.755,-0.4,4.5E-02));
#3925 = DIRECTION('',(0.,0.,1.));
#3926 = DIRECTION('',(1.,0.,-0.));
#3927 = ADVANCED_FACE('',(#3928),#3991,.F.);
#3928 = FACE_BOUND('',#3929,.F.);
#3929 = EDGE_LOOP('',(#3930,#3940,#3947,#3948,#3949,#3950,#3959,#3967,
    #3976,#3984));
#3930 = ORIENTED_EDGE('',*,*,#3931,.F.);
#3931 = EDGE_CURVE('',#3932,#3934,#3936,.T.);
#3932 = VERTEX_POINT('',#3933);
#3933 = CARTESIAN_POINT('',(0.545,-0.4,-2.775557561563E-17));
#3934 = VERTEX_POINT('',#3935);
#3935 = CARTESIAN_POINT('',(0.755,-0.4,-2.775557561563E-17));
#3936 = LINE('',#3937,#3938);
#3937 = CARTESIAN_POINT('',(0.5,-0.4,0.));
#3938 = VECTOR('',#3939,1.);
#3939 = DIRECTION('',(1.,0.,0.));
#3940 = ORIENTED_EDGE('',*,*,#3941,.F.);
#3941 = EDGE_CURVE('',#3810,#3932,#3942,.T.);
#3942 = CIRCLE('',#3943,4.5E-02);
#3943 = AXIS2_PLACEMENT_3D('',#3944,#3945,#3946);
#3944 = CARTESIAN_POINT('',(0.545,-0.4,4.5E-02));
#3945 = DIRECTION('',(0.,-1.,0.));
#3946 = DIRECTION('',(0.,0.,1.));
#3947 = ORIENTED_EDGE('',*,*,#3809,.T.);
#3948 = ORIENTED_EDGE('',*,*,#3801,.T.);
#3949 = ORIENTED_EDGE('',*,*,#3793,.F.);
#3950 = ORIENTED_EDGE('',*,*,#3951,.T.);
#3951 = EDGE_CURVE('',#3786,#3952,#3954,.T.);
#3952 = VERTEX_POINT('',#3953);
#3953 = CARTESIAN_POINT('',(0.545,-0.4,0.45));
#3954 = CIRCLE('',#3955,4.5E-02);
#3955 = AXIS2_PLACEMENT_3D('',#3956,#3957,#3958);
#3956 = CARTESIAN_POINT('',(0.545,-0.4,0.405));
#3957 = DIRECTION('',(0.,1.,0.));
#3958 = DIRECTION('',(0.,-0.,1.));
#3959 = ORIENTED_EDGE('',*,*,#3960,.T.);
#3960 = EDGE_CURVE('',#3952,#3961,#3963,.T.);
#3961 = VERTEX_POINT('',#3962);
#3962 = CARTESIAN_POINT('',(0.755,-0.4,0.45));
#3963 = LINE('',#3964,#3965);
#3964 = CARTESIAN_POINT('',(0.5,-0.4,0.45));
#3965 = VECTOR('',#3966,1.);
#3966 = DIRECTION('',(1.,0.,0.));
#3967 = ORIENTED_EDGE('',*,*,#3968,.F.);
#3968 = EDGE_CURVE('',#3969,#3961,#3971,.T.);
#3969 = VERTEX_POINT('',#3970);
#3970 = CARTESIAN_POINT('',(0.8,-0.4,0.405));
#3971 = CIRCLE('',#3972,4.5E-02);
#3972 = AXIS2_PLACEMENT_3D('',#3973,#3974,#3975);
#3973 = CARTESIAN_POINT('',(0.755,-0.4,0.405));
#3974 = DIRECTION('',(0.,-1.,0.));
#3975 = DIRECTION('',(0.,0.,1.));
#3976 = ORIENTED_EDGE('',*,*,#3977,.F.);
#3977 = EDGE_CURVE('',#3978,#3969,#3980,.T.);
#3978 = VERTEX_POINT('',#3979);
#3979 = CARTESIAN_POINT('',(0.8,-0.4,4.5E-02));
#3980 = LINE('',#3981,#3982);
#3981 = CARTESIAN_POINT('',(0.8,-0.4,0.));
#3982 = VECTOR('',#3983,1.);
#3983 = DIRECTION('',(0.,0.,1.));
#3984 = ORIENTED_EDGE('',*,*,#3985,.T.);
#3985 = EDGE_CURVE('',#3978,#3934,#3986,.T.);
#3986 = CIRCLE('',#3987,4.5E-02);
#3987 = AXIS2_PLACEMENT_3D('',#3988,#3989,#3990);
#3988 = CARTESIAN_POINT('',(0.755,-0.4,4.5E-02));
#3989 = DIRECTION('',(0.,1.,0.));
#3990 = DIRECTION('',(0.,-0.,1.));
#3991 = PLANE('',#3992);
#3992 = AXIS2_PLACEMENT_3D('',#3993,#3994,#3995);
#3993 = CARTESIAN_POINT('',(0.5,-0.4,0.));
#3994 = DIRECTION('',(0.,1.,0.));
#3995 = DIRECTION('',(0.,-0.,1.));
#3996 = ADVANCED_FACE('',(#3997),#4022,.F.);
#3997 = FACE_BOUND('',#3998,.F.);
#3998 = EDGE_LOOP('',(#3999,#4000,#4008,#4016));
#3999 = ORIENTED_EDGE('',*,*,#3785,.F.);
#4000 = ORIENTED_EDGE('',*,*,#4001,.T.);
#4001 = EDGE_CURVE('',#3584,#4002,#4004,.T.);
#4002 = VERTEX_POINT('',#4003);
#4003 = CARTESIAN_POINT('',(-0.5,-0.4,0.45));
#4004 = LINE('',#4005,#4006);
#4005 = CARTESIAN_POINT('',(-0.5,-0.4,0.405));
#4006 = VECTOR('',#4007,1.);
#4007 = DIRECTION('',(0.,0.,1.));
#4008 = ORIENTED_EDGE('',*,*,#4009,.T.);
#4009 = EDGE_CURVE('',#4002,#4010,#4012,.T.);
#4010 = VERTEX_POINT('',#4011);
#4011 = CARTESIAN_POINT('',(0.5,-0.4,0.45));
#4012 = LINE('',#4013,#4014);
#4013 = CARTESIAN_POINT('',(-0.5,-0.4,0.45));
#4014 = VECTOR('',#4015,1.);
#4015 = DIRECTION('',(1.,0.,0.));
#4016 = ORIENTED_EDGE('',*,*,#4017,.F.);
#4017 = EDGE_CURVE('',#3786,#4010,#4018,.T.);
#4018 = LINE('',#4019,#4020);
#4019 = CARTESIAN_POINT('',(0.5,-0.4,0.405));
#4020 = VECTOR('',#4021,1.);
#4021 = DIRECTION('',(0.,0.,1.));
#4022 = PLANE('',#4023);
#4023 = AXIS2_PLACEMENT_3D('',#4024,#4025,#4026);
#4024 = CARTESIAN_POINT('',(-0.5,-0.4,0.405));
#4025 = DIRECTION('',(0.,1.,0.));
#4026 = DIRECTION('',(0.,-0.,1.));
#4027 = ADVANCED_FACE('',(#4028),#4046,.F.);
#4028 = FACE_BOUND('',#4029,.F.);
#4029 = EDGE_LOOP('',(#4030,#4031,#4032,#4040));
#4030 = ORIENTED_EDGE('',*,*,#4001,.F.);
#4031 = ORIENTED_EDGE('',*,*,#3848,.T.);
#4032 = ORIENTED_EDGE('',*,*,#4033,.T.);
#4033 = EDGE_CURVE('',#3701,#4034,#4036,.T.);
#4034 = VERTEX_POINT('',#4035);
#4035 = CARTESIAN_POINT('',(-0.5,0.4,0.45));
#4036 = LINE('',#4037,#4038);
#4037 = CARTESIAN_POINT('',(-0.5,0.4,0.405));
#4038 = VECTOR('',#4039,1.);
#4039 = DIRECTION('',(0.,0.,1.));
#4040 = ORIENTED_EDGE('',*,*,#4041,.F.);
#4041 = EDGE_CURVE('',#4002,#4034,#4042,.T.);
#4042 = LINE('',#4043,#4044);
#4043 = CARTESIAN_POINT('',(-0.5,-0.4,0.45));
#4044 = VECTOR('',#4045,1.);
#4045 = DIRECTION('',(0.,1.,0.));
#4046 = PLANE('',#4047);
#4047 = AXIS2_PLACEMENT_3D('',#4048,#4049,#4050);
#4048 = CARTESIAN_POINT('',(-0.5,-0.4,0.405));
#4049 = DIRECTION('',(1.,0.,0.));
#4050 = DIRECTION('',(0.,0.,1.));
#4051 = ADVANCED_FACE('',(#4052),#4115,.T.);
#4052 = FACE_BOUND('',#4053,.T.);
#4053 = EDGE_LOOP('',(#4054,#4064,#4071,#4072,#4073,#4074,#4083,#4091,
    #4100,#4108));
#4054 = ORIENTED_EDGE('',*,*,#4055,.F.);
#4055 = EDGE_CURVE('',#4056,#4058,#4060,.T.);
#4056 = VERTEX_POINT('',#4057);
#4057 = CARTESIAN_POINT('',(0.545,0.4,-2.775557561563E-17));
#4058 = VERTEX_POINT('',#4059);
#4059 = CARTESIAN_POINT('',(0.755,0.4,-2.775557561563E-17));
#4060 = LINE('',#4061,#4062);
#4061 = CARTESIAN_POINT('',(0.5,0.4,0.));
#4062 = VECTOR('',#4063,1.);
#4063 = DIRECTION('',(1.,0.,0.));
#4064 = ORIENTED_EDGE('',*,*,#4065,.F.);
#4065 = EDGE_CURVE('',#3893,#4056,#4066,.T.);
#4066 = CIRCLE('',#4067,4.5E-02);
#4067 = AXIS2_PLACEMENT_3D('',#4068,#4069,#4070);
#4068 = CARTESIAN_POINT('',(0.545,0.4,4.5E-02));
#4069 = DIRECTION('',(0.,-1.,0.));
#4070 = DIRECTION('',(0.,0.,1.));
#4071 = ORIENTED_EDGE('',*,*,#3892,.T.);
#4072 = ORIENTED_EDGE('',*,*,#3884,.T.);
#4073 = ORIENTED_EDGE('',*,*,#3876,.F.);
#4074 = ORIENTED_EDGE('',*,*,#4075,.T.);
#4075 = EDGE_CURVE('',#3869,#4076,#4078,.T.);
#4076 = VERTEX_POINT('',#4077);
#4077 = CARTESIAN_POINT('',(0.545,0.4,0.45));
#4078 = CIRCLE('',#4079,4.5E-02);
#4079 = AXIS2_PLACEMENT_3D('',#4080,#4081,#4082);
#4080 = CARTESIAN_POINT('',(0.545,0.4,0.405));
#4081 = DIRECTION('',(0.,1.,0.));
#4082 = DIRECTION('',(0.,-0.,1.));
#4083 = ORIENTED_EDGE('',*,*,#4084,.T.);
#4084 = EDGE_CURVE('',#4076,#4085,#4087,.T.);
#4085 = VERTEX_POINT('',#4086);
#4086 = CARTESIAN_POINT('',(0.755,0.4,0.45));
#4087 = LINE('',#4088,#4089);
#4088 = CARTESIAN_POINT('',(0.5,0.4,0.45));
#4089 = VECTOR('',#4090,1.);
#4090 = DIRECTION('',(1.,0.,0.));
#4091 = ORIENTED_EDGE('',*,*,#4092,.F.);
#4092 = EDGE_CURVE('',#4093,#4085,#4095,.T.);
#4093 = VERTEX_POINT('',#4094);
#4094 = CARTESIAN_POINT('',(0.8,0.4,0.405));
#4095 = CIRCLE('',#4096,4.5E-02);
#4096 = AXIS2_PLACEMENT_3D('',#4097,#4098,#4099);
#4097 = CARTESIAN_POINT('',(0.755,0.4,0.405));
#4098 = DIRECTION('',(0.,-1.,0.));
#4099 = DIRECTION('',(0.,0.,1.));
#4100 = ORIENTED_EDGE('',*,*,#4101,.F.);
#4101 = EDGE_CURVE('',#4102,#4093,#4104,.T.);
#4102 = VERTEX_POINT('',#4103);
#4103 = CARTESIAN_POINT('',(0.8,0.4,4.5E-02));
#4104 = LINE('',#4105,#4106);
#4105 = CARTESIAN_POINT('',(0.8,0.4,0.));
#4106 = VECTOR('',#4107,1.);
#4107 = DIRECTION('',(0.,0.,1.));
#4108 = ORIENTED_EDGE('',*,*,#4109,.T.);
#4109 = EDGE_CURVE('',#4102,#4058,#4110,.T.);
#4110 = CIRCLE('',#4111,4.5E-02);
#4111 = AXIS2_PLACEMENT_3D('',#4112,#4113,#4114);
#4112 = CARTESIAN_POINT('',(0.755,0.4,4.5E-02));
#4113 = DIRECTION('',(0.,1.,0.));
#4114 = DIRECTION('',(0.,-0.,1.));
#4115 = PLANE('',#4116);
#4116 = AXIS2_PLACEMENT_3D('',#4117,#4118,#4119);
#4117 = CARTESIAN_POINT('',(0.5,0.4,0.));
#4118 = DIRECTION('',(0.,1.,0.));
#4119 = DIRECTION('',(0.,-0.,1.));
#4120 = ADVANCED_FACE('',(#4121),#4139,.T.);
#4121 = FACE_BOUND('',#4122,.T.);
#4122 = EDGE_LOOP('',(#4123,#4124,#4125,#4133));
#4123 = ORIENTED_EDGE('',*,*,#3868,.F.);
#4124 = ORIENTED_EDGE('',*,*,#4033,.T.);
#4125 = ORIENTED_EDGE('',*,*,#4126,.T.);
#4126 = EDGE_CURVE('',#4034,#4127,#4129,.T.);
#4127 = VERTEX_POINT('',#4128);
#4128 = CARTESIAN_POINT('',(0.5,0.4,0.45));
#4129 = LINE('',#4130,#4131);
#4130 = CARTESIAN_POINT('',(-0.5,0.4,0.45));
#4131 = VECTOR('',#4132,1.);
#4132 = DIRECTION('',(1.,0.,0.));
#4133 = ORIENTED_EDGE('',*,*,#4134,.F.);
#4134 = EDGE_CURVE('',#3869,#4127,#4135,.T.);
#4135 = LINE('',#4136,#4137);
#4136 = CARTESIAN_POINT('',(0.5,0.4,0.405));
#4137 = VECTOR('',#4138,1.);
#4138 = DIRECTION('',(0.,0.,1.));
#4139 = PLANE('',#4140);
#4140 = AXIS2_PLACEMENT_3D('',#4141,#4142,#4143);
#4141 = CARTESIAN_POINT('',(-0.5,0.4,0.405));
#4142 = DIRECTION('',(0.,1.,0.));
#4143 = DIRECTION('',(0.,-0.,1.));
#4144 = ADVANCED_FACE('',(#4145),#4156,.T.);
#4145 = FACE_BOUND('',#4146,.T.);
#4146 = EDGE_LOOP('',(#4147,#4148,#4149,#4155));
#4147 = ORIENTED_EDGE('',*,*,#3916,.T.);
#4148 = ORIENTED_EDGE('',*,*,#4065,.T.);
#4149 = ORIENTED_EDGE('',*,*,#4150,.F.);
#4150 = EDGE_CURVE('',#3932,#4056,#4151,.T.);
#4151 = LINE('',#4152,#4153);
#4152 = CARTESIAN_POINT('',(0.545,-0.4,-2.775557561563E-17));
#4153 = VECTOR('',#4154,1.);
#4154 = DIRECTION('',(0.,1.,0.));
#4155 = ORIENTED_EDGE('',*,*,#3941,.F.);
#4156 = CYLINDRICAL_SURFACE('',#4157,4.5E-02);
#4157 = AXIS2_PLACEMENT_3D('',#4158,#4159,#4160);
#4158 = CARTESIAN_POINT('',(0.545,-0.4,4.5E-02));
#4159 = DIRECTION('',(0.,1.,0.));
#4160 = DIRECTION('',(-1.,0.,0.));
#4161 = ADVANCED_FACE('',(#4162),#4173,.F.);
#4162 = FACE_BOUND('',#4163,.F.);
#4163 = EDGE_LOOP('',(#4164,#4165,#4166,#4167));
#4164 = ORIENTED_EDGE('',*,*,#4055,.F.);
#4165 = ORIENTED_EDGE('',*,*,#4150,.F.);
#4166 = ORIENTED_EDGE('',*,*,#3931,.T.);
#4167 = ORIENTED_EDGE('',*,*,#4168,.T.);
#4168 = EDGE_CURVE('',#3934,#4058,#4169,.T.);
#4169 = LINE('',#4170,#4171);
#4170 = CARTESIAN_POINT('',(0.755,-0.4,-2.775557561563E-17));
#4171 = VECTOR('',#4172,1.);
#4172 = DIRECTION('',(0.,1.,0.));
#4173 = PLANE('',#4174);
#4174 = AXIS2_PLACEMENT_3D('',#4175,#4176,#4177);
#4175 = CARTESIAN_POINT('',(0.5,-0.4,0.));
#4176 = DIRECTION('',(0.,0.,1.));
#4177 = DIRECTION('',(1.,0.,-0.));
#4178 = ADVANCED_FACE('',(#4179),#4190,.T.);
#4179 = FACE_BOUND('',#4180,.T.);
#4180 = EDGE_LOOP('',(#4181,#4182,#4183,#4184));
#4181 = ORIENTED_EDGE('',*,*,#3985,.T.);
#4182 = ORIENTED_EDGE('',*,*,#4168,.T.);
#4183 = ORIENTED_EDGE('',*,*,#4109,.F.);
#4184 = ORIENTED_EDGE('',*,*,#4185,.F.);
#4185 = EDGE_CURVE('',#3978,#4102,#4186,.T.);
#4186 = LINE('',#4187,#4188);
#4187 = CARTESIAN_POINT('',(0.8,-0.4,4.5E-02));
#4188 = VECTOR('',#4189,1.);
#4189 = DIRECTION('',(0.,1.,0.));
#4190 = CYLINDRICAL_SURFACE('',#4191,4.5E-02);
#4191 = AXIS2_PLACEMENT_3D('',#4192,#4193,#4194);
#4192 = CARTESIAN_POINT('',(0.755,-0.4,4.5E-02));
#4193 = DIRECTION('',(0.,1.,0.));
#4194 = DIRECTION('',(1.,0.,0.));
#4195 = ADVANCED_FACE('',(#4196),#4207,.T.);
#4196 = FACE_BOUND('',#4197,.T.);
#4197 = EDGE_LOOP('',(#4198,#4199,#4200,#4201));
#4198 = ORIENTED_EDGE('',*,*,#3977,.F.);
#4199 = ORIENTED_EDGE('',*,*,#4185,.T.);
#4200 = ORIENTED_EDGE('',*,*,#4101,.T.);
#4201 = ORIENTED_EDGE('',*,*,#4202,.F.);
#4202 = EDGE_CURVE('',#3969,#4093,#4203,.T.);
#4203 = LINE('',#4204,#4205);
#4204 = CARTESIAN_POINT('',(0.8,-0.4,0.405));
#4205 = VECTOR('',#4206,1.);
#4206 = DIRECTION('',(0.,1.,0.));
#4207 = PLANE('',#4208);
#4208 = AXIS2_PLACEMENT_3D('',#4209,#4210,#4211);
#4209 = CARTESIAN_POINT('',(0.8,-0.4,0.));
#4210 = DIRECTION('',(1.,0.,0.));
#4211 = DIRECTION('',(0.,0.,1.));
#4212 = ADVANCED_FACE('',(#4213),#4224,.T.);
#4213 = FACE_BOUND('',#4214,.T.);
#4214 = EDGE_LOOP('',(#4215,#4216,#4217,#4223));
#4215 = ORIENTED_EDGE('',*,*,#4202,.T.);
#4216 = ORIENTED_EDGE('',*,*,#4092,.T.);
#4217 = ORIENTED_EDGE('',*,*,#4218,.F.);
#4218 = EDGE_CURVE('',#3961,#4085,#4219,.T.);
#4219 = LINE('',#4220,#4221);
#4220 = CARTESIAN_POINT('',(0.755,-0.4,0.45));
#4221 = VECTOR('',#4222,1.);
#4222 = DIRECTION('',(0.,1.,0.));
#4223 = ORIENTED_EDGE('',*,*,#3968,.F.);
#4224 = CYLINDRICAL_SURFACE('',#4225,4.5E-02);
#4225 = AXIS2_PLACEMENT_3D('',#4226,#4227,#4228);
#4226 = CARTESIAN_POINT('',(0.755,-0.4,0.405));
#4227 = DIRECTION('',(0.,1.,0.));
#4228 = DIRECTION('',(1.,0.,0.));
#4229 = ADVANCED_FACE('',(#4230),#4241,.T.);
#4230 = FACE_BOUND('',#4231,.T.);
#4231 = EDGE_LOOP('',(#4232,#4233,#4239,#4240));
#4232 = ORIENTED_EDGE('',*,*,#4084,.F.);
#4233 = ORIENTED_EDGE('',*,*,#4234,.F.);
#4234 = EDGE_CURVE('',#3952,#4076,#4235,.T.);
#4235 = LINE('',#4236,#4237);
#4236 = CARTESIAN_POINT('',(0.545,-0.4,0.45));
#4237 = VECTOR('',#4238,1.);
#4238 = DIRECTION('',(0.,1.,0.));
#4239 = ORIENTED_EDGE('',*,*,#3960,.T.);
#4240 = ORIENTED_EDGE('',*,*,#4218,.T.);
#4241 = PLANE('',#4242);
#4242 = AXIS2_PLACEMENT_3D('',#4243,#4244,#4245);
#4243 = CARTESIAN_POINT('',(0.5,-0.4,0.45));
#4244 = DIRECTION('',(0.,0.,1.));
#4245 = DIRECTION('',(1.,0.,-0.));
#4246 = ADVANCED_FACE('',(#4247),#4258,.T.);
#4247 = FACE_BOUND('',#4248,.T.);
#4248 = EDGE_LOOP('',(#4249,#4250,#4251,#4252));
#4249 = ORIENTED_EDGE('',*,*,#3951,.T.);
#4250 = ORIENTED_EDGE('',*,*,#4234,.T.);
#4251 = ORIENTED_EDGE('',*,*,#4075,.F.);
#4252 = ORIENTED_EDGE('',*,*,#4253,.F.);
#4253 = EDGE_CURVE('',#3786,#3869,#4254,.T.);
#4254 = LINE('',#4255,#4256);
#4255 = CARTESIAN_POINT('',(0.5,-0.4,0.405));
#4256 = VECTOR('',#4257,1.);
#4257 = DIRECTION('',(0.,1.,0.));
#4258 = CYLINDRICAL_SURFACE('',#4259,4.5E-02);
#4259 = AXIS2_PLACEMENT_3D('',#4260,#4261,#4262);
#4260 = CARTESIAN_POINT('',(0.545,-0.4,0.405));
#4261 = DIRECTION('',(0.,1.,0.));
#4262 = DIRECTION('',(-1.,0.,0.));
#4263 = ADVANCED_FACE('',(#4264),#4275,.T.);
#4264 = FACE_BOUND('',#4265,.T.);
#4265 = EDGE_LOOP('',(#4266,#4267,#4268,#4269));
#4266 = ORIENTED_EDGE('',*,*,#4017,.F.);
#4267 = ORIENTED_EDGE('',*,*,#4253,.T.);
#4268 = ORIENTED_EDGE('',*,*,#4134,.T.);
#4269 = ORIENTED_EDGE('',*,*,#4270,.F.);
#4270 = EDGE_CURVE('',#4010,#4127,#4271,.T.);
#4271 = LINE('',#4272,#4273);
#4272 = CARTESIAN_POINT('',(0.5,-0.4,0.45));
#4273 = VECTOR('',#4274,1.);
#4274 = DIRECTION('',(0.,1.,0.));
#4275 = PLANE('',#4276);
#4276 = AXIS2_PLACEMENT_3D('',#4277,#4278,#4279);
#4277 = CARTESIAN_POINT('',(0.5,-0.4,0.405));
#4278 = DIRECTION('',(1.,0.,0.));
#4279 = DIRECTION('',(0.,0.,1.));
#4280 = ADVANCED_FACE('',(#4281),#4287,.T.);
#4281 = FACE_BOUND('',#4282,.T.);
#4282 = EDGE_LOOP('',(#4283,#4284,#4285,#4286));
#4283 = ORIENTED_EDGE('',*,*,#4041,.F.);
#4284 = ORIENTED_EDGE('',*,*,#4009,.T.);
#4285 = ORIENTED_EDGE('',*,*,#4270,.T.);
#4286 = ORIENTED_EDGE('',*,*,#4126,.F.);
#4287 = PLANE('',#4288);
#4288 = AXIS2_PLACEMENT_3D('',#4289,#4290,#4291);
#4289 = CARTESIAN_POINT('',(-0.5,-0.4,0.45));
#4290 = DIRECTION('',(0.,0.,1.));
#4291 = DIRECTION('',(1.,0.,-0.));
#4292 = ( GEOMETRIC_REPRESENTATION_CONTEXT(3) 
GLOBAL_UNCERTAINTY_ASSIGNED_CONTEXT((#4296)) 
GLOBAL_UNIT_ASSIGNED_CONTEXT((#4293,#4294,#4295)) REPRESENTATION_CONTEXT
('Context #1','3D Context with UNIT and UNCERTAINTY') );
#4293 = ( LENGTH_UNIT() NAMED_UNIT(*) SI_UNIT(.MILLI.,.METRE.) );
#4294 = ( NAMED_UNIT(*) PLANE_ANGLE_UNIT() SI_UNIT($,.RADIAN.) );
#4295 = ( NAMED_UNIT(*) SI_UNIT($,.STERADIAN.) SOLID_ANGLE_UNIT() );
#4296 = UNCERTAINTY_MEASURE_WITH_UNIT(LENGTH_MEASURE(1.E-07),#4293,
  'distance_accuracy_value','confusion accuracy');
#4297 = CONTEXT_DEPENDENT_SHAPE_REPRESENTATION(#4298,#4300);
#4298 = ( REPRESENTATION_RELATIONSHIP('','',#3501,#3478) 
REPRESENTATION_RELATIONSHIP_WITH_TRANSFORMATION(#4299) 
SHAPE_REPRESENTATION_RELATIONSHIP() );
#4299 = ITEM_DEFINED_TRANSFORMATION('','',#11,#3479);
#4300 = PRODUCT_DEFINITION_SHAPE('Placement','Placement of an item',
  #4301);
#4301 = NEXT_ASSEMBLY_USAGE_OCCURRENCE('7','=>[0:1:1:7]','',#3473,#3496,
  $);
#4302 = PRODUCT_RELATED_PRODUCT_CATEGORY('part',$,(#3498));
#4303 = SHAPE_DEFINITION_REPRESENTATION(#4304,#4310);
#4304 = PRODUCT_DEFINITION_SHAPE('','',#4305);
#4305 = PRODUCT_DEFINITION('design','',#4306,#4309);
#4306 = PRODUCT_DEFINITION_FORMATION('','',#4307);
#4307 = PRODUCT('SOT-353_SC-70-5','SOT-353_SC-70-5','',(#4308));
#4308 = PRODUCT_CONTEXT('',#2,'mechanical');
#4309 = PRODUCT_DEFINITION_CONTEXT('part definition',#2,'design');
#4310 = SHAPE_REPRESENTATION('',(#11,#4311),#4315);
#4311 = AXIS2_PLACEMENT_3D('',#4312,#4313,#4314);
#4312 = CARTESIAN_POINT('',(0.,0.,0.));
#4313 = DIRECTION('',(0.,0.,1.));
#4314 = DIRECTION('',(1.,0.,-0.));
#4315 = ( GEOMETRIC_REPRESENTATION_CONTEXT(3) 
GLOBAL_UNCERTAINTY_ASSIGNED_CONTEXT((#4319)) 
GLOBAL_UNIT_ASSIGNED_CONTEXT((#4316,#4317,#4318)) REPRESENTATION_CONTEXT
('Context #1','3D Context with UNIT and UNCERTAINTY') );
#4316 = ( LENGTH_UNIT() NAMED_UNIT(*) SI_UNIT(.MILLI.,.METRE.) );
#4317 = ( NAMED_UNIT(*) PLANE_ANGLE_UNIT() SI_UNIT($,.RADIAN.) );
#4318 = ( NAMED_UNIT(*) SI_UNIT($,.STERADIAN.) SOLID_ANGLE_UNIT() );
#4319 = UNCERTAINTY_MEASURE_WITH_UNIT(LENGTH_MEASURE(2.E-06),#4316,
  'distance_accuracy_value','confusion accuracy');
#4320 = CONTEXT_DEPENDENT_SHAPE_REPRESENTATION(#4321,#4323);
#4321 = ( REPRESENTATION_RELATIONSHIP('','',#4310,#10) 
REPRESENTATION_RELATIONSHIP_WITH_TRANSFORMATION(#4322) 
SHAPE_REPRESENTATION_RELATIONSHIP() );
#4322 = ITEM_DEFINED_TRANSFORMATION('','',#11,#35);
#4323 = PRODUCT_DEFINITION_SHAPE('Placement','Placement of an item',
  #4324);
#4324 = NEXT_ASSEMBLY_USAGE_OCCURRENCE('10','U2','',#5,#4305,$);
#4325 = PRODUCT_RELATED_PRODUCT_CATEGORY('part',$,(#4307));
#4326 = SHAPE_DEFINITION_REPRESENTATION(#4327,#4333);
#4327 = PRODUCT_DEFINITION_SHAPE('','',#4328);
#4328 = PRODUCT_DEFINITION('design','',#4329,#4332);
#4329 = PRODUCT_DEFINITION_FORMATION('','',#4330);
#4330 = PRODUCT('SOT_353_SC_70_5','SOT_353_SC_70_5','',(#4331));
#4331 = PRODUCT_CONTEXT('',#2,'mechanical');
#4332 = PRODUCT_DEFINITION_CONTEXT('part definition',#2,'design');
#4333 = ADVANCED_BREP_SHAPE_REPRESENTATION('',(#11,#4334),#7240);
#4334 = MANIFOLD_SOLID_BREP('',#4335);
#4335 = CLOSED_SHELL('',(#4336,#4374,#4437,#4460,#4489,#4512,#4567,#4590
    ,#4613,#4636,#4701,#4724,#4753,#4776,#4800,#4830,#4863,#4896,#4927,
    #4950,#4973,#4996,#5020,#5044,#5077,#5110,#5141,#5172,#5205,#5228,
    #5257,#5280,#5304,#5379,#5454,#5484,#5559,#5576,#5651,#5668,#5699,
    #5722,#5745,#5768,#5792,#5867,#5942,#5966,#6041,#6058,#6133,#6150,
    #6181,#6256,#6331,#6362,#6379,#6402,#6458,#6474,#6504,#6521,#6538,
    #6555,#6572,#6589,#6606,#6623,#6635,#6657,#6674,#6691,#6708,#6725,
    #6742,#6754,#6766,#6782,#6798,#6814,#6847,#6864,#6881,#6898,#6915,
    #6932,#6949,#6966,#6978,#7000,#7017,#7034,#7051,#7068,#7085,#7097,
    #7109,#7126,#7143,#7160,#7177,#7194,#7211,#7228));
#4336 = ADVANCED_FACE('',(#4337),#4369,.F.);
#4337 = FACE_BOUND('',#4338,.F.);
#4338 = EDGE_LOOP('',(#4339,#4349,#4356,#4364));
#4339 = ORIENTED_EDGE('',*,*,#4340,.T.);
#4340 = EDGE_CURVE('',#4341,#4343,#4345,.T.);
#4341 = VERTEX_POINT('',#4342);
#4342 = CARTESIAN_POINT('',(-0.50189183306,0.943783666119,0.1));
#4343 = VERTEX_POINT('',#4344);
#4344 = CARTESIAN_POINT('',(0.50189183306,0.943783666119,0.1));
#4345 = LINE('',#4346,#4347);
#4346 = CARTESIAN_POINT('',(-0.50189183306,0.943783666119,0.1));
#4347 = VECTOR('',#4348,1.);
#4348 = DIRECTION('',(1.,2.22044604925E-16,0.));
#4349 = ORIENTED_EDGE('',*,*,#4350,.T.);
#4350 = EDGE_CURVE('',#4343,#4351,#4353,.T.);
#4351 = VERTEX_POINT('',#4352);
#4352 = CARTESIAN_POINT('',(0.53,1.,0.5));
#4353 = B_SPLINE_CURVE_WITH_KNOTS('',1,(#4354,#4355),.UNSPECIFIED.,.F.,
  .F.,(2,2),(0.,1.),.PIECEWISE_BEZIER_KNOTS.);
#4354 = CARTESIAN_POINT('',(0.50189183306,0.943783666119,0.1));
#4355 = CARTESIAN_POINT('',(0.53,1.,0.5));
#4356 = ORIENTED_EDGE('',*,*,#4357,.F.);
#4357 = EDGE_CURVE('',#4358,#4351,#4360,.T.);
#4358 = VERTEX_POINT('',#4359);
#4359 = CARTESIAN_POINT('',(-0.53,1.,0.5));
#4360 = LINE('',#4361,#4362);
#4361 = CARTESIAN_POINT('',(-0.53,1.,0.5));
#4362 = VECTOR('',#4363,1.);
#4363 = DIRECTION('',(1.,2.22044604925E-16,0.));
#4364 = ORIENTED_EDGE('',*,*,#4365,.F.);
#4365 = EDGE_CURVE('',#4341,#4358,#4366,.T.);
#4366 = B_SPLINE_CURVE_WITH_KNOTS('',1,(#4367,#4368),.UNSPECIFIED.,.F.,
  .F.,(2,2),(0.,1.),.PIECEWISE_BEZIER_KNOTS.);
#4367 = CARTESIAN_POINT('',(-0.50189183306,0.943783666119,0.1));
#4368 = CARTESIAN_POINT('',(-0.53,1.,0.5));
#4369 = B_SPLINE_SURFACE_WITH_KNOTS('',1,1,(
    (#4370,#4371)
    ,(#4372,#4373
    )),.UNSPECIFIED.,.F.,.F.,.F.,(2,2),(2,2),(0.,1.06),(0.,1.),
  .PIECEWISE_BEZIER_KNOTS.);
#4370 = CARTESIAN_POINT('',(-0.50189183306,0.943783666119,0.1));
#4371 = CARTESIAN_POINT('',(-0.53,1.,0.5));
#4372 = CARTESIAN_POINT('',(0.50189183306,0.943783666119,0.1));
#4373 = CARTESIAN_POINT('',(0.53,1.,0.5));
#4374 = ADVANCED_FACE('',(#4375),#4432,.F.);
#4375 = FACE_BOUND('',#4376,.T.);
#4376 = EDGE_LOOP('',(#4377,#4378,#4386,#4394,#4402,#4410,#4418,#4426));
#4377 = ORIENTED_EDGE('',*,*,#4340,.T.);
#4378 = ORIENTED_EDGE('',*,*,#4379,.T.);
#4379 = EDGE_CURVE('',#4343,#4380,#4382,.T.);
#4380 = VERTEX_POINT('',#4381);
#4381 = CARTESIAN_POINT('',(0.568783666119,0.87689183306,0.1));
#4382 = LINE('',#4383,#4384);
#4383 = CARTESIAN_POINT('',(0.50189183306,0.943783666119,0.1));
#4384 = VECTOR('',#4385,1.);
#4385 = DIRECTION('',(0.707106781187,-0.707106781187,0.));
#4386 = ORIENTED_EDGE('',*,*,#4387,.T.);
#4387 = EDGE_CURVE('',#4380,#4388,#4390,.T.);
#4388 = VERTEX_POINT('',#4389);
#4389 = CARTESIAN_POINT('',(0.568783666119,-0.87689183306,0.1));
#4390 = LINE('',#4391,#4392);
#4391 = CARTESIAN_POINT('',(0.568783666119,0.87689183306,0.1));
#4392 = VECTOR('',#4393,1.);
#4393 = DIRECTION('',(2.22044604925E-16,-1.,0.));
#4394 = ORIENTED_EDGE('',*,*,#4395,.T.);
#4395 = EDGE_CURVE('',#4388,#4396,#4398,.T.);
#4396 = VERTEX_POINT('',#4397);
#4397 = CARTESIAN_POINT('',(0.50189183306,-0.943783666119,0.1));
#4398 = LINE('',#4399,#4400);
#4399 = CARTESIAN_POINT('',(0.568783666119,-0.87689183306,0.1));
#4400 = VECTOR('',#4401,1.);
#4401 = DIRECTION('',(-0.707106781187,-0.707106781187,0.));
#4402 = ORIENTED_EDGE('',*,*,#4403,.T.);
#4403 = EDGE_CURVE('',#4396,#4404,#4406,.T.);
#4404 = VERTEX_POINT('',#4405);
#4405 = CARTESIAN_POINT('',(-0.50189183306,-0.943783666119,0.1));
#4406 = LINE('',#4407,#4408);
#4407 = CARTESIAN_POINT('',(0.50189183306,-0.943783666119,0.1));
#4408 = VECTOR('',#4409,1.);
#4409 = DIRECTION('',(-1.,-2.22044604925E-16,0.));
#4410 = ORIENTED_EDGE('',*,*,#4411,.T.);
#4411 = EDGE_CURVE('',#4404,#4412,#4414,.T.);
#4412 = VERTEX_POINT('',#4413);
#4413 = CARTESIAN_POINT('',(-0.568783666119,-0.87689183306,0.1));
#4414 = LINE('',#4415,#4416);
#4415 = CARTESIAN_POINT('',(-0.50189183306,-0.943783666119,0.1));
#4416 = VECTOR('',#4417,1.);
#4417 = DIRECTION('',(-0.707106781187,0.707106781187,0.));
#4418 = ORIENTED_EDGE('',*,*,#4419,.T.);
#4419 = EDGE_CURVE('',#4412,#4420,#4422,.T.);
#4420 = VERTEX_POINT('',#4421);
#4421 = CARTESIAN_POINT('',(-0.568783666119,0.87689183306,0.1));
#4422 = LINE('',#4423,#4424);
#4423 = CARTESIAN_POINT('',(-0.568783666119,-0.87689183306,0.1));
#4424 = VECTOR('',#4425,1.);
#4425 = DIRECTION('',(-2.22044604925E-16,1.,0.));
#4426 = ORIENTED_EDGE('',*,*,#4427,.T.);
#4427 = EDGE_CURVE('',#4420,#4341,#4428,.T.);
#4428 = LINE('',#4429,#4430);
#4429 = CARTESIAN_POINT('',(-0.568783666119,0.87689183306,0.1));
#4430 = VECTOR('',#4431,1.);
#4431 = DIRECTION('',(0.707106781187,0.707106781187,0.));
#4432 = PLANE('',#4433);
#4433 = AXIS2_PLACEMENT_3D('',#4434,#4435,#4436);
#4434 = CARTESIAN_POINT('',(-0.50189183306,0.943783666119,0.1));
#4435 = DIRECTION('',(0.,0.,1.));
#4436 = DIRECTION('',(0.469524916338,-0.882919222204,0.));
#4437 = ADVANCED_FACE('',(#4438),#4455,.F.);
#4438 = FACE_BOUND('',#4439,.F.);
#4439 = EDGE_LOOP('',(#4440,#4441,#4448,#4454));
#4440 = ORIENTED_EDGE('',*,*,#4379,.T.);
#4441 = ORIENTED_EDGE('',*,*,#4442,.T.);
#4442 = EDGE_CURVE('',#4380,#4443,#4445,.T.);
#4443 = VERTEX_POINT('',#4444);
#4444 = CARTESIAN_POINT('',(0.625,0.905,0.5));
#4445 = B_SPLINE_CURVE_WITH_KNOTS('',1,(#4446,#4447),.UNSPECIFIED.,.F.,
  .F.,(2,2),(0.,1.),.PIECEWISE_BEZIER_KNOTS.);
#4446 = CARTESIAN_POINT('',(0.568783666119,0.87689183306,0.1));
#4447 = CARTESIAN_POINT('',(0.625,0.905,0.5));
#4448 = ORIENTED_EDGE('',*,*,#4449,.F.);
#4449 = EDGE_CURVE('',#4351,#4443,#4450,.T.);
#4450 = LINE('',#4451,#4452);
#4451 = CARTESIAN_POINT('',(0.53,1.,0.5));
#4452 = VECTOR('',#4453,1.);
#4453 = DIRECTION('',(0.707106781187,-0.707106781187,0.));
#4454 = ORIENTED_EDGE('',*,*,#4350,.F.);
#4455 = B_SPLINE_SURFACE_WITH_KNOTS('',1,1,(
    (#4456,#4457)
    ,(#4458,#4459
    )),.UNSPECIFIED.,.F.,.F.,.F.,(2,2),(2,2),(0.,0.134350288425),(0.,1.)
  ,.PIECEWISE_BEZIER_KNOTS.);
#4456 = CARTESIAN_POINT('',(0.50189183306,0.943783666119,0.1));
#4457 = CARTESIAN_POINT('',(0.53,1.,0.5));
#4458 = CARTESIAN_POINT('',(0.568783666119,0.87689183306,0.1));
#4459 = CARTESIAN_POINT('',(0.625,0.905,0.5));
#4460 = ADVANCED_FACE('',(#4461),#4484,.F.);
#4461 = FACE_BOUND('',#4462,.F.);
#4462 = EDGE_LOOP('',(#4463,#4464,#4471,#4479));
#4463 = ORIENTED_EDGE('',*,*,#4357,.T.);
#4464 = ORIENTED_EDGE('',*,*,#4465,.T.);
#4465 = EDGE_CURVE('',#4351,#4466,#4468,.T.);
#4466 = VERTEX_POINT('',#4467);
#4467 = CARTESIAN_POINT('',(0.53,1.,0.65));
#4468 = B_SPLINE_CURVE_WITH_KNOTS('',1,(#4469,#4470),.UNSPECIFIED.,.F.,
  .F.,(2,2),(0.,1.),.PIECEWISE_BEZIER_KNOTS.);
#4469 = CARTESIAN_POINT('',(0.53,1.,0.5));
#4470 = CARTESIAN_POINT('',(0.53,1.,0.65));
#4471 = ORIENTED_EDGE('',*,*,#4472,.F.);
#4472 = EDGE_CURVE('',#4473,#4466,#4475,.T.);
#4473 = VERTEX_POINT('',#4474);
#4474 = CARTESIAN_POINT('',(-0.53,1.,0.65));
#4475 = LINE('',#4476,#4477);
#4476 = CARTESIAN_POINT('',(-0.53,1.,0.65));
#4477 = VECTOR('',#4478,1.);
#4478 = DIRECTION('',(1.,2.22044604925E-16,0.));
#4479 = ORIENTED_EDGE('',*,*,#4480,.F.);
#4480 = EDGE_CURVE('',#4358,#4473,#4481,.T.);
#4481 = B_SPLINE_CURVE_WITH_KNOTS('',1,(#4482,#4483),.UNSPECIFIED.,.F.,
  .F.,(2,2),(0.,1.),.PIECEWISE_BEZIER_KNOTS.);
#4482 = CARTESIAN_POINT('',(-0.53,1.,0.5));
#4483 = CARTESIAN_POINT('',(-0.53,1.,0.65));
#4484 = PLANE('',#4485);
#4485 = AXIS2_PLACEMENT_3D('',#4486,#4487,#4488);
#4486 = CARTESIAN_POINT('',(-0.53,1.,0.65));
#4487 = DIRECTION('',(2.22044604925E-16,-1.,0.));
#4488 = DIRECTION('',(1.,2.22044604925E-16,0.));
#4489 = ADVANCED_FACE('',(#4490),#4507,.F.);
#4490 = FACE_BOUND('',#4491,.F.);
#4491 = EDGE_LOOP('',(#4492,#4493,#4494,#4502));
#4492 = ORIENTED_EDGE('',*,*,#4427,.T.);
#4493 = ORIENTED_EDGE('',*,*,#4365,.T.);
#4494 = ORIENTED_EDGE('',*,*,#4495,.F.);
#4495 = EDGE_CURVE('',#4496,#4358,#4498,.T.);
#4496 = VERTEX_POINT('',#4497);
#4497 = CARTESIAN_POINT('',(-0.625,0.905,0.5));
#4498 = LINE('',#4499,#4500);
#4499 = CARTESIAN_POINT('',(-0.625,0.905,0.5));
#4500 = VECTOR('',#4501,1.);
#4501 = DIRECTION('',(0.707106781187,0.707106781187,0.));
#4502 = ORIENTED_EDGE('',*,*,#4503,.F.);
#4503 = EDGE_CURVE('',#4420,#4496,#4504,.T.);
#4504 = B_SPLINE_CURVE_WITH_KNOTS('',1,(#4505,#4506),.UNSPECIFIED.,.F.,
  .F.,(2,2),(0.,1.),.PIECEWISE_BEZIER_KNOTS.);
#4505 = CARTESIAN_POINT('',(-0.568783666119,0.87689183306,0.1));
#4506 = CARTESIAN_POINT('',(-0.625,0.905,0.5));
#4507 = B_SPLINE_SURFACE_WITH_KNOTS('',1,1,(
    (#4508,#4509)
    ,(#4510,#4511
    )),.UNSPECIFIED.,.F.,.F.,.F.,(2,2),(2,2),(0.,0.134350288425),(0.,1.)
  ,.PIECEWISE_BEZIER_KNOTS.);
#4508 = CARTESIAN_POINT('',(-0.568783666119,0.87689183306,0.1));
#4509 = CARTESIAN_POINT('',(-0.625,0.905,0.5));
#4510 = CARTESIAN_POINT('',(-0.50189183306,0.943783666119,0.1));
#4511 = CARTESIAN_POINT('',(-0.53,1.,0.5));
#4512 = ADVANCED_FACE('',(#4513),#4562,.F.);
#4513 = FACE_BOUND('',#4514,.F.);
#4514 = EDGE_LOOP('',(#4515,#4516,#4523,#4531,#4539,#4547,#4555,#4561));
#4515 = ORIENTED_EDGE('',*,*,#4387,.T.);
#4516 = ORIENTED_EDGE('',*,*,#4517,.T.);
#4517 = EDGE_CURVE('',#4388,#4518,#4520,.T.);
#4518 = VERTEX_POINT('',#4519);
#4519 = CARTESIAN_POINT('',(0.625,-0.905,0.5));
#4520 = B_SPLINE_CURVE_WITH_KNOTS('',1,(#4521,#4522),.UNSPECIFIED.,.F.,
  .F.,(2,2),(0.,1.),.PIECEWISE_BEZIER_KNOTS.);
#4521 = CARTESIAN_POINT('',(0.568783666119,-0.87689183306,0.1));
#4522 = CARTESIAN_POINT('',(0.625,-0.905,0.5));
#4523 = ORIENTED_EDGE('',*,*,#4524,.F.);
#4524 = EDGE_CURVE('',#4525,#4518,#4527,.T.);
#4525 = VERTEX_POINT('',#4526);
#4526 = CARTESIAN_POINT('',(0.625,-0.8,0.5));
#4527 = LINE('',#4528,#4529);
#4528 = CARTESIAN_POINT('',(0.625,0.905,0.5));
#4529 = VECTOR('',#4530,1.);
#4530 = DIRECTION('',(2.22044604925E-16,-1.,0.));
#4531 = ORIENTED_EDGE('',*,*,#4532,.F.);
#4532 = EDGE_CURVE('',#4533,#4525,#4535,.T.);
#4533 = VERTEX_POINT('',#4534);
#4534 = CARTESIAN_POINT('',(0.625,-0.5,0.5));
#4535 = LINE('',#4536,#4537);
#4536 = CARTESIAN_POINT('',(0.625,-0.5,0.5));
#4537 = VECTOR('',#4538,1.);
#4538 = DIRECTION('',(2.22044604925E-16,-1.,0.));
#4539 = ORIENTED_EDGE('',*,*,#4540,.F.);
#4540 = EDGE_CURVE('',#4541,#4533,#4543,.T.);
#4541 = VERTEX_POINT('',#4542);
#4542 = CARTESIAN_POINT('',(0.625,0.5,0.5));
#4543 = LINE('',#4544,#4545);
#4544 = CARTESIAN_POINT('',(0.625,0.905,0.5));
#4545 = VECTOR('',#4546,1.);
#4546 = DIRECTION('',(2.22044604925E-16,-1.,0.));
#4547 = ORIENTED_EDGE('',*,*,#4548,.F.);
#4548 = EDGE_CURVE('',#4549,#4541,#4551,.T.);
#4549 = VERTEX_POINT('',#4550);
#4550 = CARTESIAN_POINT('',(0.625,0.8,0.5));
#4551 = LINE('',#4552,#4553);
#4552 = CARTESIAN_POINT('',(0.625,0.8,0.5));
#4553 = VECTOR('',#4554,1.);
#4554 = DIRECTION('',(2.22044604925E-16,-1.,0.));
#4555 = ORIENTED_EDGE('',*,*,#4556,.F.);
#4556 = EDGE_CURVE('',#4443,#4549,#4557,.T.);
#4557 = LINE('',#4558,#4559);
#4558 = CARTESIAN_POINT('',(0.625,0.905,0.5));
#4559 = VECTOR('',#4560,1.);
#4560 = DIRECTION('',(2.22044604925E-16,-1.,0.));
#4561 = ORIENTED_EDGE('',*,*,#4442,.F.);
#4562 = B_SPLINE_SURFACE_WITH_KNOTS('',1,1,(
    (#4563,#4564)
    ,(#4565,#4566
    )),.UNSPECIFIED.,.F.,.F.,.F.,(2,2),(2,2),(0.,1.81),(0.,1.),
  .PIECEWISE_BEZIER_KNOTS.);
#4563 = CARTESIAN_POINT('',(0.568783666119,0.87689183306,0.1));
#4564 = CARTESIAN_POINT('',(0.625,0.905,0.5));
#4565 = CARTESIAN_POINT('',(0.568783666119,-0.87689183306,0.1));
#4566 = CARTESIAN_POINT('',(0.625,-0.905,0.5));
#4567 = ADVANCED_FACE('',(#4568),#4585,.F.);
#4568 = FACE_BOUND('',#4569,.F.);
#4569 = EDGE_LOOP('',(#4570,#4571,#4578,#4584));
#4570 = ORIENTED_EDGE('',*,*,#4395,.T.);
#4571 = ORIENTED_EDGE('',*,*,#4572,.T.);
#4572 = EDGE_CURVE('',#4396,#4573,#4575,.T.);
#4573 = VERTEX_POINT('',#4574);
#4574 = CARTESIAN_POINT('',(0.53,-1.,0.5));
#4575 = B_SPLINE_CURVE_WITH_KNOTS('',1,(#4576,#4577),.UNSPECIFIED.,.F.,
  .F.,(2,2),(0.,1.),.PIECEWISE_BEZIER_KNOTS.);
#4576 = CARTESIAN_POINT('',(0.50189183306,-0.943783666119,0.1));
#4577 = CARTESIAN_POINT('',(0.53,-1.,0.5));
#4578 = ORIENTED_EDGE('',*,*,#4579,.F.);
#4579 = EDGE_CURVE('',#4518,#4573,#4580,.T.);
#4580 = LINE('',#4581,#4582);
#4581 = CARTESIAN_POINT('',(0.625,-0.905,0.5));
#4582 = VECTOR('',#4583,1.);
#4583 = DIRECTION('',(-0.707106781187,-0.707106781187,0.));
#4584 = ORIENTED_EDGE('',*,*,#4517,.F.);
#4585 = B_SPLINE_SURFACE_WITH_KNOTS('',1,1,(
    (#4586,#4587)
    ,(#4588,#4589
    )),.UNSPECIFIED.,.F.,.F.,.F.,(2,2),(2,2),(0.,0.134350288425),(0.,1.)
  ,.PIECEWISE_BEZIER_KNOTS.);
#4586 = CARTESIAN_POINT('',(0.568783666119,-0.87689183306,0.1));
#4587 = CARTESIAN_POINT('',(0.625,-0.905,0.5));
#4588 = CARTESIAN_POINT('',(0.50189183306,-0.943783666119,0.1));
#4589 = CARTESIAN_POINT('',(0.53,-1.,0.5));
#4590 = ADVANCED_FACE('',(#4591),#4608,.F.);
#4591 = FACE_BOUND('',#4592,.F.);
#4592 = EDGE_LOOP('',(#4593,#4594,#4601,#4607));
#4593 = ORIENTED_EDGE('',*,*,#4403,.T.);
#4594 = ORIENTED_EDGE('',*,*,#4595,.T.);
#4595 = EDGE_CURVE('',#4404,#4596,#4598,.T.);
#4596 = VERTEX_POINT('',#4597);
#4597 = CARTESIAN_POINT('',(-0.53,-1.,0.5));
#4598 = B_SPLINE_CURVE_WITH_KNOTS('',1,(#4599,#4600),.UNSPECIFIED.,.F.,
  .F.,(2,2),(0.,1.),.PIECEWISE_BEZIER_KNOTS.);
#4599 = CARTESIAN_POINT('',(-0.50189183306,-0.943783666119,0.1));
#4600 = CARTESIAN_POINT('',(-0.53,-1.,0.5));
#4601 = ORIENTED_EDGE('',*,*,#4602,.F.);
#4602 = EDGE_CURVE('',#4573,#4596,#4603,.T.);
#4603 = LINE('',#4604,#4605);
#4604 = CARTESIAN_POINT('',(0.53,-1.,0.5));
#4605 = VECTOR('',#4606,1.);
#4606 = DIRECTION('',(-1.,-2.22044604925E-16,0.));
#4607 = ORIENTED_EDGE('',*,*,#4572,.F.);
#4608 = B_SPLINE_SURFACE_WITH_KNOTS('',1,1,(
    (#4609,#4610)
    ,(#4611,#4612
    )),.UNSPECIFIED.,.F.,.F.,.F.,(2,2),(2,2),(0.,1.06),(0.,1.),
  .PIECEWISE_BEZIER_KNOTS.);
#4609 = CARTESIAN_POINT('',(0.50189183306,-0.943783666119,0.1));
#4610 = CARTESIAN_POINT('',(0.53,-1.,0.5));
#4611 = CARTESIAN_POINT('',(-0.50189183306,-0.943783666119,0.1));
#4612 = CARTESIAN_POINT('',(-0.53,-1.,0.5));
#4613 = ADVANCED_FACE('',(#4614),#4631,.F.);
#4614 = FACE_BOUND('',#4615,.F.);
#4615 = EDGE_LOOP('',(#4616,#4617,#4624,#4630));
#4616 = ORIENTED_EDGE('',*,*,#4411,.T.);
#4617 = ORIENTED_EDGE('',*,*,#4618,.T.);
#4618 = EDGE_CURVE('',#4412,#4619,#4621,.T.);
#4619 = VERTEX_POINT('',#4620);
#4620 = CARTESIAN_POINT('',(-0.625,-0.905,0.5));
#4621 = B_SPLINE_CURVE_WITH_KNOTS('',1,(#4622,#4623),.UNSPECIFIED.,.F.,
  .F.,(2,2),(0.,1.),.PIECEWISE_BEZIER_KNOTS.);
#4622 = CARTESIAN_POINT('',(-0.568783666119,-0.87689183306,0.1));
#4623 = CARTESIAN_POINT('',(-0.625,-0.905,0.5));
#4624 = ORIENTED_EDGE('',*,*,#4625,.F.);
#4625 = EDGE_CURVE('',#4596,#4619,#4626,.T.);
#4626 = LINE('',#4627,#4628);
#4627 = CARTESIAN_POINT('',(-0.53,-1.,0.5));
#4628 = VECTOR('',#4629,1.);
#4629 = DIRECTION('',(-0.707106781187,0.707106781187,0.));
#4630 = ORIENTED_EDGE('',*,*,#4595,.F.);
#4631 = B_SPLINE_SURFACE_WITH_KNOTS('',1,1,(
    (#4632,#4633)
    ,(#4634,#4635
    )),.UNSPECIFIED.,.F.,.F.,.F.,(2,2),(2,2),(0.,0.134350288425),(0.,1.)
  ,.PIECEWISE_BEZIER_KNOTS.);
#4632 = CARTESIAN_POINT('',(-0.50189183306,-0.943783666119,0.1));
#4633 = CARTESIAN_POINT('',(-0.53,-1.,0.5));
#4634 = CARTESIAN_POINT('',(-0.568783666119,-0.87689183306,0.1));
#4635 = CARTESIAN_POINT('',(-0.625,-0.905,0.5));
#4636 = ADVANCED_FACE('',(#4637),#4696,.F.);
#4637 = FACE_BOUND('',#4638,.F.);
#4638 = EDGE_LOOP('',(#4639,#4640,#4641,#4649,#4657,#4665,#4673,#4681,
    #4689,#4695));
#4639 = ORIENTED_EDGE('',*,*,#4419,.T.);
#4640 = ORIENTED_EDGE('',*,*,#4503,.T.);
#4641 = ORIENTED_EDGE('',*,*,#4642,.F.);
#4642 = EDGE_CURVE('',#4643,#4496,#4645,.T.);
#4643 = VERTEX_POINT('',#4644);
#4644 = CARTESIAN_POINT('',(-0.625,0.8,0.5));
#4645 = LINE('',#4646,#4647);
#4646 = CARTESIAN_POINT('',(-0.625,-0.905,0.5));
#4647 = VECTOR('',#4648,1.);
#4648 = DIRECTION('',(-2.22044604925E-16,1.,0.));
#4649 = ORIENTED_EDGE('',*,*,#4650,.F.);
#4650 = EDGE_CURVE('',#4651,#4643,#4653,.T.);
#4651 = VERTEX_POINT('',#4652);
#4652 = CARTESIAN_POINT('',(-0.625,0.5,0.5));
#4653 = LINE('',#4654,#4655);
#4654 = CARTESIAN_POINT('',(-0.625,0.5,0.5));
#4655 = VECTOR('',#4656,1.);
#4656 = DIRECTION('',(-9.95799250103E-17,1.,0.));
#4657 = ORIENTED_EDGE('',*,*,#4658,.F.);
#4658 = EDGE_CURVE('',#4659,#4651,#4661,.T.);
#4659 = VERTEX_POINT('',#4660);
#4660 = CARTESIAN_POINT('',(-0.625,0.15,0.5));
#4661 = LINE('',#4662,#4663);
#4662 = CARTESIAN_POINT('',(-0.625,-0.905,0.5));
#4663 = VECTOR('',#4664,1.);
#4664 = DIRECTION('',(-2.22044604925E-16,1.,0.));
#4665 = ORIENTED_EDGE('',*,*,#4666,.F.);
#4666 = EDGE_CURVE('',#4667,#4659,#4669,.T.);
#4667 = VERTEX_POINT('',#4668);
#4668 = CARTESIAN_POINT('',(-0.625,-0.15,0.5));
#4669 = LINE('',#4670,#4671);
#4670 = CARTESIAN_POINT('',(-0.625,-0.15,0.5));
#4671 = VECTOR('',#4672,1.);
#4672 = DIRECTION('',(-9.95799250103E-17,1.,0.));
#4673 = ORIENTED_EDGE('',*,*,#4674,.F.);
#4674 = EDGE_CURVE('',#4675,#4667,#4677,.T.);
#4675 = VERTEX_POINT('',#4676);
#4676 = CARTESIAN_POINT('',(-0.625,-0.5,0.5));
#4677 = LINE('',#4678,#4679);
#4678 = CARTESIAN_POINT('',(-0.625,-0.905,0.5));
#4679 = VECTOR('',#4680,1.);
#4680 = DIRECTION('',(-2.22044604925E-16,1.,0.));
#4681 = ORIENTED_EDGE('',*,*,#4682,.F.);
#4682 = EDGE_CURVE('',#4683,#4675,#4685,.T.);
#4683 = VERTEX_POINT('',#4684);
#4684 = CARTESIAN_POINT('',(-0.625,-0.8,0.5));
#4685 = LINE('',#4686,#4687);
#4686 = CARTESIAN_POINT('',(-0.625,-0.8,0.5));
#4687 = VECTOR('',#4688,1.);
#4688 = DIRECTION('',(-9.95799250103E-17,1.,0.));
#4689 = ORIENTED_EDGE('',*,*,#4690,.F.);
#4690 = EDGE_CURVE('',#4619,#4683,#4691,.T.);
#4691 = LINE('',#4692,#4693);
#4692 = CARTESIAN_POINT('',(-0.625,-0.905,0.5));
#4693 = VECTOR('',#4694,1.);
#4694 = DIRECTION('',(-2.22044604925E-16,1.,0.));
#4695 = ORIENTED_EDGE('',*,*,#4618,.F.);
#4696 = B_SPLINE_SURFACE_WITH_KNOTS('',1,1,(
    (#4697,#4698)
    ,(#4699,#4700
    )),.UNSPECIFIED.,.F.,.F.,.F.,(2,2),(2,2),(0.,1.81),(0.,1.),
  .PIECEWISE_BEZIER_KNOTS.);
#4697 = CARTESIAN_POINT('',(-0.568783666119,-0.87689183306,0.1));
#4698 = CARTESIAN_POINT('',(-0.625,-0.905,0.5));
#4699 = CARTESIAN_POINT('',(-0.568783666119,0.87689183306,0.1));
#4700 = CARTESIAN_POINT('',(-0.625,0.905,0.5));
#4701 = ADVANCED_FACE('',(#4702),#4719,.F.);
#4702 = FACE_BOUND('',#4703,.F.);
#4703 = EDGE_LOOP('',(#4704,#4705,#4712,#4718));
#4704 = ORIENTED_EDGE('',*,*,#4449,.T.);
#4705 = ORIENTED_EDGE('',*,*,#4706,.T.);
#4706 = EDGE_CURVE('',#4443,#4707,#4709,.T.);
#4707 = VERTEX_POINT('',#4708);
#4708 = CARTESIAN_POINT('',(0.625,0.905,0.65));
#4709 = B_SPLINE_CURVE_WITH_KNOTS('',1,(#4710,#4711),.UNSPECIFIED.,.F.,
  .F.,(2,2),(0.,1.),.PIECEWISE_BEZIER_KNOTS.);
#4710 = CARTESIAN_POINT('',(0.625,0.905,0.5));
#4711 = CARTESIAN_POINT('',(0.625,0.905,0.65));
#4712 = ORIENTED_EDGE('',*,*,#4713,.F.);
#4713 = EDGE_CURVE('',#4466,#4707,#4714,.T.);
#4714 = LINE('',#4715,#4716);
#4715 = CARTESIAN_POINT('',(0.53,1.,0.65));
#4716 = VECTOR('',#4717,1.);
#4717 = DIRECTION('',(0.707106781187,-0.707106781187,0.));
#4718 = ORIENTED_EDGE('',*,*,#4465,.F.);
#4719 = PLANE('',#4720);
#4720 = AXIS2_PLACEMENT_3D('',#4721,#4722,#4723);
#4721 = CARTESIAN_POINT('',(0.53,1.,0.65));
#4722 = DIRECTION('',(-0.707106781187,-0.707106781187,0.));
#4723 = DIRECTION('',(0.707106781187,-0.707106781187,0.));
#4724 = ADVANCED_FACE('',(#4725),#4748,.F.);
#4725 = FACE_BOUND('',#4726,.F.);
#4726 = EDGE_LOOP('',(#4727,#4728,#4735,#4743));
#4727 = ORIENTED_EDGE('',*,*,#4472,.T.);
#4728 = ORIENTED_EDGE('',*,*,#4729,.T.);
#4729 = EDGE_CURVE('',#4466,#4730,#4732,.T.);
#4730 = VERTEX_POINT('',#4731);
#4731 = CARTESIAN_POINT('',(0.5175,0.975,0.65));
#4732 = B_SPLINE_CURVE_WITH_KNOTS('',1,(#4733,#4734),.UNSPECIFIED.,.F.,
  .F.,(2,2),(0.,1.),.PIECEWISE_BEZIER_KNOTS.);
#4733 = CARTESIAN_POINT('',(0.53,1.,0.65));
#4734 = CARTESIAN_POINT('',(0.5175,0.975,0.65));
#4735 = ORIENTED_EDGE('',*,*,#4736,.F.);
#4736 = EDGE_CURVE('',#4737,#4730,#4739,.T.);
#4737 = VERTEX_POINT('',#4738);
#4738 = CARTESIAN_POINT('',(-0.5175,0.975,0.65));
#4739 = LINE('',#4740,#4741);
#4740 = CARTESIAN_POINT('',(-0.5175,0.975,0.65));
#4741 = VECTOR('',#4742,1.);
#4742 = DIRECTION('',(1.,2.22044604925E-16,0.));
#4743 = ORIENTED_EDGE('',*,*,#4744,.F.);
#4744 = EDGE_CURVE('',#4473,#4737,#4745,.T.);
#4745 = B_SPLINE_CURVE_WITH_KNOTS('',1,(#4746,#4747),.UNSPECIFIED.,.F.,
  .F.,(2,2),(0.,1.),.PIECEWISE_BEZIER_KNOTS.);
#4746 = CARTESIAN_POINT('',(-0.53,1.,0.65));
#4747 = CARTESIAN_POINT('',(-0.5175,0.975,0.65));
#4748 = B_SPLINE_SURFACE_WITH_KNOTS('',1,1,(
    (#4749,#4750)
    ,(#4751,#4752
    )),.UNSPECIFIED.,.F.,.F.,.F.,(2,2),(2,2),(0.,1.06),(0.,1.),
  .PIECEWISE_BEZIER_KNOTS.);
#4749 = CARTESIAN_POINT('',(-0.53,1.,0.65));
#4750 = CARTESIAN_POINT('',(-0.5175,0.975,0.65));
#4751 = CARTESIAN_POINT('',(0.53,1.,0.65));
#4752 = CARTESIAN_POINT('',(0.5175,0.975,0.65));
#4753 = ADVANCED_FACE('',(#4754),#4771,.F.);
#4754 = FACE_BOUND('',#4755,.F.);
#4755 = EDGE_LOOP('',(#4756,#4757,#4758,#4766));
#4756 = ORIENTED_EDGE('',*,*,#4495,.T.);
#4757 = ORIENTED_EDGE('',*,*,#4480,.T.);
#4758 = ORIENTED_EDGE('',*,*,#4759,.F.);
#4759 = EDGE_CURVE('',#4760,#4473,#4762,.T.);
#4760 = VERTEX_POINT('',#4761);
#4761 = CARTESIAN_POINT('',(-0.625,0.905,0.65));
#4762 = LINE('',#4763,#4764);
#4763 = CARTESIAN_POINT('',(-0.625,0.905,0.65));
#4764 = VECTOR('',#4765,1.);
#4765 = DIRECTION('',(0.707106781187,0.707106781187,0.));
#4766 = ORIENTED_EDGE('',*,*,#4767,.F.);
#4767 = EDGE_CURVE('',#4496,#4760,#4768,.T.);
#4768 = B_SPLINE_CURVE_WITH_KNOTS('',1,(#4769,#4770),.UNSPECIFIED.,.F.,
  .F.,(2,2),(0.,1.),.PIECEWISE_BEZIER_KNOTS.);
#4769 = CARTESIAN_POINT('',(-0.625,0.905,0.5));
#4770 = CARTESIAN_POINT('',(-0.625,0.905,0.65));
#4771 = PLANE('',#4772);
#4772 = AXIS2_PLACEMENT_3D('',#4773,#4774,#4775);
#4773 = CARTESIAN_POINT('',(-0.625,0.905,0.65));
#4774 = DIRECTION('',(0.707106781187,-0.707106781187,0.));
#4775 = DIRECTION('',(0.707106781187,0.707106781187,0.));
#4776 = ADVANCED_FACE('',(#4777),#4795,.F.);
#4777 = FACE_BOUND('',#4778,.F.);
#4778 = EDGE_LOOP('',(#4779,#4780,#4781,#4789));
#4779 = ORIENTED_EDGE('',*,*,#4706,.F.);
#4780 = ORIENTED_EDGE('',*,*,#4556,.T.);
#4781 = ORIENTED_EDGE('',*,*,#4782,.T.);
#4782 = EDGE_CURVE('',#4549,#4783,#4785,.T.);
#4783 = VERTEX_POINT('',#4784);
#4784 = CARTESIAN_POINT('',(0.625,0.8,0.65));
#4785 = LINE('',#4786,#4787);
#4786 = CARTESIAN_POINT('',(0.625,0.8,0.490902212274));
#4787 = VECTOR('',#4788,1.);
#4788 = DIRECTION('',(0.,0.,1.));
#4789 = ORIENTED_EDGE('',*,*,#4790,.F.);
#4790 = EDGE_CURVE('',#4707,#4783,#4791,.T.);
#4791 = LINE('',#4792,#4793);
#4792 = CARTESIAN_POINT('',(0.625,0.905,0.65));
#4793 = VECTOR('',#4794,1.);
#4794 = DIRECTION('',(2.22044604925E-16,-1.,0.));
#4795 = PLANE('',#4796);
#4796 = AXIS2_PLACEMENT_3D('',#4797,#4798,#4799);
#4797 = CARTESIAN_POINT('',(0.625,0.905,0.65));
#4798 = DIRECTION('',(-1.,-2.22044604925E-16,0.));
#4799 = DIRECTION('',(2.22044604925E-16,-1.,0.));
#4800 = ADVANCED_FACE('',(#4801),#4825,.F.);
#4801 = FACE_BOUND('',#4802,.F.);
#4802 = EDGE_LOOP('',(#4803,#4811,#4812,#4819));
#4803 = ORIENTED_EDGE('',*,*,#4804,.F.);
#4804 = EDGE_CURVE('',#4525,#4805,#4807,.T.);
#4805 = VERTEX_POINT('',#4806);
#4806 = CARTESIAN_POINT('',(0.625,-0.8,0.65));
#4807 = LINE('',#4808,#4809);
#4808 = CARTESIAN_POINT('',(0.625,-0.8,0.490902212274));
#4809 = VECTOR('',#4810,1.);
#4810 = DIRECTION('',(0.,0.,1.));
#4811 = ORIENTED_EDGE('',*,*,#4524,.T.);
#4812 = ORIENTED_EDGE('',*,*,#4813,.T.);
#4813 = EDGE_CURVE('',#4518,#4814,#4816,.T.);
#4814 = VERTEX_POINT('',#4815);
#4815 = CARTESIAN_POINT('',(0.625,-0.905,0.65));
#4816 = B_SPLINE_CURVE_WITH_KNOTS('',1,(#4817,#4818),.UNSPECIFIED.,.F.,
  .F.,(2,2),(0.,1.),.PIECEWISE_BEZIER_KNOTS.);
#4817 = CARTESIAN_POINT('',(0.625,-0.905,0.5));
#4818 = CARTESIAN_POINT('',(0.625,-0.905,0.65));
#4819 = ORIENTED_EDGE('',*,*,#4820,.F.);
#4820 = EDGE_CURVE('',#4805,#4814,#4821,.T.);
#4821 = LINE('',#4822,#4823);
#4822 = CARTESIAN_POINT('',(0.625,0.905,0.65));
#4823 = VECTOR('',#4824,1.);
#4824 = DIRECTION('',(2.22044604925E-16,-1.,0.));
#4825 = PLANE('',#4826);
#4826 = AXIS2_PLACEMENT_3D('',#4827,#4828,#4829);
#4827 = CARTESIAN_POINT('',(0.625,0.905,0.65));
#4828 = DIRECTION('',(-1.,-2.22044604925E-16,0.));
#4829 = DIRECTION('',(2.22044604925E-16,-1.,0.));
#4830 = ADVANCED_FACE('',(#4831),#4858,.F.);
#4831 = FACE_BOUND('',#4832,.F.);
#4832 = EDGE_LOOP('',(#4833,#4834,#4843,#4851));
#4833 = ORIENTED_EDGE('',*,*,#4548,.T.);
#4834 = ORIENTED_EDGE('',*,*,#4835,.T.);
#4835 = EDGE_CURVE('',#4541,#4836,#4838,.T.);
#4836 = VERTEX_POINT('',#4837);
#4837 = CARTESIAN_POINT('',(0.725,0.5,0.4));
#4838 = CIRCLE('',#4839,0.1);
#4839 = AXIS2_PLACEMENT_3D('',#4840,#4841,#4842);
#4840 = CARTESIAN_POINT('',(0.625,0.5,0.4));
#4841 = DIRECTION('',(-2.22044604925E-16,1.,1.094764425744E-47));
#4842 = DIRECTION('',(1.110223024625E-15,2.465190328815E-31,1.));
#4843 = ORIENTED_EDGE('',*,*,#4844,.F.);
#4844 = EDGE_CURVE('',#4845,#4836,#4847,.T.);
#4845 = VERTEX_POINT('',#4846);
#4846 = CARTESIAN_POINT('',(0.725,0.8,0.4));
#4847 = LINE('',#4848,#4849);
#4848 = CARTESIAN_POINT('',(0.725,0.8,0.4));
#4849 = VECTOR('',#4850,1.);
#4850 = DIRECTION('',(2.22044604925E-16,-1.,0.));
#4851 = ORIENTED_EDGE('',*,*,#4852,.F.);
#4852 = EDGE_CURVE('',#4549,#4845,#4853,.T.);
#4853 = CIRCLE('',#4854,0.1);
#4854 = AXIS2_PLACEMENT_3D('',#4855,#4856,#4857);
#4855 = CARTESIAN_POINT('',(0.625,0.8,0.4));
#4856 = DIRECTION('',(-2.22044604925E-16,1.,1.094764425744E-47));
#4857 = DIRECTION('',(1.110223024625E-15,2.465190328815E-31,1.));
#4858 = CYLINDRICAL_SURFACE('',#4859,0.1);
#4859 = AXIS2_PLACEMENT_3D('',#4860,#4861,#4862);
#4860 = CARTESIAN_POINT('',(0.625,0.8,0.4));
#4861 = DIRECTION('',(-2.22044604925E-16,1.,0.));
#4862 = DIRECTION('',(1.110223024625E-15,2.465190328815E-31,1.));
#4863 = ADVANCED_FACE('',(#4864),#4891,.F.);
#4864 = FACE_BOUND('',#4865,.F.);
#4865 = EDGE_LOOP('',(#4866,#4867,#4876,#4884));
#4866 = ORIENTED_EDGE('',*,*,#4532,.T.);
#4867 = ORIENTED_EDGE('',*,*,#4868,.T.);
#4868 = EDGE_CURVE('',#4525,#4869,#4871,.T.);
#4869 = VERTEX_POINT('',#4870);
#4870 = CARTESIAN_POINT('',(0.725,-0.8,0.4));
#4871 = CIRCLE('',#4872,0.1);
#4872 = AXIS2_PLACEMENT_3D('',#4873,#4874,#4875);
#4873 = CARTESIAN_POINT('',(0.625,-0.8,0.4));
#4874 = DIRECTION('',(-2.22044604925E-16,1.,1.094764425744E-47));
#4875 = DIRECTION('',(1.110223024625E-15,2.465190328815E-31,1.));
#4876 = ORIENTED_EDGE('',*,*,#4877,.F.);
#4877 = EDGE_CURVE('',#4878,#4869,#4880,.T.);
#4878 = VERTEX_POINT('',#4879);
#4879 = CARTESIAN_POINT('',(0.725,-0.5,0.4));
#4880 = LINE('',#4881,#4882);
#4881 = CARTESIAN_POINT('',(0.725,-0.5,0.4));
#4882 = VECTOR('',#4883,1.);
#4883 = DIRECTION('',(2.22044604925E-16,-1.,0.));
#4884 = ORIENTED_EDGE('',*,*,#4885,.F.);
#4885 = EDGE_CURVE('',#4533,#4878,#4886,.T.);
#4886 = CIRCLE('',#4887,0.1);
#4887 = AXIS2_PLACEMENT_3D('',#4888,#4889,#4890);
#4888 = CARTESIAN_POINT('',(0.625,-0.5,0.4));
#4889 = DIRECTION('',(-2.22044604925E-16,1.,1.094764425744E-47));
#4890 = DIRECTION('',(1.110223024625E-15,2.465190328815E-31,1.));
#4891 = CYLINDRICAL_SURFACE('',#4892,0.1);
#4892 = AXIS2_PLACEMENT_3D('',#4893,#4894,#4895);
#4893 = CARTESIAN_POINT('',(0.625,-0.5,0.4));
#4894 = DIRECTION('',(-2.22044604925E-16,1.,0.));
#4895 = DIRECTION('',(1.110223024625E-15,2.465190328815E-31,1.));
#4896 = ADVANCED_FACE('',(#4897),#4922,.F.);
#4897 = FACE_BOUND('',#4898,.F.);
#4898 = EDGE_LOOP('',(#4899,#4907,#4908,#4916));
#4899 = ORIENTED_EDGE('',*,*,#4900,.F.);
#4900 = EDGE_CURVE('',#4541,#4901,#4903,.T.);
#4901 = VERTEX_POINT('',#4902);
#4902 = CARTESIAN_POINT('',(0.625,0.5,0.65));
#4903 = LINE('',#4904,#4905);
#4904 = CARTESIAN_POINT('',(0.625,0.5,0.490902212274));
#4905 = VECTOR('',#4906,1.);
#4906 = DIRECTION('',(0.,0.,1.));
#4907 = ORIENTED_EDGE('',*,*,#4540,.T.);
#4908 = ORIENTED_EDGE('',*,*,#4909,.T.);
#4909 = EDGE_CURVE('',#4533,#4910,#4912,.T.);
#4910 = VERTEX_POINT('',#4911);
#4911 = CARTESIAN_POINT('',(0.625,-0.5,0.65));
#4912 = LINE('',#4913,#4914);
#4913 = CARTESIAN_POINT('',(0.625,-0.5,0.490902212274));
#4914 = VECTOR('',#4915,1.);
#4915 = DIRECTION('',(0.,0.,1.));
#4916 = ORIENTED_EDGE('',*,*,#4917,.F.);
#4917 = EDGE_CURVE('',#4901,#4910,#4918,.T.);
#4918 = LINE('',#4919,#4920);
#4919 = CARTESIAN_POINT('',(0.625,0.905,0.65));
#4920 = VECTOR('',#4921,1.);
#4921 = DIRECTION('',(2.22044604925E-16,-1.,0.));
#4922 = PLANE('',#4923);
#4923 = AXIS2_PLACEMENT_3D('',#4924,#4925,#4926);
#4924 = CARTESIAN_POINT('',(0.625,0.905,0.65));
#4925 = DIRECTION('',(-1.,-2.22044604925E-16,0.));
#4926 = DIRECTION('',(2.22044604925E-16,-1.,0.));
#4927 = ADVANCED_FACE('',(#4928),#4945,.F.);
#4928 = FACE_BOUND('',#4929,.F.);
#4929 = EDGE_LOOP('',(#4930,#4931,#4938,#4944));
#4930 = ORIENTED_EDGE('',*,*,#4579,.T.);
#4931 = ORIENTED_EDGE('',*,*,#4932,.T.);
#4932 = EDGE_CURVE('',#4573,#4933,#4935,.T.);
#4933 = VERTEX_POINT('',#4934);
#4934 = CARTESIAN_POINT('',(0.53,-1.,0.65));
#4935 = B_SPLINE_CURVE_WITH_KNOTS('',1,(#4936,#4937),.UNSPECIFIED.,.F.,
  .F.,(2,2),(0.,1.),.PIECEWISE_BEZIER_KNOTS.);
#4936 = CARTESIAN_POINT('',(0.53,-1.,0.5));
#4937 = CARTESIAN_POINT('',(0.53,-1.,0.65));
#4938 = ORIENTED_EDGE('',*,*,#4939,.F.);
#4939 = EDGE_CURVE('',#4814,#4933,#4940,.T.);
#4940 = LINE('',#4941,#4942);
#4941 = CARTESIAN_POINT('',(0.625,-0.905,0.65));
#4942 = VECTOR('',#4943,1.);
#4943 = DIRECTION('',(-0.707106781187,-0.707106781187,0.));
#4944 = ORIENTED_EDGE('',*,*,#4813,.F.);
#4945 = PLANE('',#4946);
#4946 = AXIS2_PLACEMENT_3D('',#4947,#4948,#4949);
#4947 = CARTESIAN_POINT('',(0.625,-0.905,0.65));
#4948 = DIRECTION('',(-0.707106781187,0.707106781187,0.));
#4949 = DIRECTION('',(-0.707106781187,-0.707106781187,0.));
#4950 = ADVANCED_FACE('',(#4951),#4968,.F.);
#4951 = FACE_BOUND('',#4952,.F.);
#4952 = EDGE_LOOP('',(#4953,#4954,#4961,#4967));
#4953 = ORIENTED_EDGE('',*,*,#4602,.T.);
#4954 = ORIENTED_EDGE('',*,*,#4955,.T.);
#4955 = EDGE_CURVE('',#4596,#4956,#4958,.T.);
#4956 = VERTEX_POINT('',#4957);
#4957 = CARTESIAN_POINT('',(-0.53,-1.,0.65));
#4958 = B_SPLINE_CURVE_WITH_KNOTS('',1,(#4959,#4960),.UNSPECIFIED.,.F.,
  .F.,(2,2),(0.,1.),.PIECEWISE_BEZIER_KNOTS.);
#4959 = CARTESIAN_POINT('',(-0.53,-1.,0.5));
#4960 = CARTESIAN_POINT('',(-0.53,-1.,0.65));
#4961 = ORIENTED_EDGE('',*,*,#4962,.F.);
#4962 = EDGE_CURVE('',#4933,#4956,#4963,.T.);
#4963 = LINE('',#4964,#4965);
#4964 = CARTESIAN_POINT('',(0.53,-1.,0.65));
#4965 = VECTOR('',#4966,1.);
#4966 = DIRECTION('',(-1.,-2.22044604925E-16,0.));
#4967 = ORIENTED_EDGE('',*,*,#4932,.F.);
#4968 = PLANE('',#4969);
#4969 = AXIS2_PLACEMENT_3D('',#4970,#4971,#4972);
#4970 = CARTESIAN_POINT('',(0.53,-1.,0.65));
#4971 = DIRECTION('',(-2.22044604925E-16,1.,0.));
#4972 = DIRECTION('',(-1.,-2.22044604925E-16,0.));
#4973 = ADVANCED_FACE('',(#4974),#4991,.F.);
#4974 = FACE_BOUND('',#4975,.F.);
#4975 = EDGE_LOOP('',(#4976,#4977,#4984,#4990));
#4976 = ORIENTED_EDGE('',*,*,#4625,.T.);
#4977 = ORIENTED_EDGE('',*,*,#4978,.T.);
#4978 = EDGE_CURVE('',#4619,#4979,#4981,.T.);
#4979 = VERTEX_POINT('',#4980);
#4980 = CARTESIAN_POINT('',(-0.625,-0.905,0.65));
#4981 = B_SPLINE_CURVE_WITH_KNOTS('',1,(#4982,#4983),.UNSPECIFIED.,.F.,
  .F.,(2,2),(0.,1.),.PIECEWISE_BEZIER_KNOTS.);
#4982 = CARTESIAN_POINT('',(-0.625,-0.905,0.5));
#4983 = CARTESIAN_POINT('',(-0.625,-0.905,0.65));
#4984 = ORIENTED_EDGE('',*,*,#4985,.F.);
#4985 = EDGE_CURVE('',#4956,#4979,#4986,.T.);
#4986 = LINE('',#4987,#4988);
#4987 = CARTESIAN_POINT('',(-0.53,-1.,0.65));
#4988 = VECTOR('',#4989,1.);
#4989 = DIRECTION('',(-0.707106781187,0.707106781187,0.));
#4990 = ORIENTED_EDGE('',*,*,#4955,.F.);
#4991 = PLANE('',#4992);
#4992 = AXIS2_PLACEMENT_3D('',#4993,#4994,#4995);
#4993 = CARTESIAN_POINT('',(-0.53,-1.,0.65));
#4994 = DIRECTION('',(0.707106781187,0.707106781187,0.));
#4995 = DIRECTION('',(-0.707106781187,0.707106781187,0.));
#4996 = ADVANCED_FACE('',(#4997),#5015,.F.);
#4997 = FACE_BOUND('',#4998,.F.);
#4998 = EDGE_LOOP('',(#4999,#5000,#5001,#5009));
#4999 = ORIENTED_EDGE('',*,*,#4978,.F.);
#5000 = ORIENTED_EDGE('',*,*,#4690,.T.);
#5001 = ORIENTED_EDGE('',*,*,#5002,.T.);
#5002 = EDGE_CURVE('',#4683,#5003,#5005,.T.);
#5003 = VERTEX_POINT('',#5004);
#5004 = CARTESIAN_POINT('',(-0.625,-0.8,0.65));
#5005 = LINE('',#5006,#5007);
#5006 = CARTESIAN_POINT('',(-0.625,-0.8,0.490902212274));
#5007 = VECTOR('',#5008,1.);
#5008 = DIRECTION('',(0.,0.,1.));
#5009 = ORIENTED_EDGE('',*,*,#5010,.F.);
#5010 = EDGE_CURVE('',#4979,#5003,#5011,.T.);
#5011 = LINE('',#5012,#5013);
#5012 = CARTESIAN_POINT('',(-0.625,-0.905,0.65));
#5013 = VECTOR('',#5014,1.);
#5014 = DIRECTION('',(-2.22044604925E-16,1.,0.));
#5015 = PLANE('',#5016);
#5016 = AXIS2_PLACEMENT_3D('',#5017,#5018,#5019);
#5017 = CARTESIAN_POINT('',(-0.625,-0.905,0.65));
#5018 = DIRECTION('',(1.,2.22044604925E-16,0.));
#5019 = DIRECTION('',(-2.22044604925E-16,1.,0.));
#5020 = ADVANCED_FACE('',(#5021),#5039,.F.);
#5021 = FACE_BOUND('',#5022,.F.);
#5022 = EDGE_LOOP('',(#5023,#5031,#5032,#5033));
#5023 = ORIENTED_EDGE('',*,*,#5024,.F.);
#5024 = EDGE_CURVE('',#4643,#5025,#5027,.T.);
#5025 = VERTEX_POINT('',#5026);
#5026 = CARTESIAN_POINT('',(-0.625,0.8,0.65));
#5027 = LINE('',#5028,#5029);
#5028 = CARTESIAN_POINT('',(-0.625,0.8,0.490902212274));
#5029 = VECTOR('',#5030,1.);
#5030 = DIRECTION('',(0.,0.,1.));
#5031 = ORIENTED_EDGE('',*,*,#4642,.T.);
#5032 = ORIENTED_EDGE('',*,*,#4767,.T.);
#5033 = ORIENTED_EDGE('',*,*,#5034,.F.);
#5034 = EDGE_CURVE('',#5025,#4760,#5035,.T.);
#5035 = LINE('',#5036,#5037);
#5036 = CARTESIAN_POINT('',(-0.625,-0.905,0.65));
#5037 = VECTOR('',#5038,1.);
#5038 = DIRECTION('',(-2.22044604925E-16,1.,0.));
#5039 = PLANE('',#5040);
#5040 = AXIS2_PLACEMENT_3D('',#5041,#5042,#5043);
#5041 = CARTESIAN_POINT('',(-0.625,-0.905,0.65));
#5042 = DIRECTION('',(1.,2.22044604925E-16,0.));
#5043 = DIRECTION('',(-2.22044604925E-16,1.,0.));
#5044 = ADVANCED_FACE('',(#5045),#5072,.F.);
#5045 = FACE_BOUND('',#5046,.F.);
#5046 = EDGE_LOOP('',(#5047,#5048,#5057,#5065));
#5047 = ORIENTED_EDGE('',*,*,#4682,.T.);
#5048 = ORIENTED_EDGE('',*,*,#5049,.T.);
#5049 = EDGE_CURVE('',#4675,#5050,#5052,.T.);
#5050 = VERTEX_POINT('',#5051);
#5051 = CARTESIAN_POINT('',(-0.725,-0.5,0.4));
#5052 = CIRCLE('',#5053,0.1);
#5053 = AXIS2_PLACEMENT_3D('',#5054,#5055,#5056);
#5054 = CARTESIAN_POINT('',(-0.625,-0.5,0.4));
#5055 = DIRECTION('',(9.95799250103E-17,-1.,-3.664476801359E-48));
#5056 = DIRECTION('',(-1.110223024625E-15,-1.105559255369E-31,1.));
#5057 = ORIENTED_EDGE('',*,*,#5058,.F.);
#5058 = EDGE_CURVE('',#5059,#5050,#5061,.T.);
#5059 = VERTEX_POINT('',#5060);
#5060 = CARTESIAN_POINT('',(-0.725,-0.8,0.4));
#5061 = LINE('',#5062,#5063);
#5062 = CARTESIAN_POINT('',(-0.725,-0.8,0.4));
#5063 = VECTOR('',#5064,1.);
#5064 = DIRECTION('',(-9.95799250103E-17,1.,0.));
#5065 = ORIENTED_EDGE('',*,*,#5066,.F.);
#5066 = EDGE_CURVE('',#4683,#5059,#5067,.T.);
#5067 = CIRCLE('',#5068,0.1);
#5068 = AXIS2_PLACEMENT_3D('',#5069,#5070,#5071);
#5069 = CARTESIAN_POINT('',(-0.625,-0.8,0.4));
#5070 = DIRECTION('',(9.95799250103E-17,-1.,-3.664476801359E-48));
#5071 = DIRECTION('',(-1.110223024625E-15,-1.105559255369E-31,1.));
#5072 = CYLINDRICAL_SURFACE('',#5073,0.1);
#5073 = AXIS2_PLACEMENT_3D('',#5074,#5075,#5076);
#5074 = CARTESIAN_POINT('',(-0.625,-0.8,0.4));
#5075 = DIRECTION('',(9.95799250103E-17,-1.,0.));
#5076 = DIRECTION('',(-1.110223024625E-15,-1.105559255369E-31,1.));
#5077 = ADVANCED_FACE('',(#5078),#5105,.F.);
#5078 = FACE_BOUND('',#5079,.F.);
#5079 = EDGE_LOOP('',(#5080,#5081,#5090,#5098));
#5080 = ORIENTED_EDGE('',*,*,#4650,.T.);
#5081 = ORIENTED_EDGE('',*,*,#5082,.T.);
#5082 = EDGE_CURVE('',#4643,#5083,#5085,.T.);
#5083 = VERTEX_POINT('',#5084);
#5084 = CARTESIAN_POINT('',(-0.725,0.8,0.4));
#5085 = CIRCLE('',#5086,0.1);
#5086 = AXIS2_PLACEMENT_3D('',#5087,#5088,#5089);
#5087 = CARTESIAN_POINT('',(-0.625,0.8,0.4));
#5088 = DIRECTION('',(9.95799250103E-17,-1.,-3.664476801359E-48));
#5089 = DIRECTION('',(-1.110223024625E-15,-1.105559255369E-31,1.));
#5090 = ORIENTED_EDGE('',*,*,#5091,.F.);
#5091 = EDGE_CURVE('',#5092,#5083,#5094,.T.);
#5092 = VERTEX_POINT('',#5093);
#5093 = CARTESIAN_POINT('',(-0.725,0.5,0.4));
#5094 = LINE('',#5095,#5096);
#5095 = CARTESIAN_POINT('',(-0.725,0.5,0.4));
#5096 = VECTOR('',#5097,1.);
#5097 = DIRECTION('',(-9.95799250103E-17,1.,0.));
#5098 = ORIENTED_EDGE('',*,*,#5099,.F.);
#5099 = EDGE_CURVE('',#4651,#5092,#5100,.T.);
#5100 = CIRCLE('',#5101,0.1);
#5101 = AXIS2_PLACEMENT_3D('',#5102,#5103,#5104);
#5102 = CARTESIAN_POINT('',(-0.625,0.5,0.4));
#5103 = DIRECTION('',(9.95799250103E-17,-1.,-3.664476801359E-48));
#5104 = DIRECTION('',(-1.110223024625E-15,-1.105559255369E-31,1.));
#5105 = CYLINDRICAL_SURFACE('',#5106,0.1);
#5106 = AXIS2_PLACEMENT_3D('',#5107,#5108,#5109);
#5107 = CARTESIAN_POINT('',(-0.625,0.5,0.4));
#5108 = DIRECTION('',(9.95799250103E-17,-1.,0.));
#5109 = DIRECTION('',(-1.110223024625E-15,-1.105559255369E-31,1.));
#5110 = ADVANCED_FACE('',(#5111),#5136,.F.);
#5111 = FACE_BOUND('',#5112,.F.);
#5112 = EDGE_LOOP('',(#5113,#5121,#5122,#5130));
#5113 = ORIENTED_EDGE('',*,*,#5114,.F.);
#5114 = EDGE_CURVE('',#4675,#5115,#5117,.T.);
#5115 = VERTEX_POINT('',#5116);
#5116 = CARTESIAN_POINT('',(-0.625,-0.5,0.65));
#5117 = LINE('',#5118,#5119);
#5118 = CARTESIAN_POINT('',(-0.625,-0.5,0.490902212274));
#5119 = VECTOR('',#5120,1.);
#5120 = DIRECTION('',(0.,0.,1.));
#5121 = ORIENTED_EDGE('',*,*,#4674,.T.);
#5122 = ORIENTED_EDGE('',*,*,#5123,.T.);
#5123 = EDGE_CURVE('',#4667,#5124,#5126,.T.);
#5124 = VERTEX_POINT('',#5125);
#5125 = CARTESIAN_POINT('',(-0.625,-0.15,0.65));
#5126 = LINE('',#5127,#5128);
#5127 = CARTESIAN_POINT('',(-0.625,-0.15,0.490902212274));
#5128 = VECTOR('',#5129,1.);
#5129 = DIRECTION('',(0.,0.,1.));
#5130 = ORIENTED_EDGE('',*,*,#5131,.F.);
#5131 = EDGE_CURVE('',#5115,#5124,#5132,.T.);
#5132 = LINE('',#5133,#5134);
#5133 = CARTESIAN_POINT('',(-0.625,-0.905,0.65));
#5134 = VECTOR('',#5135,1.);
#5135 = DIRECTION('',(-2.22044604925E-16,1.,0.));
#5136 = PLANE('',#5137);
#5137 = AXIS2_PLACEMENT_3D('',#5138,#5139,#5140);
#5138 = CARTESIAN_POINT('',(-0.625,-0.905,0.65));
#5139 = DIRECTION('',(1.,2.22044604925E-16,0.));
#5140 = DIRECTION('',(-2.22044604925E-16,1.,0.));
#5141 = ADVANCED_FACE('',(#5142),#5167,.F.);
#5142 = FACE_BOUND('',#5143,.F.);
#5143 = EDGE_LOOP('',(#5144,#5152,#5153,#5161));
#5144 = ORIENTED_EDGE('',*,*,#5145,.F.);
#5145 = EDGE_CURVE('',#4659,#5146,#5148,.T.);
#5146 = VERTEX_POINT('',#5147);
#5147 = CARTESIAN_POINT('',(-0.625,0.15,0.65));
#5148 = LINE('',#5149,#5150);
#5149 = CARTESIAN_POINT('',(-0.625,0.15,0.490902212274));
#5150 = VECTOR('',#5151,1.);
#5151 = DIRECTION('',(0.,0.,1.));
#5152 = ORIENTED_EDGE('',*,*,#4658,.T.);
#5153 = ORIENTED_EDGE('',*,*,#5154,.T.);
#5154 = EDGE_CURVE('',#4651,#5155,#5157,.T.);
#5155 = VERTEX_POINT('',#5156);
#5156 = CARTESIAN_POINT('',(-0.625,0.5,0.65));
#5157 = LINE('',#5158,#5159);
#5158 = CARTESIAN_POINT('',(-0.625,0.5,0.490902212274));
#5159 = VECTOR('',#5160,1.);
#5160 = DIRECTION('',(0.,0.,1.));
#5161 = ORIENTED_EDGE('',*,*,#5162,.F.);
#5162 = EDGE_CURVE('',#5146,#5155,#5163,.T.);
#5163 = LINE('',#5164,#5165);
#5164 = CARTESIAN_POINT('',(-0.625,-0.905,0.65));
#5165 = VECTOR('',#5166,1.);
#5166 = DIRECTION('',(-2.22044604925E-16,1.,0.));
#5167 = PLANE('',#5168);
#5168 = AXIS2_PLACEMENT_3D('',#5169,#5170,#5171);
#5169 = CARTESIAN_POINT('',(-0.625,-0.905,0.65));
#5170 = DIRECTION('',(1.,2.22044604925E-16,0.));
#5171 = DIRECTION('',(-2.22044604925E-16,1.,0.));
#5172 = ADVANCED_FACE('',(#5173),#5200,.F.);
#5173 = FACE_BOUND('',#5174,.F.);
#5174 = EDGE_LOOP('',(#5175,#5176,#5185,#5193));
#5175 = ORIENTED_EDGE('',*,*,#4666,.T.);
#5176 = ORIENTED_EDGE('',*,*,#5177,.T.);
#5177 = EDGE_CURVE('',#4659,#5178,#5180,.T.);
#5178 = VERTEX_POINT('',#5179);
#5179 = CARTESIAN_POINT('',(-0.725,0.15,0.4));
#5180 = CIRCLE('',#5181,0.1);
#5181 = AXIS2_PLACEMENT_3D('',#5182,#5183,#5184);
#5182 = CARTESIAN_POINT('',(-0.625,0.15,0.4));
#5183 = DIRECTION('',(9.95799250103E-17,-1.,-3.664476801359E-48));
#5184 = DIRECTION('',(-1.110223024625E-15,-1.105559255369E-31,1.));
#5185 = ORIENTED_EDGE('',*,*,#5186,.F.);
#5186 = EDGE_CURVE('',#5187,#5178,#5189,.T.);
#5187 = VERTEX_POINT('',#5188);
#5188 = CARTESIAN_POINT('',(-0.725,-0.15,0.4));
#5189 = LINE('',#5190,#5191);
#5190 = CARTESIAN_POINT('',(-0.725,-0.15,0.4));
#5191 = VECTOR('',#5192,1.);
#5192 = DIRECTION('',(-9.95799250103E-17,1.,0.));
#5193 = ORIENTED_EDGE('',*,*,#5194,.F.);
#5194 = EDGE_CURVE('',#4667,#5187,#5195,.T.);
#5195 = CIRCLE('',#5196,0.1);
#5196 = AXIS2_PLACEMENT_3D('',#5197,#5198,#5199);
#5197 = CARTESIAN_POINT('',(-0.625,-0.15,0.4));
#5198 = DIRECTION('',(9.95799250103E-17,-1.,-3.664476801359E-48));
#5199 = DIRECTION('',(-1.110223024625E-15,-1.105559255369E-31,1.));
#5200 = CYLINDRICAL_SURFACE('',#5201,0.1);
#5201 = AXIS2_PLACEMENT_3D('',#5202,#5203,#5204);
#5202 = CARTESIAN_POINT('',(-0.625,-0.15,0.4));
#5203 = DIRECTION('',(9.95799250103E-17,-1.,0.));
#5204 = DIRECTION('',(-1.110223024625E-15,-1.105559255369E-31,1.));
#5205 = ADVANCED_FACE('',(#5206),#5223,.F.);
#5206 = FACE_BOUND('',#5207,.F.);
#5207 = EDGE_LOOP('',(#5208,#5209,#5216,#5222));
#5208 = ORIENTED_EDGE('',*,*,#4713,.T.);
#5209 = ORIENTED_EDGE('',*,*,#5210,.T.);
#5210 = EDGE_CURVE('',#4707,#5211,#5213,.T.);
#5211 = VERTEX_POINT('',#5212);
#5212 = CARTESIAN_POINT('',(0.6,0.8925,0.65));
#5213 = B_SPLINE_CURVE_WITH_KNOTS('',1,(#5214,#5215),.UNSPECIFIED.,.F.,
  .F.,(2,2),(0.,1.),.PIECEWISE_BEZIER_KNOTS.);
#5214 = CARTESIAN_POINT('',(0.625,0.905,0.65));
#5215 = CARTESIAN_POINT('',(0.6,0.8925,0.65));
#5216 = ORIENTED_EDGE('',*,*,#5217,.F.);
#5217 = EDGE_CURVE('',#4730,#5211,#5218,.T.);
#5218 = LINE('',#5219,#5220);
#5219 = CARTESIAN_POINT('',(0.5175,0.975,0.65));
#5220 = VECTOR('',#5221,1.);
#5221 = DIRECTION('',(0.707106781187,-0.707106781187,0.));
#5222 = ORIENTED_EDGE('',*,*,#4729,.F.);
#5223 = B_SPLINE_SURFACE_WITH_KNOTS('',1,1,(
    (#5224,#5225)
    ,(#5226,#5227
    )),.UNSPECIFIED.,.F.,.F.,.F.,(2,2),(2,2),(0.,0.134350288425),(0.,1.)
  ,.PIECEWISE_BEZIER_KNOTS.);
#5224 = CARTESIAN_POINT('',(0.53,1.,0.65));
#5225 = CARTESIAN_POINT('',(0.5175,0.975,0.65));
#5226 = CARTESIAN_POINT('',(0.625,0.905,0.65));
#5227 = CARTESIAN_POINT('',(0.6,0.8925,0.65));
#5228 = ADVANCED_FACE('',(#5229),#5252,.F.);
#5229 = FACE_BOUND('',#5230,.F.);
#5230 = EDGE_LOOP('',(#5231,#5232,#5239,#5247));
#5231 = ORIENTED_EDGE('',*,*,#4736,.T.);
#5232 = ORIENTED_EDGE('',*,*,#5233,.T.);
#5233 = EDGE_CURVE('',#4730,#5234,#5236,.T.);
#5234 = VERTEX_POINT('',#5235);
#5235 = CARTESIAN_POINT('',(0.48939183306,0.918783666119,1.05));
#5236 = B_SPLINE_CURVE_WITH_KNOTS('',1,(#5237,#5238),.UNSPECIFIED.,.F.,
  .F.,(2,2),(0.,1.),.PIECEWISE_BEZIER_KNOTS.);
#5237 = CARTESIAN_POINT('',(0.5175,0.975,0.65));
#5238 = CARTESIAN_POINT('',(0.48939183306,0.918783666119,1.05));
#5239 = ORIENTED_EDGE('',*,*,#5240,.F.);
#5240 = EDGE_CURVE('',#5241,#5234,#5243,.T.);
#5241 = VERTEX_POINT('',#5242);
#5242 = CARTESIAN_POINT('',(-0.48939183306,0.918783666119,1.05));
#5243 = LINE('',#5244,#5245);
#5244 = CARTESIAN_POINT('',(-0.48939183306,0.918783666119,1.05));
#5245 = VECTOR('',#5246,1.);
#5246 = DIRECTION('',(1.,2.22044604925E-16,0.));
#5247 = ORIENTED_EDGE('',*,*,#5248,.F.);
#5248 = EDGE_CURVE('',#4737,#5241,#5249,.T.);
#5249 = B_SPLINE_CURVE_WITH_KNOTS('',1,(#5250,#5251),.UNSPECIFIED.,.F.,
  .F.,(2,2),(0.,1.),.PIECEWISE_BEZIER_KNOTS.);
#5250 = CARTESIAN_POINT('',(-0.5175,0.975,0.65));
#5251 = CARTESIAN_POINT('',(-0.48939183306,0.918783666119,1.05));
#5252 = B_SPLINE_SURFACE_WITH_KNOTS('',1,1,(
    (#5253,#5254)
    ,(#5255,#5256
    )),.UNSPECIFIED.,.F.,.F.,.F.,(2,2),(2,2),(0.,1.035),(0.,1.),
  .PIECEWISE_BEZIER_KNOTS.);
#5253 = CARTESIAN_POINT('',(-0.5175,0.975,0.65));
#5254 = CARTESIAN_POINT('',(-0.48939183306,0.918783666119,1.05));
#5255 = CARTESIAN_POINT('',(0.5175,0.975,0.65));
#5256 = CARTESIAN_POINT('',(0.48939183306,0.918783666119,1.05));
#5257 = ADVANCED_FACE('',(#5258),#5275,.F.);
#5258 = FACE_BOUND('',#5259,.F.);
#5259 = EDGE_LOOP('',(#5260,#5261,#5262,#5270));
#5260 = ORIENTED_EDGE('',*,*,#4759,.T.);
#5261 = ORIENTED_EDGE('',*,*,#4744,.T.);
#5262 = ORIENTED_EDGE('',*,*,#5263,.F.);
#5263 = EDGE_CURVE('',#5264,#4737,#5266,.T.);
#5264 = VERTEX_POINT('',#5265);
#5265 = CARTESIAN_POINT('',(-0.6,0.8925,0.65));
#5266 = LINE('',#5267,#5268);
#5267 = CARTESIAN_POINT('',(-0.6,0.8925,0.65));
#5268 = VECTOR('',#5269,1.);
#5269 = DIRECTION('',(0.707106781187,0.707106781187,0.));
#5270 = ORIENTED_EDGE('',*,*,#5271,.F.);
#5271 = EDGE_CURVE('',#4760,#5264,#5272,.T.);
#5272 = B_SPLINE_CURVE_WITH_KNOTS('',1,(#5273,#5274),.UNSPECIFIED.,.F.,
  .F.,(2,2),(0.,1.),.PIECEWISE_BEZIER_KNOTS.);
#5273 = CARTESIAN_POINT('',(-0.625,0.905,0.65));
#5274 = CARTESIAN_POINT('',(-0.6,0.8925,0.65));
#5275 = B_SPLINE_SURFACE_WITH_KNOTS('',1,1,(
    (#5276,#5277)
    ,(#5278,#5279
    )),.UNSPECIFIED.,.F.,.F.,.F.,(2,2),(2,2),(0.,0.134350288425),(0.,1.)
  ,.PIECEWISE_BEZIER_KNOTS.);
#5276 = CARTESIAN_POINT('',(-0.625,0.905,0.65));
#5277 = CARTESIAN_POINT('',(-0.6,0.8925,0.65));
#5278 = CARTESIAN_POINT('',(-0.53,1.,0.65));
#5279 = CARTESIAN_POINT('',(-0.5175,0.975,0.65));
#5280 = ADVANCED_FACE('',(#5281),#5299,.F.);
#5281 = FACE_BOUND('',#5282,.F.);
#5282 = EDGE_LOOP('',(#5283,#5284,#5285,#5293));
#5283 = ORIENTED_EDGE('',*,*,#5210,.F.);
#5284 = ORIENTED_EDGE('',*,*,#4790,.T.);
#5285 = ORIENTED_EDGE('',*,*,#5286,.T.);
#5286 = EDGE_CURVE('',#4783,#5287,#5289,.T.);
#5287 = VERTEX_POINT('',#5288);
#5288 = CARTESIAN_POINT('',(0.6,0.8,0.65));
#5289 = LINE('',#5290,#5291);
#5290 = CARTESIAN_POINT('',(0.625,0.8,0.65));
#5291 = VECTOR('',#5292,1.);
#5292 = DIRECTION('',(-1.,-2.22044604925E-16,0.));
#5293 = ORIENTED_EDGE('',*,*,#5294,.F.);
#5294 = EDGE_CURVE('',#5211,#5287,#5295,.T.);
#5295 = LINE('',#5296,#5297);
#5296 = CARTESIAN_POINT('',(0.6,0.8925,0.65));
#5297 = VECTOR('',#5298,1.);
#5298 = DIRECTION('',(2.22044604925E-16,-1.,0.));
#5299 = B_SPLINE_SURFACE_WITH_KNOTS('',1,1,(
    (#5300,#5301)
    ,(#5302,#5303
    )),.UNSPECIFIED.,.F.,.F.,.F.,(2,2),(2,2),(0.,1.81),(0.,1.),
  .PIECEWISE_BEZIER_KNOTS.);
#5300 = CARTESIAN_POINT('',(0.625,0.905,0.65));
#5301 = CARTESIAN_POINT('',(0.6,0.8925,0.65));
#5302 = CARTESIAN_POINT('',(0.625,-0.905,0.65));
#5303 = CARTESIAN_POINT('',(0.6,-0.8925,0.65));
#5304 = ADVANCED_FACE('',(#5305),#5374,.F.);
#5305 = FACE_BOUND('',#5306,.F.);
#5306 = EDGE_LOOP('',(#5307,#5308,#5309,#5317,#5326,#5334,#5342,#5350,
    #5359,#5367));
#5307 = ORIENTED_EDGE('',*,*,#4782,.F.);
#5308 = ORIENTED_EDGE('',*,*,#4852,.T.);
#5309 = ORIENTED_EDGE('',*,*,#5310,.T.);
#5310 = EDGE_CURVE('',#4845,#5311,#5313,.T.);
#5311 = VERTEX_POINT('',#5312);
#5312 = CARTESIAN_POINT('',(0.725,0.8,0.25));
#5313 = LINE('',#5314,#5315);
#5314 = CARTESIAN_POINT('',(0.725,0.8,0.4));
#5315 = VECTOR('',#5316,1.);
#5316 = DIRECTION('',(0.,0.,-1.));
#5317 = ORIENTED_EDGE('',*,*,#5318,.T.);
#5318 = EDGE_CURVE('',#5311,#5319,#5321,.T.);
#5319 = VERTEX_POINT('',#5320);
#5320 = CARTESIAN_POINT('',(0.975,0.8,0.));
#5321 = CIRCLE('',#5322,0.25);
#5322 = AXIS2_PLACEMENT_3D('',#5323,#5324,#5325);
#5323 = CARTESIAN_POINT('',(0.975,0.8,0.25));
#5324 = DIRECTION('',(2.22044604925E-16,-1.,0.));
#5325 = DIRECTION('',(-1.,-2.22044604925E-16,-2.22044604925E-16));
#5326 = ORIENTED_EDGE('',*,*,#5327,.T.);
#5327 = EDGE_CURVE('',#5319,#5328,#5330,.T.);
#5328 = VERTEX_POINT('',#5329);
#5329 = CARTESIAN_POINT('',(1.,0.8,0.));
#5330 = LINE('',#5331,#5332);
#5331 = CARTESIAN_POINT('',(0.975,0.8,0.));
#5332 = VECTOR('',#5333,1.);
#5333 = DIRECTION('',(1.,2.22044604925E-16,0.));
#5334 = ORIENTED_EDGE('',*,*,#5335,.T.);
#5335 = EDGE_CURVE('',#5328,#5336,#5338,.T.);
#5336 = VERTEX_POINT('',#5337);
#5337 = CARTESIAN_POINT('',(1.,0.8,0.15));
#5338 = LINE('',#5339,#5340);
#5339 = CARTESIAN_POINT('',(1.,0.8,0.));
#5340 = VECTOR('',#5341,1.);
#5341 = DIRECTION('',(0.,0.,1.));
#5342 = ORIENTED_EDGE('',*,*,#5343,.T.);
#5343 = EDGE_CURVE('',#5336,#5344,#5346,.T.);
#5344 = VERTEX_POINT('',#5345);
#5345 = CARTESIAN_POINT('',(0.975,0.8,0.15));
#5346 = LINE('',#5347,#5348);
#5347 = CARTESIAN_POINT('',(1.,0.8,0.15));
#5348 = VECTOR('',#5349,1.);
#5349 = DIRECTION('',(-1.,-2.22044604925E-16,0.));
#5350 = ORIENTED_EDGE('',*,*,#5351,.T.);
#5351 = EDGE_CURVE('',#5344,#5352,#5354,.T.);
#5352 = VERTEX_POINT('',#5353);
#5353 = CARTESIAN_POINT('',(0.875,0.8,0.25));
#5354 = CIRCLE('',#5355,0.1);
#5355 = AXIS2_PLACEMENT_3D('',#5356,#5357,#5358);
#5356 = CARTESIAN_POINT('',(0.975,0.8,0.25));
#5357 = DIRECTION('',(-2.22044604925E-16,1.,0.));
#5358 = DIRECTION('',(0.,0.,-1.));
#5359 = ORIENTED_EDGE('',*,*,#5360,.T.);
#5360 = EDGE_CURVE('',#5352,#5361,#5363,.T.);
#5361 = VERTEX_POINT('',#5362);
#5362 = CARTESIAN_POINT('',(0.875,0.8,0.4));
#5363 = LINE('',#5364,#5365);
#5364 = CARTESIAN_POINT('',(0.875,0.8,0.25));
#5365 = VECTOR('',#5366,1.);
#5366 = DIRECTION('',(0.,0.,1.));
#5367 = ORIENTED_EDGE('',*,*,#5368,.T.);
#5368 = EDGE_CURVE('',#5361,#4783,#5369,.T.);
#5369 = CIRCLE('',#5370,0.25);
#5370 = AXIS2_PLACEMENT_3D('',#5371,#5372,#5373);
#5371 = CARTESIAN_POINT('',(0.625,0.8,0.4));
#5372 = DIRECTION('',(2.22044604925E-16,-1.,0.));
#5373 = DIRECTION('',(1.,2.22044604925E-16,4.440892098501E-16));
#5374 = PLANE('',#5375);
#5375 = AXIS2_PLACEMENT_3D('',#5376,#5377,#5378);
#5376 = CARTESIAN_POINT('',(0.79217491177,0.8,0.331804424548));
#5377 = DIRECTION('',(2.22044604925E-16,-1.,0.));
#5378 = DIRECTION('',(0.,0.,1.));
#5379 = ADVANCED_FACE('',(#5380),#5449,.T.);
#5380 = FACE_BOUND('',#5381,.T.);
#5381 = EDGE_LOOP('',(#5382,#5383,#5384,#5392,#5401,#5409,#5417,#5425,
    #5434,#5442));
#5382 = ORIENTED_EDGE('',*,*,#4804,.F.);
#5383 = ORIENTED_EDGE('',*,*,#4868,.T.);
#5384 = ORIENTED_EDGE('',*,*,#5385,.T.);
#5385 = EDGE_CURVE('',#4869,#5386,#5388,.T.);
#5386 = VERTEX_POINT('',#5387);
#5387 = CARTESIAN_POINT('',(0.725,-0.8,0.25));
#5388 = LINE('',#5389,#5390);
#5389 = CARTESIAN_POINT('',(0.725,-0.8,0.4));
#5390 = VECTOR('',#5391,1.);
#5391 = DIRECTION('',(0.,0.,-1.));
#5392 = ORIENTED_EDGE('',*,*,#5393,.T.);
#5393 = EDGE_CURVE('',#5386,#5394,#5396,.T.);
#5394 = VERTEX_POINT('',#5395);
#5395 = CARTESIAN_POINT('',(0.975,-0.8,0.));
#5396 = CIRCLE('',#5397,0.25);
#5397 = AXIS2_PLACEMENT_3D('',#5398,#5399,#5400);
#5398 = CARTESIAN_POINT('',(0.975,-0.8,0.25));
#5399 = DIRECTION('',(2.22044604925E-16,-1.,0.));
#5400 = DIRECTION('',(-1.,-2.22044604925E-16,-2.22044604925E-16));
#5401 = ORIENTED_EDGE('',*,*,#5402,.T.);
#5402 = EDGE_CURVE('',#5394,#5403,#5405,.T.);
#5403 = VERTEX_POINT('',#5404);
#5404 = CARTESIAN_POINT('',(1.,-0.8,0.));
#5405 = LINE('',#5406,#5407);
#5406 = CARTESIAN_POINT('',(0.975,-0.8,0.));
#5407 = VECTOR('',#5408,1.);
#5408 = DIRECTION('',(1.,2.22044604925E-16,0.));
#5409 = ORIENTED_EDGE('',*,*,#5410,.T.);
#5410 = EDGE_CURVE('',#5403,#5411,#5413,.T.);
#5411 = VERTEX_POINT('',#5412);
#5412 = CARTESIAN_POINT('',(1.,-0.8,0.15));
#5413 = LINE('',#5414,#5415);
#5414 = CARTESIAN_POINT('',(1.,-0.8,0.));
#5415 = VECTOR('',#5416,1.);
#5416 = DIRECTION('',(0.,0.,1.));
#5417 = ORIENTED_EDGE('',*,*,#5418,.T.);
#5418 = EDGE_CURVE('',#5411,#5419,#5421,.T.);
#5419 = VERTEX_POINT('',#5420);
#5420 = CARTESIAN_POINT('',(0.975,-0.8,0.15));
#5421 = LINE('',#5422,#5423);
#5422 = CARTESIAN_POINT('',(1.,-0.8,0.15));
#5423 = VECTOR('',#5424,1.);
#5424 = DIRECTION('',(-1.,-2.22044604925E-16,0.));
#5425 = ORIENTED_EDGE('',*,*,#5426,.T.);
#5426 = EDGE_CURVE('',#5419,#5427,#5429,.T.);
#5427 = VERTEX_POINT('',#5428);
#5428 = CARTESIAN_POINT('',(0.875,-0.8,0.25));
#5429 = CIRCLE('',#5430,0.1);
#5430 = AXIS2_PLACEMENT_3D('',#5431,#5432,#5433);
#5431 = CARTESIAN_POINT('',(0.975,-0.8,0.25));
#5432 = DIRECTION('',(-2.22044604925E-16,1.,0.));
#5433 = DIRECTION('',(0.,0.,-1.));
#5434 = ORIENTED_EDGE('',*,*,#5435,.T.);
#5435 = EDGE_CURVE('',#5427,#5436,#5438,.T.);
#5436 = VERTEX_POINT('',#5437);
#5437 = CARTESIAN_POINT('',(0.875,-0.8,0.4));
#5438 = LINE('',#5439,#5440);
#5439 = CARTESIAN_POINT('',(0.875,-0.8,0.25));
#5440 = VECTOR('',#5441,1.);
#5441 = DIRECTION('',(0.,0.,1.));
#5442 = ORIENTED_EDGE('',*,*,#5443,.T.);
#5443 = EDGE_CURVE('',#5436,#4805,#5444,.T.);
#5444 = CIRCLE('',#5445,0.25);
#5445 = AXIS2_PLACEMENT_3D('',#5446,#5447,#5448);
#5446 = CARTESIAN_POINT('',(0.625,-0.8,0.4));
#5447 = DIRECTION('',(2.22044604925E-16,-1.,0.));
#5448 = DIRECTION('',(1.,2.22044604925E-16,4.440892098501E-16));
#5449 = PLANE('',#5450);
#5450 = AXIS2_PLACEMENT_3D('',#5451,#5452,#5453);
#5451 = CARTESIAN_POINT('',(0.79217491177,-0.8,0.331804424548));
#5452 = DIRECTION('',(2.22044604925E-16,-1.,0.));
#5453 = DIRECTION('',(0.,0.,1.));
#5454 = ADVANCED_FACE('',(#5455),#5479,.F.);
#5455 = FACE_BOUND('',#5456,.F.);
#5456 = EDGE_LOOP('',(#5457,#5465,#5466,#5473));
#5457 = ORIENTED_EDGE('',*,*,#5458,.F.);
#5458 = EDGE_CURVE('',#4805,#5459,#5461,.T.);
#5459 = VERTEX_POINT('',#5460);
#5460 = CARTESIAN_POINT('',(0.6,-0.8,0.65));
#5461 = LINE('',#5462,#5463);
#5462 = CARTESIAN_POINT('',(0.625,-0.8,0.65));
#5463 = VECTOR('',#5464,1.);
#5464 = DIRECTION('',(-1.,-2.22044604925E-16,0.));
#5465 = ORIENTED_EDGE('',*,*,#4820,.T.);
#5466 = ORIENTED_EDGE('',*,*,#5467,.T.);
#5467 = EDGE_CURVE('',#4814,#5468,#5470,.T.);
#5468 = VERTEX_POINT('',#5469);
#5469 = CARTESIAN_POINT('',(0.6,-0.8925,0.65));
#5470 = B_SPLINE_CURVE_WITH_KNOTS('',1,(#5471,#5472),.UNSPECIFIED.,.F.,
  .F.,(2,2),(0.,1.),.PIECEWISE_BEZIER_KNOTS.);
#5471 = CARTESIAN_POINT('',(0.625,-0.905,0.65));
#5472 = CARTESIAN_POINT('',(0.6,-0.8925,0.65));
#5473 = ORIENTED_EDGE('',*,*,#5474,.F.);
#5474 = EDGE_CURVE('',#5459,#5468,#5475,.T.);
#5475 = LINE('',#5476,#5477);
#5476 = CARTESIAN_POINT('',(0.6,0.8925,0.65));
#5477 = VECTOR('',#5478,1.);
#5478 = DIRECTION('',(2.22044604925E-16,-1.,0.));
#5479 = B_SPLINE_SURFACE_WITH_KNOTS('',1,1,(
    (#5480,#5481)
    ,(#5482,#5483
    )),.UNSPECIFIED.,.F.,.F.,.F.,(2,2),(2,2),(0.,1.81),(0.,1.),
  .PIECEWISE_BEZIER_KNOTS.);
#5480 = CARTESIAN_POINT('',(0.625,0.905,0.65));
#5481 = CARTESIAN_POINT('',(0.6,0.8925,0.65));
#5482 = CARTESIAN_POINT('',(0.625,-0.905,0.65));
#5483 = CARTESIAN_POINT('',(0.6,-0.8925,0.65));
#5484 = ADVANCED_FACE('',(#5485),#5554,.T.);
#5485 = FACE_BOUND('',#5486,.T.);
#5486 = EDGE_LOOP('',(#5487,#5488,#5489,#5497,#5506,#5514,#5522,#5530,
    #5539,#5547));
#5487 = ORIENTED_EDGE('',*,*,#4900,.F.);
#5488 = ORIENTED_EDGE('',*,*,#4835,.T.);
#5489 = ORIENTED_EDGE('',*,*,#5490,.T.);
#5490 = EDGE_CURVE('',#4836,#5491,#5493,.T.);
#5491 = VERTEX_POINT('',#5492);
#5492 = CARTESIAN_POINT('',(0.725,0.5,0.25));
#5493 = LINE('',#5494,#5495);
#5494 = CARTESIAN_POINT('',(0.725,0.5,0.4));
#5495 = VECTOR('',#5496,1.);
#5496 = DIRECTION('',(0.,0.,-1.));
#5497 = ORIENTED_EDGE('',*,*,#5498,.T.);
#5498 = EDGE_CURVE('',#5491,#5499,#5501,.T.);
#5499 = VERTEX_POINT('',#5500);
#5500 = CARTESIAN_POINT('',(0.975,0.5,0.));
#5501 = CIRCLE('',#5502,0.25);
#5502 = AXIS2_PLACEMENT_3D('',#5503,#5504,#5505);
#5503 = CARTESIAN_POINT('',(0.975,0.5,0.25));
#5504 = DIRECTION('',(2.22044604925E-16,-1.,0.));
#5505 = DIRECTION('',(-1.,-2.22044604925E-16,-2.22044604925E-16));
#5506 = ORIENTED_EDGE('',*,*,#5507,.T.);
#5507 = EDGE_CURVE('',#5499,#5508,#5510,.T.);
#5508 = VERTEX_POINT('',#5509);
#5509 = CARTESIAN_POINT('',(1.,0.5,0.));
#5510 = LINE('',#5511,#5512);
#5511 = CARTESIAN_POINT('',(0.975,0.5,0.));
#5512 = VECTOR('',#5513,1.);
#5513 = DIRECTION('',(1.,2.22044604925E-16,0.));
#5514 = ORIENTED_EDGE('',*,*,#5515,.T.);
#5515 = EDGE_CURVE('',#5508,#5516,#5518,.T.);
#5516 = VERTEX_POINT('',#5517);
#5517 = CARTESIAN_POINT('',(1.,0.5,0.15));
#5518 = LINE('',#5519,#5520);
#5519 = CARTESIAN_POINT('',(1.,0.5,0.));
#5520 = VECTOR('',#5521,1.);
#5521 = DIRECTION('',(0.,0.,1.));
#5522 = ORIENTED_EDGE('',*,*,#5523,.T.);
#5523 = EDGE_CURVE('',#5516,#5524,#5526,.T.);
#5524 = VERTEX_POINT('',#5525);
#5525 = CARTESIAN_POINT('',(0.975,0.5,0.15));
#5526 = LINE('',#5527,#5528);
#5527 = CARTESIAN_POINT('',(1.,0.5,0.15));
#5528 = VECTOR('',#5529,1.);
#5529 = DIRECTION('',(-1.,-2.22044604925E-16,0.));
#5530 = ORIENTED_EDGE('',*,*,#5531,.T.);
#5531 = EDGE_CURVE('',#5524,#5532,#5534,.T.);
#5532 = VERTEX_POINT('',#5533);
#5533 = CARTESIAN_POINT('',(0.875,0.5,0.25));
#5534 = CIRCLE('',#5535,0.1);
#5535 = AXIS2_PLACEMENT_3D('',#5536,#5537,#5538);
#5536 = CARTESIAN_POINT('',(0.975,0.5,0.25));
#5537 = DIRECTION('',(-2.22044604925E-16,1.,0.));
#5538 = DIRECTION('',(0.,0.,-1.));
#5539 = ORIENTED_EDGE('',*,*,#5540,.T.);
#5540 = EDGE_CURVE('',#5532,#5541,#5543,.T.);
#5541 = VERTEX_POINT('',#5542);
#5542 = CARTESIAN_POINT('',(0.875,0.5,0.4));
#5543 = LINE('',#5544,#5545);
#5544 = CARTESIAN_POINT('',(0.875,0.5,0.25));
#5545 = VECTOR('',#5546,1.);
#5546 = DIRECTION('',(0.,0.,1.));
#5547 = ORIENTED_EDGE('',*,*,#5548,.T.);
#5548 = EDGE_CURVE('',#5541,#4901,#5549,.T.);
#5549 = CIRCLE('',#5550,0.25);
#5550 = AXIS2_PLACEMENT_3D('',#5551,#5552,#5553);
#5551 = CARTESIAN_POINT('',(0.625,0.5,0.4));
#5552 = DIRECTION('',(2.22044604925E-16,-1.,0.));
#5553 = DIRECTION('',(1.,2.22044604925E-16,4.440892098501E-16));
#5554 = PLANE('',#5555);
#5555 = AXIS2_PLACEMENT_3D('',#5556,#5557,#5558);
#5556 = CARTESIAN_POINT('',(0.79217491177,0.5,0.331804424548));
#5557 = DIRECTION('',(2.22044604925E-16,-1.,0.));
#5558 = DIRECTION('',(0.,0.,1.));
#5559 = ADVANCED_FACE('',(#5560),#5571,.F.);
#5560 = FACE_BOUND('',#5561,.F.);
#5561 = EDGE_LOOP('',(#5562,#5563,#5564,#5570));
#5562 = ORIENTED_EDGE('',*,*,#4844,.T.);
#5563 = ORIENTED_EDGE('',*,*,#5490,.T.);
#5564 = ORIENTED_EDGE('',*,*,#5565,.F.);
#5565 = EDGE_CURVE('',#5311,#5491,#5566,.T.);
#5566 = LINE('',#5567,#5568);
#5567 = CARTESIAN_POINT('',(0.725,0.8,0.25));
#5568 = VECTOR('',#5569,1.);
#5569 = DIRECTION('',(2.22044604925E-16,-1.,0.));
#5570 = ORIENTED_EDGE('',*,*,#5310,.F.);
#5571 = PLANE('',#5572);
#5572 = AXIS2_PLACEMENT_3D('',#5573,#5574,#5575);
#5573 = CARTESIAN_POINT('',(0.725,0.8,0.4));
#5574 = DIRECTION('',(1.,2.22044604925E-16,0.));
#5575 = DIRECTION('',(0.,0.,-1.));
#5576 = ADVANCED_FACE('',(#5577),#5646,.F.);
#5577 = FACE_BOUND('',#5578,.F.);
#5578 = EDGE_LOOP('',(#5579,#5580,#5581,#5589,#5598,#5606,#5614,#5622,
    #5631,#5639));
#5579 = ORIENTED_EDGE('',*,*,#4909,.F.);
#5580 = ORIENTED_EDGE('',*,*,#4885,.T.);
#5581 = ORIENTED_EDGE('',*,*,#5582,.T.);
#5582 = EDGE_CURVE('',#4878,#5583,#5585,.T.);
#5583 = VERTEX_POINT('',#5584);
#5584 = CARTESIAN_POINT('',(0.725,-0.5,0.25));
#5585 = LINE('',#5586,#5587);
#5586 = CARTESIAN_POINT('',(0.725,-0.5,0.4));
#5587 = VECTOR('',#5588,1.);
#5588 = DIRECTION('',(0.,0.,-1.));
#5589 = ORIENTED_EDGE('',*,*,#5590,.T.);
#5590 = EDGE_CURVE('',#5583,#5591,#5593,.T.);
#5591 = VERTEX_POINT('',#5592);
#5592 = CARTESIAN_POINT('',(0.975,-0.5,0.));
#5593 = CIRCLE('',#5594,0.25);
#5594 = AXIS2_PLACEMENT_3D('',#5595,#5596,#5597);
#5595 = CARTESIAN_POINT('',(0.975,-0.5,0.25));
#5596 = DIRECTION('',(2.22044604925E-16,-1.,0.));
#5597 = DIRECTION('',(-1.,-2.22044604925E-16,-2.22044604925E-16));
#5598 = ORIENTED_EDGE('',*,*,#5599,.T.);
#5599 = EDGE_CURVE('',#5591,#5600,#5602,.T.);
#5600 = VERTEX_POINT('',#5601);
#5601 = CARTESIAN_POINT('',(1.,-0.5,0.));
#5602 = LINE('',#5603,#5604);
#5603 = CARTESIAN_POINT('',(0.975,-0.5,0.));
#5604 = VECTOR('',#5605,1.);
#5605 = DIRECTION('',(1.,2.22044604925E-16,0.));
#5606 = ORIENTED_EDGE('',*,*,#5607,.T.);
#5607 = EDGE_CURVE('',#5600,#5608,#5610,.T.);
#5608 = VERTEX_POINT('',#5609);
#5609 = CARTESIAN_POINT('',(1.,-0.5,0.15));
#5610 = LINE('',#5611,#5612);
#5611 = CARTESIAN_POINT('',(1.,-0.5,0.));
#5612 = VECTOR('',#5613,1.);
#5613 = DIRECTION('',(0.,0.,1.));
#5614 = ORIENTED_EDGE('',*,*,#5615,.T.);
#5615 = EDGE_CURVE('',#5608,#5616,#5618,.T.);
#5616 = VERTEX_POINT('',#5617);
#5617 = CARTESIAN_POINT('',(0.975,-0.5,0.15));
#5618 = LINE('',#5619,#5620);
#5619 = CARTESIAN_POINT('',(1.,-0.5,0.15));
#5620 = VECTOR('',#5621,1.);
#5621 = DIRECTION('',(-1.,-2.22044604925E-16,0.));
#5622 = ORIENTED_EDGE('',*,*,#5623,.T.);
#5623 = EDGE_CURVE('',#5616,#5624,#5626,.T.);
#5624 = VERTEX_POINT('',#5625);
#5625 = CARTESIAN_POINT('',(0.875,-0.5,0.25));
#5626 = CIRCLE('',#5627,0.1);
#5627 = AXIS2_PLACEMENT_3D('',#5628,#5629,#5630);
#5628 = CARTESIAN_POINT('',(0.975,-0.5,0.25));
#5629 = DIRECTION('',(-2.22044604925E-16,1.,0.));
#5630 = DIRECTION('',(0.,0.,-1.));
#5631 = ORIENTED_EDGE('',*,*,#5632,.T.);
#5632 = EDGE_CURVE('',#5624,#5633,#5635,.T.);
#5633 = VERTEX_POINT('',#5634);
#5634 = CARTESIAN_POINT('',(0.875,-0.5,0.4));
#5635 = LINE('',#5636,#5637);
#5636 = CARTESIAN_POINT('',(0.875,-0.5,0.25));
#5637 = VECTOR('',#5638,1.);
#5638 = DIRECTION('',(0.,0.,1.));
#5639 = ORIENTED_EDGE('',*,*,#5640,.T.);
#5640 = EDGE_CURVE('',#5633,#4910,#5641,.T.);
#5641 = CIRCLE('',#5642,0.25);
#5642 = AXIS2_PLACEMENT_3D('',#5643,#5644,#5645);
#5643 = CARTESIAN_POINT('',(0.625,-0.5,0.4));
#5644 = DIRECTION('',(2.22044604925E-16,-1.,0.));
#5645 = DIRECTION('',(1.,2.22044604925E-16,4.440892098501E-16));
#5646 = PLANE('',#5647);
#5647 = AXIS2_PLACEMENT_3D('',#5648,#5649,#5650);
#5648 = CARTESIAN_POINT('',(0.79217491177,-0.5,0.331804424548));
#5649 = DIRECTION('',(2.22044604925E-16,-1.,0.));
#5650 = DIRECTION('',(0.,0.,1.));
#5651 = ADVANCED_FACE('',(#5652),#5663,.F.);
#5652 = FACE_BOUND('',#5653,.F.);
#5653 = EDGE_LOOP('',(#5654,#5655,#5656,#5662));
#5654 = ORIENTED_EDGE('',*,*,#4877,.T.);
#5655 = ORIENTED_EDGE('',*,*,#5385,.T.);
#5656 = ORIENTED_EDGE('',*,*,#5657,.F.);
#5657 = EDGE_CURVE('',#5583,#5386,#5658,.T.);
#5658 = LINE('',#5659,#5660);
#5659 = CARTESIAN_POINT('',(0.725,-0.5,0.25));
#5660 = VECTOR('',#5661,1.);
#5661 = DIRECTION('',(2.22044604925E-16,-1.,0.));
#5662 = ORIENTED_EDGE('',*,*,#5582,.F.);
#5663 = PLANE('',#5664);
#5664 = AXIS2_PLACEMENT_3D('',#5665,#5666,#5667);
#5665 = CARTESIAN_POINT('',(0.725,-0.5,0.4));
#5666 = DIRECTION('',(1.,2.22044604925E-16,0.));
#5667 = DIRECTION('',(0.,0.,-1.));
#5668 = ADVANCED_FACE('',(#5669),#5694,.F.);
#5669 = FACE_BOUND('',#5670,.F.);
#5670 = EDGE_LOOP('',(#5671,#5679,#5680,#5688));
#5671 = ORIENTED_EDGE('',*,*,#5672,.F.);
#5672 = EDGE_CURVE('',#4901,#5673,#5675,.T.);
#5673 = VERTEX_POINT('',#5674);
#5674 = CARTESIAN_POINT('',(0.6,0.5,0.65));
#5675 = LINE('',#5676,#5677);
#5676 = CARTESIAN_POINT('',(0.625,0.5,0.65));
#5677 = VECTOR('',#5678,1.);
#5678 = DIRECTION('',(-1.,-2.22044604925E-16,0.));
#5679 = ORIENTED_EDGE('',*,*,#4917,.T.);
#5680 = ORIENTED_EDGE('',*,*,#5681,.T.);
#5681 = EDGE_CURVE('',#4910,#5682,#5684,.T.);
#5682 = VERTEX_POINT('',#5683);
#5683 = CARTESIAN_POINT('',(0.6,-0.5,0.65));
#5684 = LINE('',#5685,#5686);
#5685 = CARTESIAN_POINT('',(0.625,-0.5,0.65));
#5686 = VECTOR('',#5687,1.);
#5687 = DIRECTION('',(-1.,-2.22044604925E-16,0.));
#5688 = ORIENTED_EDGE('',*,*,#5689,.F.);
#5689 = EDGE_CURVE('',#5673,#5682,#5690,.T.);
#5690 = LINE('',#5691,#5692);
#5691 = CARTESIAN_POINT('',(0.6,0.8925,0.65));
#5692 = VECTOR('',#5693,1.);
#5693 = DIRECTION('',(2.22044604925E-16,-1.,0.));
#5694 = B_SPLINE_SURFACE_WITH_KNOTS('',1,1,(
    (#5695,#5696)
    ,(#5697,#5698
    )),.UNSPECIFIED.,.F.,.F.,.F.,(2,2),(2,2),(0.,1.81),(0.,1.),
  .PIECEWISE_BEZIER_KNOTS.);
#5695 = CARTESIAN_POINT('',(0.625,0.905,0.65));
#5696 = CARTESIAN_POINT('',(0.6,0.8925,0.65));
#5697 = CARTESIAN_POINT('',(0.625,-0.905,0.65));
#5698 = CARTESIAN_POINT('',(0.6,-0.8925,0.65));
#5699 = ADVANCED_FACE('',(#5700),#5717,.F.);
#5700 = FACE_BOUND('',#5701,.F.);
#5701 = EDGE_LOOP('',(#5702,#5703,#5710,#5716));
#5702 = ORIENTED_EDGE('',*,*,#4939,.T.);
#5703 = ORIENTED_EDGE('',*,*,#5704,.T.);
#5704 = EDGE_CURVE('',#4933,#5705,#5707,.T.);
#5705 = VERTEX_POINT('',#5706);
#5706 = CARTESIAN_POINT('',(0.5175,-0.975,0.65));
#5707 = B_SPLINE_CURVE_WITH_KNOTS('',1,(#5708,#5709),.UNSPECIFIED.,.F.,
  .F.,(2,2),(0.,1.),.PIECEWISE_BEZIER_KNOTS.);
#5708 = CARTESIAN_POINT('',(0.53,-1.,0.65));
#5709 = CARTESIAN_POINT('',(0.5175,-0.975,0.65));
#5710 = ORIENTED_EDGE('',*,*,#5711,.F.);
#5711 = EDGE_CURVE('',#5468,#5705,#5712,.T.);
#5712 = LINE('',#5713,#5714);
#5713 = CARTESIAN_POINT('',(0.6,-0.8925,0.65));
#5714 = VECTOR('',#5715,1.);
#5715 = DIRECTION('',(-0.707106781187,-0.707106781187,0.));
#5716 = ORIENTED_EDGE('',*,*,#5467,.F.);
#5717 = B_SPLINE_SURFACE_WITH_KNOTS('',1,1,(
    (#5718,#5719)
    ,(#5720,#5721
    )),.UNSPECIFIED.,.F.,.F.,.F.,(2,2),(2,2),(0.,0.134350288425),(0.,1.)
  ,.PIECEWISE_BEZIER_KNOTS.);
#5718 = CARTESIAN_POINT('',(0.625,-0.905,0.65));
#5719 = CARTESIAN_POINT('',(0.6,-0.8925,0.65));
#5720 = CARTESIAN_POINT('',(0.53,-1.,0.65));
#5721 = CARTESIAN_POINT('',(0.5175,-0.975,0.65));
#5722 = ADVANCED_FACE('',(#5723),#5740,.F.);
#5723 = FACE_BOUND('',#5724,.F.);
#5724 = EDGE_LOOP('',(#5725,#5726,#5733,#5739));
#5725 = ORIENTED_EDGE('',*,*,#4962,.T.);
#5726 = ORIENTED_EDGE('',*,*,#5727,.T.);
#5727 = EDGE_CURVE('',#4956,#5728,#5730,.T.);
#5728 = VERTEX_POINT('',#5729);
#5729 = CARTESIAN_POINT('',(-0.5175,-0.975,0.65));
#5730 = B_SPLINE_CURVE_WITH_KNOTS('',1,(#5731,#5732),.UNSPECIFIED.,.F.,
  .F.,(2,2),(0.,1.),.PIECEWISE_BEZIER_KNOTS.);
#5731 = CARTESIAN_POINT('',(-0.53,-1.,0.65));
#5732 = CARTESIAN_POINT('',(-0.5175,-0.975,0.65));
#5733 = ORIENTED_EDGE('',*,*,#5734,.F.);
#5734 = EDGE_CURVE('',#5705,#5728,#5735,.T.);
#5735 = LINE('',#5736,#5737);
#5736 = CARTESIAN_POINT('',(0.5175,-0.975,0.65));
#5737 = VECTOR('',#5738,1.);
#5738 = DIRECTION('',(-1.,-2.22044604925E-16,0.));
#5739 = ORIENTED_EDGE('',*,*,#5704,.F.);
#5740 = B_SPLINE_SURFACE_WITH_KNOTS('',1,1,(
    (#5741,#5742)
    ,(#5743,#5744
    )),.UNSPECIFIED.,.F.,.F.,.F.,(2,2),(2,2),(0.,1.06),(0.,1.),
  .PIECEWISE_BEZIER_KNOTS.);
#5741 = CARTESIAN_POINT('',(0.53,-1.,0.65));
#5742 = CARTESIAN_POINT('',(0.5175,-0.975,0.65));
#5743 = CARTESIAN_POINT('',(-0.53,-1.,0.65));
#5744 = CARTESIAN_POINT('',(-0.5175,-0.975,0.65));
#5745 = ADVANCED_FACE('',(#5746),#5763,.F.);
#5746 = FACE_BOUND('',#5747,.F.);
#5747 = EDGE_LOOP('',(#5748,#5749,#5756,#5762));
#5748 = ORIENTED_EDGE('',*,*,#4985,.T.);
#5749 = ORIENTED_EDGE('',*,*,#5750,.T.);
#5750 = EDGE_CURVE('',#4979,#5751,#5753,.T.);
#5751 = VERTEX_POINT('',#5752);
#5752 = CARTESIAN_POINT('',(-0.6,-0.8925,0.65));
#5753 = B_SPLINE_CURVE_WITH_KNOTS('',1,(#5754,#5755),.UNSPECIFIED.,.F.,
  .F.,(2,2),(0.,1.),.PIECEWISE_BEZIER_KNOTS.);
#5754 = CARTESIAN_POINT('',(-0.625,-0.905,0.65));
#5755 = CARTESIAN_POINT('',(-0.6,-0.8925,0.65));
#5756 = ORIENTED_EDGE('',*,*,#5757,.F.);
#5757 = EDGE_CURVE('',#5728,#5751,#5758,.T.);
#5758 = LINE('',#5759,#5760);
#5759 = CARTESIAN_POINT('',(-0.5175,-0.975,0.65));
#5760 = VECTOR('',#5761,1.);
#5761 = DIRECTION('',(-0.707106781187,0.707106781187,0.));
#5762 = ORIENTED_EDGE('',*,*,#5727,.F.);
#5763 = B_SPLINE_SURFACE_WITH_KNOTS('',1,1,(
    (#5764,#5765)
    ,(#5766,#5767
    )),.UNSPECIFIED.,.F.,.F.,.F.,(2,2),(2,2),(0.,0.134350288425),(0.,1.)
  ,.PIECEWISE_BEZIER_KNOTS.);
#5764 = CARTESIAN_POINT('',(-0.53,-1.,0.65));
#5765 = CARTESIAN_POINT('',(-0.5175,-0.975,0.65));
#5766 = CARTESIAN_POINT('',(-0.625,-0.905,0.65));
#5767 = CARTESIAN_POINT('',(-0.6,-0.8925,0.65));
#5768 = ADVANCED_FACE('',(#5769),#5787,.F.);
#5769 = FACE_BOUND('',#5770,.F.);
#5770 = EDGE_LOOP('',(#5771,#5772,#5773,#5781));
#5771 = ORIENTED_EDGE('',*,*,#5750,.F.);
#5772 = ORIENTED_EDGE('',*,*,#5010,.T.);
#5773 = ORIENTED_EDGE('',*,*,#5774,.T.);
#5774 = EDGE_CURVE('',#5003,#5775,#5777,.T.);
#5775 = VERTEX_POINT('',#5776);
#5776 = CARTESIAN_POINT('',(-0.6,-0.8,0.65));
#5777 = LINE('',#5778,#5779);
#5778 = CARTESIAN_POINT('',(-0.625,-0.8,0.65));
#5779 = VECTOR('',#5780,1.);
#5780 = DIRECTION('',(1.,9.95799250103E-17,0.));
#5781 = ORIENTED_EDGE('',*,*,#5782,.F.);
#5782 = EDGE_CURVE('',#5751,#5775,#5783,.T.);
#5783 = LINE('',#5784,#5785);
#5784 = CARTESIAN_POINT('',(-0.6,-0.8925,0.65));
#5785 = VECTOR('',#5786,1.);
#5786 = DIRECTION('',(-2.22044604925E-16,1.,0.));
#5787 = B_SPLINE_SURFACE_WITH_KNOTS('',1,1,(
    (#5788,#5789)
    ,(#5790,#5791
    )),.UNSPECIFIED.,.F.,.F.,.F.,(2,2),(2,2),(0.,1.81),(0.,1.),
  .PIECEWISE_BEZIER_KNOTS.);
#5788 = CARTESIAN_POINT('',(-0.625,-0.905,0.65));
#5789 = CARTESIAN_POINT('',(-0.6,-0.8925,0.65));
#5790 = CARTESIAN_POINT('',(-0.625,0.905,0.65));
#5791 = CARTESIAN_POINT('',(-0.6,0.8925,0.65));
#5792 = ADVANCED_FACE('',(#5793),#5862,.F.);
#5793 = FACE_BOUND('',#5794,.F.);
#5794 = EDGE_LOOP('',(#5795,#5796,#5797,#5805,#5814,#5822,#5830,#5838,
    #5847,#5855));
#5795 = ORIENTED_EDGE('',*,*,#5002,.F.);
#5796 = ORIENTED_EDGE('',*,*,#5066,.T.);
#5797 = ORIENTED_EDGE('',*,*,#5798,.T.);
#5798 = EDGE_CURVE('',#5059,#5799,#5801,.T.);
#5799 = VERTEX_POINT('',#5800);
#5800 = CARTESIAN_POINT('',(-0.725,-0.8,0.25));
#5801 = LINE('',#5802,#5803);
#5802 = CARTESIAN_POINT('',(-0.725,-0.8,0.4));
#5803 = VECTOR('',#5804,1.);
#5804 = DIRECTION('',(-0.,0.,-1.));
#5805 = ORIENTED_EDGE('',*,*,#5806,.T.);
#5806 = EDGE_CURVE('',#5799,#5807,#5809,.T.);
#5807 = VERTEX_POINT('',#5808);
#5808 = CARTESIAN_POINT('',(-0.975,-0.8,0.));
#5809 = CIRCLE('',#5810,0.25);
#5810 = AXIS2_PLACEMENT_3D('',#5811,#5812,#5813);
#5811 = CARTESIAN_POINT('',(-0.975,-0.8,0.25));
#5812 = DIRECTION('',(-9.95799250103E-17,1.,0.));
#5813 = DIRECTION('',(1.,9.95799250103E-17,-2.22044604925E-16));
#5814 = ORIENTED_EDGE('',*,*,#5815,.T.);
#5815 = EDGE_CURVE('',#5807,#5816,#5818,.T.);
#5816 = VERTEX_POINT('',#5817);
#5817 = CARTESIAN_POINT('',(-1.,-0.8,0.));
#5818 = LINE('',#5819,#5820);
#5819 = CARTESIAN_POINT('',(-0.975,-0.8,0.));
#5820 = VECTOR('',#5821,1.);
#5821 = DIRECTION('',(-1.,-9.95799250103E-17,0.));
#5822 = ORIENTED_EDGE('',*,*,#5823,.T.);
#5823 = EDGE_CURVE('',#5816,#5824,#5826,.T.);
#5824 = VERTEX_POINT('',#5825);
#5825 = CARTESIAN_POINT('',(-1.,-0.8,0.15));
#5826 = LINE('',#5827,#5828);
#5827 = CARTESIAN_POINT('',(-1.,-0.8,0.));
#5828 = VECTOR('',#5829,1.);
#5829 = DIRECTION('',(0.,0.,1.));
#5830 = ORIENTED_EDGE('',*,*,#5831,.T.);
#5831 = EDGE_CURVE('',#5824,#5832,#5834,.T.);
#5832 = VERTEX_POINT('',#5833);
#5833 = CARTESIAN_POINT('',(-0.975,-0.8,0.15));
#5834 = LINE('',#5835,#5836);
#5835 = CARTESIAN_POINT('',(-1.,-0.8,0.15));
#5836 = VECTOR('',#5837,1.);
#5837 = DIRECTION('',(1.,9.95799250103E-17,0.));
#5838 = ORIENTED_EDGE('',*,*,#5839,.T.);
#5839 = EDGE_CURVE('',#5832,#5840,#5842,.T.);
#5840 = VERTEX_POINT('',#5841);
#5841 = CARTESIAN_POINT('',(-0.875,-0.8,0.25));
#5842 = CIRCLE('',#5843,0.1);
#5843 = AXIS2_PLACEMENT_3D('',#5844,#5845,#5846);
#5844 = CARTESIAN_POINT('',(-0.975,-0.8,0.25));
#5845 = DIRECTION('',(9.95799250103E-17,-1.,-0.));
#5846 = DIRECTION('',(-0.,0.,-1.));
#5847 = ORIENTED_EDGE('',*,*,#5848,.T.);
#5848 = EDGE_CURVE('',#5840,#5849,#5851,.T.);
#5849 = VERTEX_POINT('',#5850);
#5850 = CARTESIAN_POINT('',(-0.875,-0.8,0.4));
#5851 = LINE('',#5852,#5853);
#5852 = CARTESIAN_POINT('',(-0.875,-0.8,0.25));
#5853 = VECTOR('',#5854,1.);
#5854 = DIRECTION('',(0.,0.,1.));
#5855 = ORIENTED_EDGE('',*,*,#5856,.T.);
#5856 = EDGE_CURVE('',#5849,#5003,#5857,.T.);
#5857 = CIRCLE('',#5858,0.25);
#5858 = AXIS2_PLACEMENT_3D('',#5859,#5860,#5861);
#5859 = CARTESIAN_POINT('',(-0.625,-0.8,0.4));
#5860 = DIRECTION('',(-9.95799250103E-17,1.,0.));
#5861 = DIRECTION('',(-1.,-9.95799250103E-17,4.440892098501E-16));
#5862 = PLANE('',#5863);
#5863 = AXIS2_PLACEMENT_3D('',#5864,#5865,#5866);
#5864 = CARTESIAN_POINT('',(-0.79217491177,-0.8,0.331804424548));
#5865 = DIRECTION('',(-9.95799250103E-17,1.,0.));
#5866 = DIRECTION('',(0.,0.,1.));
#5867 = ADVANCED_FACE('',(#5868),#5937,.T.);
#5868 = FACE_BOUND('',#5869,.T.);
#5869 = EDGE_LOOP('',(#5870,#5871,#5872,#5880,#5889,#5897,#5905,#5913,
    #5922,#5930));
#5870 = ORIENTED_EDGE('',*,*,#5024,.F.);
#5871 = ORIENTED_EDGE('',*,*,#5082,.T.);
#5872 = ORIENTED_EDGE('',*,*,#5873,.T.);
#5873 = EDGE_CURVE('',#5083,#5874,#5876,.T.);
#5874 = VERTEX_POINT('',#5875);
#5875 = CARTESIAN_POINT('',(-0.725,0.8,0.25));
#5876 = LINE('',#5877,#5878);
#5877 = CARTESIAN_POINT('',(-0.725,0.8,0.4));
#5878 = VECTOR('',#5879,1.);
#5879 = DIRECTION('',(-0.,0.,-1.));
#5880 = ORIENTED_EDGE('',*,*,#5881,.T.);
#5881 = EDGE_CURVE('',#5874,#5882,#5884,.T.);
#5882 = VERTEX_POINT('',#5883);
#5883 = CARTESIAN_POINT('',(-0.975,0.8,0.));
#5884 = CIRCLE('',#5885,0.25);
#5885 = AXIS2_PLACEMENT_3D('',#5886,#5887,#5888);
#5886 = CARTESIAN_POINT('',(-0.975,0.8,0.25));
#5887 = DIRECTION('',(-9.95799250103E-17,1.,0.));
#5888 = DIRECTION('',(1.,9.95799250103E-17,-2.22044604925E-16));
#5889 = ORIENTED_EDGE('',*,*,#5890,.T.);
#5890 = EDGE_CURVE('',#5882,#5891,#5893,.T.);
#5891 = VERTEX_POINT('',#5892);
#5892 = CARTESIAN_POINT('',(-1.,0.8,0.));
#5893 = LINE('',#5894,#5895);
#5894 = CARTESIAN_POINT('',(-0.975,0.8,0.));
#5895 = VECTOR('',#5896,1.);
#5896 = DIRECTION('',(-1.,-9.95799250103E-17,0.));
#5897 = ORIENTED_EDGE('',*,*,#5898,.T.);
#5898 = EDGE_CURVE('',#5891,#5899,#5901,.T.);
#5899 = VERTEX_POINT('',#5900);
#5900 = CARTESIAN_POINT('',(-1.,0.8,0.15));
#5901 = LINE('',#5902,#5903);
#5902 = CARTESIAN_POINT('',(-1.,0.8,0.));
#5903 = VECTOR('',#5904,1.);
#5904 = DIRECTION('',(0.,0.,1.));
#5905 = ORIENTED_EDGE('',*,*,#5906,.T.);
#5906 = EDGE_CURVE('',#5899,#5907,#5909,.T.);
#5907 = VERTEX_POINT('',#5908);
#5908 = CARTESIAN_POINT('',(-0.975,0.8,0.15));
#5909 = LINE('',#5910,#5911);
#5910 = CARTESIAN_POINT('',(-1.,0.8,0.15));
#5911 = VECTOR('',#5912,1.);
#5912 = DIRECTION('',(1.,9.95799250103E-17,0.));
#5913 = ORIENTED_EDGE('',*,*,#5914,.T.);
#5914 = EDGE_CURVE('',#5907,#5915,#5917,.T.);
#5915 = VERTEX_POINT('',#5916);
#5916 = CARTESIAN_POINT('',(-0.875,0.8,0.25));
#5917 = CIRCLE('',#5918,0.1);
#5918 = AXIS2_PLACEMENT_3D('',#5919,#5920,#5921);
#5919 = CARTESIAN_POINT('',(-0.975,0.8,0.25));
#5920 = DIRECTION('',(9.95799250103E-17,-1.,-0.));
#5921 = DIRECTION('',(-0.,0.,-1.));
#5922 = ORIENTED_EDGE('',*,*,#5923,.T.);
#5923 = EDGE_CURVE('',#5915,#5924,#5926,.T.);
#5924 = VERTEX_POINT('',#5925);
#5925 = CARTESIAN_POINT('',(-0.875,0.8,0.4));
#5926 = LINE('',#5927,#5928);
#5927 = CARTESIAN_POINT('',(-0.875,0.8,0.25));
#5928 = VECTOR('',#5929,1.);
#5929 = DIRECTION('',(0.,0.,1.));
#5930 = ORIENTED_EDGE('',*,*,#5931,.T.);
#5931 = EDGE_CURVE('',#5924,#5025,#5932,.T.);
#5932 = CIRCLE('',#5933,0.25);
#5933 = AXIS2_PLACEMENT_3D('',#5934,#5935,#5936);
#5934 = CARTESIAN_POINT('',(-0.625,0.8,0.4));
#5935 = DIRECTION('',(-9.95799250103E-17,1.,0.));
#5936 = DIRECTION('',(-1.,-9.95799250103E-17,4.440892098501E-16));
#5937 = PLANE('',#5938);
#5938 = AXIS2_PLACEMENT_3D('',#5939,#5940,#5941);
#5939 = CARTESIAN_POINT('',(-0.79217491177,0.8,0.331804424548));
#5940 = DIRECTION('',(-9.95799250103E-17,1.,0.));
#5941 = DIRECTION('',(0.,0.,1.));
#5942 = ADVANCED_FACE('',(#5943),#5961,.F.);
#5943 = FACE_BOUND('',#5944,.F.);
#5944 = EDGE_LOOP('',(#5945,#5953,#5954,#5955));
#5945 = ORIENTED_EDGE('',*,*,#5946,.F.);
#5946 = EDGE_CURVE('',#5025,#5947,#5949,.T.);
#5947 = VERTEX_POINT('',#5948);
#5948 = CARTESIAN_POINT('',(-0.6,0.8,0.65));
#5949 = LINE('',#5950,#5951);
#5950 = CARTESIAN_POINT('',(-0.625,0.8,0.65));
#5951 = VECTOR('',#5952,1.);
#5952 = DIRECTION('',(1.,9.95799250103E-17,0.));
#5953 = ORIENTED_EDGE('',*,*,#5034,.T.);
#5954 = ORIENTED_EDGE('',*,*,#5271,.T.);
#5955 = ORIENTED_EDGE('',*,*,#5956,.F.);
#5956 = EDGE_CURVE('',#5947,#5264,#5957,.T.);
#5957 = LINE('',#5958,#5959);
#5958 = CARTESIAN_POINT('',(-0.6,-0.8925,0.65));
#5959 = VECTOR('',#5960,1.);
#5960 = DIRECTION('',(-2.22044604925E-16,1.,0.));
#5961 = B_SPLINE_SURFACE_WITH_KNOTS('',1,1,(
    (#5962,#5963)
    ,(#5964,#5965
    )),.UNSPECIFIED.,.F.,.F.,.F.,(2,2),(2,2),(0.,1.81),(0.,1.),
  .PIECEWISE_BEZIER_KNOTS.);
#5962 = CARTESIAN_POINT('',(-0.625,-0.905,0.65));
#5963 = CARTESIAN_POINT('',(-0.6,-0.8925,0.65));
#5964 = CARTESIAN_POINT('',(-0.625,0.905,0.65));
#5965 = CARTESIAN_POINT('',(-0.6,0.8925,0.65));
#5966 = ADVANCED_FACE('',(#5967),#6036,.T.);
#5967 = FACE_BOUND('',#5968,.T.);
#5968 = EDGE_LOOP('',(#5969,#5970,#5971,#5979,#5988,#5996,#6004,#6012,
    #6021,#6029));
#5969 = ORIENTED_EDGE('',*,*,#5114,.F.);
#5970 = ORIENTED_EDGE('',*,*,#5049,.T.);
#5971 = ORIENTED_EDGE('',*,*,#5972,.T.);
#5972 = EDGE_CURVE('',#5050,#5973,#5975,.T.);
#5973 = VERTEX_POINT('',#5974);
#5974 = CARTESIAN_POINT('',(-0.725,-0.5,0.25));
#5975 = LINE('',#5976,#5977);
#5976 = CARTESIAN_POINT('',(-0.725,-0.5,0.4));
#5977 = VECTOR('',#5978,1.);
#5978 = DIRECTION('',(-0.,0.,-1.));
#5979 = ORIENTED_EDGE('',*,*,#5980,.T.);
#5980 = EDGE_CURVE('',#5973,#5981,#5983,.T.);
#5981 = VERTEX_POINT('',#5982);
#5982 = CARTESIAN_POINT('',(-0.975,-0.5,0.));
#5983 = CIRCLE('',#5984,0.25);
#5984 = AXIS2_PLACEMENT_3D('',#5985,#5986,#5987);
#5985 = CARTESIAN_POINT('',(-0.975,-0.5,0.25));
#5986 = DIRECTION('',(-9.95799250103E-17,1.,0.));
#5987 = DIRECTION('',(1.,9.95799250103E-17,-2.22044604925E-16));
#5988 = ORIENTED_EDGE('',*,*,#5989,.T.);
#5989 = EDGE_CURVE('',#5981,#5990,#5992,.T.);
#5990 = VERTEX_POINT('',#5991);
#5991 = CARTESIAN_POINT('',(-1.,-0.5,0.));
#5992 = LINE('',#5993,#5994);
#5993 = CARTESIAN_POINT('',(-0.975,-0.5,0.));
#5994 = VECTOR('',#5995,1.);
#5995 = DIRECTION('',(-1.,-9.95799250103E-17,0.));
#5996 = ORIENTED_EDGE('',*,*,#5997,.T.);
#5997 = EDGE_CURVE('',#5990,#5998,#6000,.T.);
#5998 = VERTEX_POINT('',#5999);
#5999 = CARTESIAN_POINT('',(-1.,-0.5,0.15));
#6000 = LINE('',#6001,#6002);
#6001 = CARTESIAN_POINT('',(-1.,-0.5,0.));
#6002 = VECTOR('',#6003,1.);
#6003 = DIRECTION('',(0.,0.,1.));
#6004 = ORIENTED_EDGE('',*,*,#6005,.T.);
#6005 = EDGE_CURVE('',#5998,#6006,#6008,.T.);
#6006 = VERTEX_POINT('',#6007);
#6007 = CARTESIAN_POINT('',(-0.975,-0.5,0.15));
#6008 = LINE('',#6009,#6010);
#6009 = CARTESIAN_POINT('',(-1.,-0.5,0.15));
#6010 = VECTOR('',#6011,1.);
#6011 = DIRECTION('',(1.,9.95799250103E-17,0.));
#6012 = ORIENTED_EDGE('',*,*,#6013,.T.);
#6013 = EDGE_CURVE('',#6006,#6014,#6016,.T.);
#6014 = VERTEX_POINT('',#6015);
#6015 = CARTESIAN_POINT('',(-0.875,-0.5,0.25));
#6016 = CIRCLE('',#6017,0.1);
#6017 = AXIS2_PLACEMENT_3D('',#6018,#6019,#6020);
#6018 = CARTESIAN_POINT('',(-0.975,-0.5,0.25));
#6019 = DIRECTION('',(9.95799250103E-17,-1.,-0.));
#6020 = DIRECTION('',(-0.,0.,-1.));
#6021 = ORIENTED_EDGE('',*,*,#6022,.T.);
#6022 = EDGE_CURVE('',#6014,#6023,#6025,.T.);
#6023 = VERTEX_POINT('',#6024);
#6024 = CARTESIAN_POINT('',(-0.875,-0.5,0.4));
#6025 = LINE('',#6026,#6027);
#6026 = CARTESIAN_POINT('',(-0.875,-0.5,0.25));
#6027 = VECTOR('',#6028,1.);
#6028 = DIRECTION('',(0.,0.,1.));
#6029 = ORIENTED_EDGE('',*,*,#6030,.T.);
#6030 = EDGE_CURVE('',#6023,#5115,#6031,.T.);
#6031 = CIRCLE('',#6032,0.25);
#6032 = AXIS2_PLACEMENT_3D('',#6033,#6034,#6035);
#6033 = CARTESIAN_POINT('',(-0.625,-0.5,0.4));
#6034 = DIRECTION('',(-9.95799250103E-17,1.,0.));
#6035 = DIRECTION('',(-1.,-9.95799250103E-17,4.440892098501E-16));
#6036 = PLANE('',#6037);
#6037 = AXIS2_PLACEMENT_3D('',#6038,#6039,#6040);
#6038 = CARTESIAN_POINT('',(-0.79217491177,-0.5,0.331804424548));
#6039 = DIRECTION('',(-9.95799250103E-17,1.,0.));
#6040 = DIRECTION('',(0.,0.,1.));
#6041 = ADVANCED_FACE('',(#6042),#6053,.F.);
#6042 = FACE_BOUND('',#6043,.F.);
#6043 = EDGE_LOOP('',(#6044,#6045,#6046,#6052));
#6044 = ORIENTED_EDGE('',*,*,#5058,.T.);
#6045 = ORIENTED_EDGE('',*,*,#5972,.T.);
#6046 = ORIENTED_EDGE('',*,*,#6047,.F.);
#6047 = EDGE_CURVE('',#5799,#5973,#6048,.T.);
#6048 = LINE('',#6049,#6050);
#6049 = CARTESIAN_POINT('',(-0.725,-0.8,0.25));
#6050 = VECTOR('',#6051,1.);
#6051 = DIRECTION('',(-9.95799250103E-17,1.,0.));
#6052 = ORIENTED_EDGE('',*,*,#5798,.F.);
#6053 = PLANE('',#6054);
#6054 = AXIS2_PLACEMENT_3D('',#6055,#6056,#6057);
#6055 = CARTESIAN_POINT('',(-0.725,-0.8,0.4));
#6056 = DIRECTION('',(-1.,-9.95799250103E-17,0.));
#6057 = DIRECTION('',(-0.,0.,-1.));
#6058 = ADVANCED_FACE('',(#6059),#6128,.F.);
#6059 = FACE_BOUND('',#6060,.F.);
#6060 = EDGE_LOOP('',(#6061,#6062,#6063,#6071,#6080,#6088,#6096,#6104,
    #6113,#6121));
#6061 = ORIENTED_EDGE('',*,*,#5154,.F.);
#6062 = ORIENTED_EDGE('',*,*,#5099,.T.);
#6063 = ORIENTED_EDGE('',*,*,#6064,.T.);
#6064 = EDGE_CURVE('',#5092,#6065,#6067,.T.);
#6065 = VERTEX_POINT('',#6066);
#6066 = CARTESIAN_POINT('',(-0.725,0.5,0.25));
#6067 = LINE('',#6068,#6069);
#6068 = CARTESIAN_POINT('',(-0.725,0.5,0.4));
#6069 = VECTOR('',#6070,1.);
#6070 = DIRECTION('',(-0.,0.,-1.));
#6071 = ORIENTED_EDGE('',*,*,#6072,.T.);
#6072 = EDGE_CURVE('',#6065,#6073,#6075,.T.);
#6073 = VERTEX_POINT('',#6074);
#6074 = CARTESIAN_POINT('',(-0.975,0.5,0.));
#6075 = CIRCLE('',#6076,0.25);
#6076 = AXIS2_PLACEMENT_3D('',#6077,#6078,#6079);
#6077 = CARTESIAN_POINT('',(-0.975,0.5,0.25));
#6078 = DIRECTION('',(-9.95799250103E-17,1.,0.));
#6079 = DIRECTION('',(1.,9.95799250103E-17,-2.22044604925E-16));
#6080 = ORIENTED_EDGE('',*,*,#6081,.T.);
#6081 = EDGE_CURVE('',#6073,#6082,#6084,.T.);
#6082 = VERTEX_POINT('',#6083);
#6083 = CARTESIAN_POINT('',(-1.,0.5,0.));
#6084 = LINE('',#6085,#6086);
#6085 = CARTESIAN_POINT('',(-0.975,0.5,0.));
#6086 = VECTOR('',#6087,1.);
#6087 = DIRECTION('',(-1.,-9.95799250103E-17,0.));
#6088 = ORIENTED_EDGE('',*,*,#6089,.T.);
#6089 = EDGE_CURVE('',#6082,#6090,#6092,.T.);
#6090 = VERTEX_POINT('',#6091);
#6091 = CARTESIAN_POINT('',(-1.,0.5,0.15));
#6092 = LINE('',#6093,#6094);
#6093 = CARTESIAN_POINT('',(-1.,0.5,0.));
#6094 = VECTOR('',#6095,1.);
#6095 = DIRECTION('',(0.,0.,1.));
#6096 = ORIENTED_EDGE('',*,*,#6097,.T.);
#6097 = EDGE_CURVE('',#6090,#6098,#6100,.T.);
#6098 = VERTEX_POINT('',#6099);
#6099 = CARTESIAN_POINT('',(-0.975,0.5,0.15));
#6100 = LINE('',#6101,#6102);
#6101 = CARTESIAN_POINT('',(-1.,0.5,0.15));
#6102 = VECTOR('',#6103,1.);
#6103 = DIRECTION('',(1.,9.95799250103E-17,0.));
#6104 = ORIENTED_EDGE('',*,*,#6105,.T.);
#6105 = EDGE_CURVE('',#6098,#6106,#6108,.T.);
#6106 = VERTEX_POINT('',#6107);
#6107 = CARTESIAN_POINT('',(-0.875,0.5,0.25));
#6108 = CIRCLE('',#6109,0.1);
#6109 = AXIS2_PLACEMENT_3D('',#6110,#6111,#6112);
#6110 = CARTESIAN_POINT('',(-0.975,0.5,0.25));
#6111 = DIRECTION('',(9.95799250103E-17,-1.,-0.));
#6112 = DIRECTION('',(-0.,0.,-1.));
#6113 = ORIENTED_EDGE('',*,*,#6114,.T.);
#6114 = EDGE_CURVE('',#6106,#6115,#6117,.T.);
#6115 = VERTEX_POINT('',#6116);
#6116 = CARTESIAN_POINT('',(-0.875,0.5,0.4));
#6117 = LINE('',#6118,#6119);
#6118 = CARTESIAN_POINT('',(-0.875,0.5,0.25));
#6119 = VECTOR('',#6120,1.);
#6120 = DIRECTION('',(0.,0.,1.));
#6121 = ORIENTED_EDGE('',*,*,#6122,.T.);
#6122 = EDGE_CURVE('',#6115,#5155,#6123,.T.);
#6123 = CIRCLE('',#6124,0.25);
#6124 = AXIS2_PLACEMENT_3D('',#6125,#6126,#6127);
#6125 = CARTESIAN_POINT('',(-0.625,0.5,0.4));
#6126 = DIRECTION('',(-9.95799250103E-17,1.,0.));
#6127 = DIRECTION('',(-1.,-9.95799250103E-17,4.440892098501E-16));
#6128 = PLANE('',#6129);
#6129 = AXIS2_PLACEMENT_3D('',#6130,#6131,#6132);
#6130 = CARTESIAN_POINT('',(-0.79217491177,0.5,0.331804424548));
#6131 = DIRECTION('',(-9.95799250103E-17,1.,0.));
#6132 = DIRECTION('',(0.,0.,1.));
#6133 = ADVANCED_FACE('',(#6134),#6145,.F.);
#6134 = FACE_BOUND('',#6135,.F.);
#6135 = EDGE_LOOP('',(#6136,#6137,#6138,#6144));
#6136 = ORIENTED_EDGE('',*,*,#5091,.T.);
#6137 = ORIENTED_EDGE('',*,*,#5873,.T.);
#6138 = ORIENTED_EDGE('',*,*,#6139,.F.);
#6139 = EDGE_CURVE('',#6065,#5874,#6140,.T.);
#6140 = LINE('',#6141,#6142);
#6141 = CARTESIAN_POINT('',(-0.725,0.5,0.25));
#6142 = VECTOR('',#6143,1.);
#6143 = DIRECTION('',(-9.95799250103E-17,1.,0.));
#6144 = ORIENTED_EDGE('',*,*,#6064,.F.);
#6145 = PLANE('',#6146);
#6146 = AXIS2_PLACEMENT_3D('',#6147,#6148,#6149);
#6147 = CARTESIAN_POINT('',(-0.725,0.5,0.4));
#6148 = DIRECTION('',(-1.,-9.95799250103E-17,0.));
#6149 = DIRECTION('',(-0.,0.,-1.));
#6150 = ADVANCED_FACE('',(#6151),#6176,.F.);
#6151 = FACE_BOUND('',#6152,.F.);
#6152 = EDGE_LOOP('',(#6153,#6161,#6162,#6170));
#6153 = ORIENTED_EDGE('',*,*,#6154,.F.);
#6154 = EDGE_CURVE('',#5115,#6155,#6157,.T.);
#6155 = VERTEX_POINT('',#6156);
#6156 = CARTESIAN_POINT('',(-0.6,-0.5,0.65));
#6157 = LINE('',#6158,#6159);
#6158 = CARTESIAN_POINT('',(-0.625,-0.5,0.65));
#6159 = VECTOR('',#6160,1.);
#6160 = DIRECTION('',(1.,9.95799250103E-17,0.));
#6161 = ORIENTED_EDGE('',*,*,#5131,.T.);
#6162 = ORIENTED_EDGE('',*,*,#6163,.T.);
#6163 = EDGE_CURVE('',#5124,#6164,#6166,.T.);
#6164 = VERTEX_POINT('',#6165);
#6165 = CARTESIAN_POINT('',(-0.6,-0.15,0.65));
#6166 = LINE('',#6167,#6168);
#6167 = CARTESIAN_POINT('',(-0.625,-0.15,0.65));
#6168 = VECTOR('',#6169,1.);
#6169 = DIRECTION('',(1.,9.95799250103E-17,0.));
#6170 = ORIENTED_EDGE('',*,*,#6171,.F.);
#6171 = EDGE_CURVE('',#6155,#6164,#6172,.T.);
#6172 = LINE('',#6173,#6174);
#6173 = CARTESIAN_POINT('',(-0.6,-0.8925,0.65));
#6174 = VECTOR('',#6175,1.);
#6175 = DIRECTION('',(-2.22044604925E-16,1.,0.));
#6176 = B_SPLINE_SURFACE_WITH_KNOTS('',1,1,(
    (#6177,#6178)
    ,(#6179,#6180
    )),.UNSPECIFIED.,.F.,.F.,.F.,(2,2),(2,2),(0.,1.81),(0.,1.),
  .PIECEWISE_BEZIER_KNOTS.);
#6177 = CARTESIAN_POINT('',(-0.625,-0.905,0.65));
#6178 = CARTESIAN_POINT('',(-0.6,-0.8925,0.65));
#6179 = CARTESIAN_POINT('',(-0.625,0.905,0.65));
#6180 = CARTESIAN_POINT('',(-0.6,0.8925,0.65));
#6181 = ADVANCED_FACE('',(#6182),#6251,.F.);
#6182 = FACE_BOUND('',#6183,.F.);
#6183 = EDGE_LOOP('',(#6184,#6185,#6186,#6194,#6203,#6211,#6219,#6227,
    #6236,#6244));
#6184 = ORIENTED_EDGE('',*,*,#5123,.F.);
#6185 = ORIENTED_EDGE('',*,*,#5194,.T.);
#6186 = ORIENTED_EDGE('',*,*,#6187,.T.);
#6187 = EDGE_CURVE('',#5187,#6188,#6190,.T.);
#6188 = VERTEX_POINT('',#6189);
#6189 = CARTESIAN_POINT('',(-0.725,-0.15,0.25));
#6190 = LINE('',#6191,#6192);
#6191 = CARTESIAN_POINT('',(-0.725,-0.15,0.4));
#6192 = VECTOR('',#6193,1.);
#6193 = DIRECTION('',(-0.,0.,-1.));
#6194 = ORIENTED_EDGE('',*,*,#6195,.T.);
#6195 = EDGE_CURVE('',#6188,#6196,#6198,.T.);
#6196 = VERTEX_POINT('',#6197);
#6197 = CARTESIAN_POINT('',(-0.975,-0.15,0.));
#6198 = CIRCLE('',#6199,0.25);
#6199 = AXIS2_PLACEMENT_3D('',#6200,#6201,#6202);
#6200 = CARTESIAN_POINT('',(-0.975,-0.15,0.25));
#6201 = DIRECTION('',(-9.95799250103E-17,1.,0.));
#6202 = DIRECTION('',(1.,9.95799250103E-17,-2.22044604925E-16));
#6203 = ORIENTED_EDGE('',*,*,#6204,.T.);
#6204 = EDGE_CURVE('',#6196,#6205,#6207,.T.);
#6205 = VERTEX_POINT('',#6206);
#6206 = CARTESIAN_POINT('',(-1.,-0.15,0.));
#6207 = LINE('',#6208,#6209);
#6208 = CARTESIAN_POINT('',(-0.975,-0.15,0.));
#6209 = VECTOR('',#6210,1.);
#6210 = DIRECTION('',(-1.,-9.95799250103E-17,0.));
#6211 = ORIENTED_EDGE('',*,*,#6212,.T.);
#6212 = EDGE_CURVE('',#6205,#6213,#6215,.T.);
#6213 = VERTEX_POINT('',#6214);
#6214 = CARTESIAN_POINT('',(-1.,-0.15,0.15));
#6215 = LINE('',#6216,#6217);
#6216 = CARTESIAN_POINT('',(-1.,-0.15,0.));
#6217 = VECTOR('',#6218,1.);
#6218 = DIRECTION('',(0.,0.,1.));
#6219 = ORIENTED_EDGE('',*,*,#6220,.T.);
#6220 = EDGE_CURVE('',#6213,#6221,#6223,.T.);
#6221 = VERTEX_POINT('',#6222);
#6222 = CARTESIAN_POINT('',(-0.975,-0.15,0.15));
#6223 = LINE('',#6224,#6225);
#6224 = CARTESIAN_POINT('',(-1.,-0.15,0.15));
#6225 = VECTOR('',#6226,1.);
#6226 = DIRECTION('',(1.,9.95799250103E-17,0.));
#6227 = ORIENTED_EDGE('',*,*,#6228,.T.);
#6228 = EDGE_CURVE('',#6221,#6229,#6231,.T.);
#6229 = VERTEX_POINT('',#6230);
#6230 = CARTESIAN_POINT('',(-0.875,-0.15,0.25));
#6231 = CIRCLE('',#6232,0.1);
#6232 = AXIS2_PLACEMENT_3D('',#6233,#6234,#6235);
#6233 = CARTESIAN_POINT('',(-0.975,-0.15,0.25));
#6234 = DIRECTION('',(9.95799250103E-17,-1.,-0.));
#6235 = DIRECTION('',(-0.,0.,-1.));
#6236 = ORIENTED_EDGE('',*,*,#6237,.T.);
#6237 = EDGE_CURVE('',#6229,#6238,#6240,.T.);
#6238 = VERTEX_POINT('',#6239);
#6239 = CARTESIAN_POINT('',(-0.875,-0.15,0.4));
#6240 = LINE('',#6241,#6242);
#6241 = CARTESIAN_POINT('',(-0.875,-0.15,0.25));
#6242 = VECTOR('',#6243,1.);
#6243 = DIRECTION('',(0.,0.,1.));
#6244 = ORIENTED_EDGE('',*,*,#6245,.T.);
#6245 = EDGE_CURVE('',#6238,#5124,#6246,.T.);
#6246 = CIRCLE('',#6247,0.25);
#6247 = AXIS2_PLACEMENT_3D('',#6248,#6249,#6250);
#6248 = CARTESIAN_POINT('',(-0.625,-0.15,0.4));
#6249 = DIRECTION('',(-9.95799250103E-17,1.,0.));
#6250 = DIRECTION('',(-1.,-9.95799250103E-17,4.440892098501E-16));
#6251 = PLANE('',#6252);
#6252 = AXIS2_PLACEMENT_3D('',#6253,#6254,#6255);
#6253 = CARTESIAN_POINT('',(-0.79217491177,-0.15,0.331804424548));
#6254 = DIRECTION('',(-9.95799250103E-17,1.,0.));
#6255 = DIRECTION('',(0.,0.,1.));
#6256 = ADVANCED_FACE('',(#6257),#6326,.T.);
#6257 = FACE_BOUND('',#6258,.T.);
#6258 = EDGE_LOOP('',(#6259,#6260,#6261,#6269,#6278,#6286,#6294,#6302,
    #6311,#6319));
#6259 = ORIENTED_EDGE('',*,*,#5145,.F.);
#6260 = ORIENTED_EDGE('',*,*,#5177,.T.);
#6261 = ORIENTED_EDGE('',*,*,#6262,.T.);
#6262 = EDGE_CURVE('',#5178,#6263,#6265,.T.);
#6263 = VERTEX_POINT('',#6264);
#6264 = CARTESIAN_POINT('',(-0.725,0.15,0.25));
#6265 = LINE('',#6266,#6267);
#6266 = CARTESIAN_POINT('',(-0.725,0.15,0.4));
#6267 = VECTOR('',#6268,1.);
#6268 = DIRECTION('',(-0.,0.,-1.));
#6269 = ORIENTED_EDGE('',*,*,#6270,.T.);
#6270 = EDGE_CURVE('',#6263,#6271,#6273,.T.);
#6271 = VERTEX_POINT('',#6272);
#6272 = CARTESIAN_POINT('',(-0.975,0.15,0.));
#6273 = CIRCLE('',#6274,0.25);
#6274 = AXIS2_PLACEMENT_3D('',#6275,#6276,#6277);
#6275 = CARTESIAN_POINT('',(-0.975,0.15,0.25));
#6276 = DIRECTION('',(-9.95799250103E-17,1.,0.));
#6277 = DIRECTION('',(1.,9.95799250103E-17,-2.22044604925E-16));
#6278 = ORIENTED_EDGE('',*,*,#6279,.T.);
#6279 = EDGE_CURVE('',#6271,#6280,#6282,.T.);
#6280 = VERTEX_POINT('',#6281);
#6281 = CARTESIAN_POINT('',(-1.,0.15,0.));
#6282 = LINE('',#6283,#6284);
#6283 = CARTESIAN_POINT('',(-0.975,0.15,0.));
#6284 = VECTOR('',#6285,1.);
#6285 = DIRECTION('',(-1.,-9.95799250103E-17,0.));
#6286 = ORIENTED_EDGE('',*,*,#6287,.T.);
#6287 = EDGE_CURVE('',#6280,#6288,#6290,.T.);
#6288 = VERTEX_POINT('',#6289);
#6289 = CARTESIAN_POINT('',(-1.,0.15,0.15));
#6290 = LINE('',#6291,#6292);
#6291 = CARTESIAN_POINT('',(-1.,0.15,0.));
#6292 = VECTOR('',#6293,1.);
#6293 = DIRECTION('',(0.,0.,1.));
#6294 = ORIENTED_EDGE('',*,*,#6295,.T.);
#6295 = EDGE_CURVE('',#6288,#6296,#6298,.T.);
#6296 = VERTEX_POINT('',#6297);
#6297 = CARTESIAN_POINT('',(-0.975,0.15,0.15));
#6298 = LINE('',#6299,#6300);
#6299 = CARTESIAN_POINT('',(-1.,0.15,0.15));
#6300 = VECTOR('',#6301,1.);
#6301 = DIRECTION('',(1.,9.95799250103E-17,0.));
#6302 = ORIENTED_EDGE('',*,*,#6303,.T.);
#6303 = EDGE_CURVE('',#6296,#6304,#6306,.T.);
#6304 = VERTEX_POINT('',#6305);
#6305 = CARTESIAN_POINT('',(-0.875,0.15,0.25));
#6306 = CIRCLE('',#6307,0.1);
#6307 = AXIS2_PLACEMENT_3D('',#6308,#6309,#6310);
#6308 = CARTESIAN_POINT('',(-0.975,0.15,0.25));
#6309 = DIRECTION('',(9.95799250103E-17,-1.,-0.));
#6310 = DIRECTION('',(-0.,0.,-1.));
#6311 = ORIENTED_EDGE('',*,*,#6312,.T.);
#6312 = EDGE_CURVE('',#6304,#6313,#6315,.T.);
#6313 = VERTEX_POINT('',#6314);
#6314 = CARTESIAN_POINT('',(-0.875,0.15,0.4));
#6315 = LINE('',#6316,#6317);
#6316 = CARTESIAN_POINT('',(-0.875,0.15,0.25));
#6317 = VECTOR('',#6318,1.);
#6318 = DIRECTION('',(0.,0.,1.));
#6319 = ORIENTED_EDGE('',*,*,#6320,.T.);
#6320 = EDGE_CURVE('',#6313,#5146,#6321,.T.);
#6321 = CIRCLE('',#6322,0.25);
#6322 = AXIS2_PLACEMENT_3D('',#6323,#6324,#6325);
#6323 = CARTESIAN_POINT('',(-0.625,0.15,0.4));
#6324 = DIRECTION('',(-9.95799250103E-17,1.,0.));
#6325 = DIRECTION('',(-1.,-9.95799250103E-17,4.440892098501E-16));
#6326 = PLANE('',#6327);
#6327 = AXIS2_PLACEMENT_3D('',#6328,#6329,#6330);
#6328 = CARTESIAN_POINT('',(-0.79217491177,0.15,0.331804424548));
#6329 = DIRECTION('',(-9.95799250103E-17,1.,0.));
#6330 = DIRECTION('',(0.,0.,1.));
#6331 = ADVANCED_FACE('',(#6332),#6357,.F.);
#6332 = FACE_BOUND('',#6333,.F.);
#6333 = EDGE_LOOP('',(#6334,#6342,#6343,#6351));
#6334 = ORIENTED_EDGE('',*,*,#6335,.F.);
#6335 = EDGE_CURVE('',#5146,#6336,#6338,.T.);
#6336 = VERTEX_POINT('',#6337);
#6337 = CARTESIAN_POINT('',(-0.6,0.15,0.65));
#6338 = LINE('',#6339,#6340);
#6339 = CARTESIAN_POINT('',(-0.625,0.15,0.65));
#6340 = VECTOR('',#6341,1.);
#6341 = DIRECTION('',(1.,9.95799250103E-17,0.));
#6342 = ORIENTED_EDGE('',*,*,#5162,.T.);
#6343 = ORIENTED_EDGE('',*,*,#6344,.T.);
#6344 = EDGE_CURVE('',#5155,#6345,#6347,.T.);
#6345 = VERTEX_POINT('',#6346);
#6346 = CARTESIAN_POINT('',(-0.6,0.5,0.65));
#6347 = LINE('',#6348,#6349);
#6348 = CARTESIAN_POINT('',(-0.625,0.5,0.65));
#6349 = VECTOR('',#6350,1.);
#6350 = DIRECTION('',(1.,9.95799250103E-17,0.));
#6351 = ORIENTED_EDGE('',*,*,#6352,.F.);
#6352 = EDGE_CURVE('',#6336,#6345,#6353,.T.);
#6353 = LINE('',#6354,#6355);
#6354 = CARTESIAN_POINT('',(-0.6,-0.8925,0.65));
#6355 = VECTOR('',#6356,1.);
#6356 = DIRECTION('',(-2.22044604925E-16,1.,0.));
#6357 = B_SPLINE_SURFACE_WITH_KNOTS('',1,1,(
    (#6358,#6359)
    ,(#6360,#6361
    )),.UNSPECIFIED.,.F.,.F.,.F.,(2,2),(2,2),(0.,1.81),(0.,1.),
  .PIECEWISE_BEZIER_KNOTS.);
#6358 = CARTESIAN_POINT('',(-0.625,-0.905,0.65));
#6359 = CARTESIAN_POINT('',(-0.6,-0.8925,0.65));
#6360 = CARTESIAN_POINT('',(-0.625,0.905,0.65));
#6361 = CARTESIAN_POINT('',(-0.6,0.8925,0.65));
#6362 = ADVANCED_FACE('',(#6363),#6374,.F.);
#6363 = FACE_BOUND('',#6364,.F.);
#6364 = EDGE_LOOP('',(#6365,#6366,#6367,#6373));
#6365 = ORIENTED_EDGE('',*,*,#5186,.T.);
#6366 = ORIENTED_EDGE('',*,*,#6262,.T.);
#6367 = ORIENTED_EDGE('',*,*,#6368,.F.);
#6368 = EDGE_CURVE('',#6188,#6263,#6369,.T.);
#6369 = LINE('',#6370,#6371);
#6370 = CARTESIAN_POINT('',(-0.725,-0.15,0.25));
#6371 = VECTOR('',#6372,1.);
#6372 = DIRECTION('',(-9.95799250103E-17,1.,0.));
#6373 = ORIENTED_EDGE('',*,*,#6187,.F.);
#6374 = PLANE('',#6375);
#6375 = AXIS2_PLACEMENT_3D('',#6376,#6377,#6378);
#6376 = CARTESIAN_POINT('',(-0.725,-0.15,0.4));
#6377 = DIRECTION('',(-1.,-9.95799250103E-17,0.));
#6378 = DIRECTION('',(-0.,0.,-1.));
#6379 = ADVANCED_FACE('',(#6380),#6397,.F.);
#6380 = FACE_BOUND('',#6381,.F.);
#6381 = EDGE_LOOP('',(#6382,#6383,#6390,#6396));
#6382 = ORIENTED_EDGE('',*,*,#5217,.T.);
#6383 = ORIENTED_EDGE('',*,*,#6384,.T.);
#6384 = EDGE_CURVE('',#5211,#6385,#6387,.T.);
#6385 = VERTEX_POINT('',#6386);
#6386 = CARTESIAN_POINT('',(0.543783666119,0.86439183306,1.05));
#6387 = B_SPLINE_CURVE_WITH_KNOTS('',1,(#6388,#6389),.UNSPECIFIED.,.F.,
  .F.,(2,2),(0.,1.),.PIECEWISE_BEZIER_KNOTS.);
#6388 = CARTESIAN_POINT('',(0.6,0.8925,0.65));
#6389 = CARTESIAN_POINT('',(0.543783666119,0.86439183306,1.05));
#6390 = ORIENTED_EDGE('',*,*,#6391,.F.);
#6391 = EDGE_CURVE('',#5234,#6385,#6392,.T.);
#6392 = LINE('',#6393,#6394);
#6393 = CARTESIAN_POINT('',(0.48939183306,0.918783666119,1.05));
#6394 = VECTOR('',#6395,1.);
#6395 = DIRECTION('',(0.707106781187,-0.707106781187,0.));
#6396 = ORIENTED_EDGE('',*,*,#5233,.F.);
#6397 = B_SPLINE_SURFACE_WITH_KNOTS('',1,1,(
    (#6398,#6399)
    ,(#6400,#6401
    )),.UNSPECIFIED.,.F.,.F.,.F.,(2,2),(2,2),(0.,0.116672618896),(0.,1.)
  ,.PIECEWISE_BEZIER_KNOTS.);
#6398 = CARTESIAN_POINT('',(0.5175,0.975,0.65));
#6399 = CARTESIAN_POINT('',(0.48939183306,0.918783666119,1.05));
#6400 = CARTESIAN_POINT('',(0.6,0.8925,0.65));
#6401 = CARTESIAN_POINT('',(0.543783666119,0.86439183306,1.05));
#6402 = ADVANCED_FACE('',(#6403),#6453,.T.);
#6403 = FACE_BOUND('',#6404,.F.);
#6404 = EDGE_LOOP('',(#6405,#6406,#6407,#6415,#6423,#6431,#6439,#6447));
#6405 = ORIENTED_EDGE('',*,*,#5240,.T.);
#6406 = ORIENTED_EDGE('',*,*,#6391,.T.);
#6407 = ORIENTED_EDGE('',*,*,#6408,.T.);
#6408 = EDGE_CURVE('',#6385,#6409,#6411,.T.);
#6409 = VERTEX_POINT('',#6410);
#6410 = CARTESIAN_POINT('',(0.543783666119,-0.86439183306,1.05));
#6411 = LINE('',#6412,#6413);
#6412 = CARTESIAN_POINT('',(0.543783666119,0.86439183306,1.05));
#6413 = VECTOR('',#6414,1.);
#6414 = DIRECTION('',(2.22044604925E-16,-1.,0.));
#6415 = ORIENTED_EDGE('',*,*,#6416,.T.);
#6416 = EDGE_CURVE('',#6409,#6417,#6419,.T.);
#6417 = VERTEX_POINT('',#6418);
#6418 = CARTESIAN_POINT('',(0.48939183306,-0.918783666119,1.05));
#6419 = LINE('',#6420,#6421);
#6420 = CARTESIAN_POINT('',(0.543783666119,-0.86439183306,1.05));
#6421 = VECTOR('',#6422,1.);
#6422 = DIRECTION('',(-0.707106781187,-0.707106781187,0.));
#6423 = ORIENTED_EDGE('',*,*,#6424,.T.);
#6424 = EDGE_CURVE('',#6417,#6425,#6427,.T.);
#6425 = VERTEX_POINT('',#6426);
#6426 = CARTESIAN_POINT('',(-0.48939183306,-0.918783666119,1.05));
#6427 = LINE('',#6428,#6429);
#6428 = CARTESIAN_POINT('',(0.48939183306,-0.918783666119,1.05));
#6429 = VECTOR('',#6430,1.);
#6430 = DIRECTION('',(-1.,-2.22044604925E-16,0.));
#6431 = ORIENTED_EDGE('',*,*,#6432,.T.);
#6432 = EDGE_CURVE('',#6425,#6433,#6435,.T.);
#6433 = VERTEX_POINT('',#6434);
#6434 = CARTESIAN_POINT('',(-0.543783666119,-0.86439183306,1.05));
#6435 = LINE('',#6436,#6437);
#6436 = CARTESIAN_POINT('',(-0.48939183306,-0.918783666119,1.05));
#6437 = VECTOR('',#6438,1.);
#6438 = DIRECTION('',(-0.707106781187,0.707106781187,0.));
#6439 = ORIENTED_EDGE('',*,*,#6440,.T.);
#6440 = EDGE_CURVE('',#6433,#6441,#6443,.T.);
#6441 = VERTEX_POINT('',#6442);
#6442 = CARTESIAN_POINT('',(-0.543783666119,0.86439183306,1.05));
#6443 = LINE('',#6444,#6445);
#6444 = CARTESIAN_POINT('',(-0.543783666119,-0.86439183306,1.05));
#6445 = VECTOR('',#6446,1.);
#6446 = DIRECTION('',(-2.22044604925E-16,1.,0.));
#6447 = ORIENTED_EDGE('',*,*,#6448,.T.);
#6448 = EDGE_CURVE('',#6441,#5241,#6449,.T.);
#6449 = LINE('',#6450,#6451);
#6450 = CARTESIAN_POINT('',(-0.543783666119,0.86439183306,1.05));
#6451 = VECTOR('',#6452,1.);
#6452 = DIRECTION('',(0.707106781187,0.707106781187,0.));
#6453 = PLANE('',#6454);
#6454 = AXIS2_PLACEMENT_3D('',#6455,#6456,#6457);
#6455 = CARTESIAN_POINT('',(-0.48939183306,0.918783666119,1.05));
#6456 = DIRECTION('',(0.,0.,1.));
#6457 = DIRECTION('',(0.470119899711,-0.882602560553,0.));
#6458 = ADVANCED_FACE('',(#6459),#6469,.F.);
#6459 = FACE_BOUND('',#6460,.F.);
#6460 = EDGE_LOOP('',(#6461,#6462,#6463,#6464));
#6461 = ORIENTED_EDGE('',*,*,#5263,.T.);
#6462 = ORIENTED_EDGE('',*,*,#5248,.T.);
#6463 = ORIENTED_EDGE('',*,*,#6448,.F.);
#6464 = ORIENTED_EDGE('',*,*,#6465,.F.);
#6465 = EDGE_CURVE('',#5264,#6441,#6466,.T.);
#6466 = B_SPLINE_CURVE_WITH_KNOTS('',1,(#6467,#6468),.UNSPECIFIED.,.F.,
  .F.,(2,2),(0.,1.),.PIECEWISE_BEZIER_KNOTS.);
#6467 = CARTESIAN_POINT('',(-0.6,0.8925,0.65));
#6468 = CARTESIAN_POINT('',(-0.543783666119,0.86439183306,1.05));
#6469 = B_SPLINE_SURFACE_WITH_KNOTS('',1,1,(
    (#6470,#6471)
    ,(#6472,#6473
    )),.UNSPECIFIED.,.F.,.F.,.F.,(2,2),(2,2),(0.,0.116672618896),(0.,1.)
  ,.PIECEWISE_BEZIER_KNOTS.);
#6470 = CARTESIAN_POINT('',(-0.6,0.8925,0.65));
#6471 = CARTESIAN_POINT('',(-0.543783666119,0.86439183306,1.05));
#6472 = CARTESIAN_POINT('',(-0.5175,0.975,0.65));
#6473 = CARTESIAN_POINT('',(-0.48939183306,0.918783666119,1.05));
#6474 = ADVANCED_FACE('',(#6475),#6499,.F.);
#6475 = FACE_BOUND('',#6476,.F.);
#6476 = EDGE_LOOP('',(#6477,#6478,#6484,#6485,#6491,#6492,#6497,#6498));
#6477 = ORIENTED_EDGE('',*,*,#5294,.T.);
#6478 = ORIENTED_EDGE('',*,*,#6479,.T.);
#6479 = EDGE_CURVE('',#5287,#5673,#6480,.T.);
#6480 = LINE('',#6481,#6482);
#6481 = CARTESIAN_POINT('',(0.6,0.8925,0.65));
#6482 = VECTOR('',#6483,1.);
#6483 = DIRECTION('',(2.22044604925E-16,-1.,0.));
#6484 = ORIENTED_EDGE('',*,*,#5689,.T.);
#6485 = ORIENTED_EDGE('',*,*,#6486,.T.);
#6486 = EDGE_CURVE('',#5682,#5459,#6487,.T.);
#6487 = LINE('',#6488,#6489);
#6488 = CARTESIAN_POINT('',(0.6,0.8925,0.65));
#6489 = VECTOR('',#6490,1.);
#6490 = DIRECTION('',(2.22044604925E-16,-1.,0.));
#6491 = ORIENTED_EDGE('',*,*,#5474,.T.);
#6492 = ORIENTED_EDGE('',*,*,#6493,.T.);
#6493 = EDGE_CURVE('',#5468,#6409,#6494,.T.);
#6494 = B_SPLINE_CURVE_WITH_KNOTS('',1,(#6495,#6496),.UNSPECIFIED.,.F.,
  .F.,(2,2),(0.,1.),.PIECEWISE_BEZIER_KNOTS.);
#6495 = CARTESIAN_POINT('',(0.6,-0.8925,0.65));
#6496 = CARTESIAN_POINT('',(0.543783666119,-0.86439183306,1.05));
#6497 = ORIENTED_EDGE('',*,*,#6408,.F.);
#6498 = ORIENTED_EDGE('',*,*,#6384,.F.);
#6499 = B_SPLINE_SURFACE_WITH_KNOTS('',1,1,(
    (#6500,#6501)
    ,(#6502,#6503
    )),.UNSPECIFIED.,.F.,.F.,.F.,(2,2),(2,2),(0.,1.785),(0.,1.),
  .PIECEWISE_BEZIER_KNOTS.);
#6500 = CARTESIAN_POINT('',(0.6,0.8925,0.65));
#6501 = CARTESIAN_POINT('',(0.543783666119,0.86439183306,1.05));
#6502 = CARTESIAN_POINT('',(0.6,-0.8925,0.65));
#6503 = CARTESIAN_POINT('',(0.543783666119,-0.86439183306,1.05));
#6504 = ADVANCED_FACE('',(#6505),#6516,.F.);
#6505 = FACE_BOUND('',#6506,.F.);
#6506 = EDGE_LOOP('',(#6507,#6508,#6514,#6515));
#6507 = ORIENTED_EDGE('',*,*,#5286,.F.);
#6508 = ORIENTED_EDGE('',*,*,#6509,.T.);
#6509 = EDGE_CURVE('',#4783,#4901,#6510,.T.);
#6510 = LINE('',#6511,#6512);
#6511 = CARTESIAN_POINT('',(0.625,0.8,0.65));
#6512 = VECTOR('',#6513,1.);
#6513 = DIRECTION('',(2.22044604925E-16,-1.,0.));
#6514 = ORIENTED_EDGE('',*,*,#5672,.T.);
#6515 = ORIENTED_EDGE('',*,*,#6479,.F.);
#6516 = PLANE('',#6517);
#6517 = AXIS2_PLACEMENT_3D('',#6518,#6519,#6520);
#6518 = CARTESIAN_POINT('',(0.625,0.8,0.65));
#6519 = DIRECTION('',(0.,0.,-1.));
#6520 = DIRECTION('',(-1.,-2.22044604925E-16,-0.));
#6521 = ADVANCED_FACE('',(#6522),#6533,.T.);
#6522 = FACE_BOUND('',#6523,.T.);
#6523 = EDGE_LOOP('',(#6524,#6525,#6526,#6527));
#6524 = ORIENTED_EDGE('',*,*,#5368,.T.);
#6525 = ORIENTED_EDGE('',*,*,#6509,.T.);
#6526 = ORIENTED_EDGE('',*,*,#5548,.F.);
#6527 = ORIENTED_EDGE('',*,*,#6528,.F.);
#6528 = EDGE_CURVE('',#5361,#5541,#6529,.T.);
#6529 = LINE('',#6530,#6531);
#6530 = CARTESIAN_POINT('',(0.875,0.8,0.4));
#6531 = VECTOR('',#6532,1.);
#6532 = DIRECTION('',(2.22044604925E-16,-1.,0.));
#6533 = CYLINDRICAL_SURFACE('',#6534,0.25);
#6534 = AXIS2_PLACEMENT_3D('',#6535,#6536,#6537);
#6535 = CARTESIAN_POINT('',(0.625,0.8,0.4));
#6536 = DIRECTION('',(-2.22044604925E-16,1.,-0.));
#6537 = DIRECTION('',(1.,2.22044604925E-16,4.440892098501E-16));
#6538 = ADVANCED_FACE('',(#6539),#6550,.F.);
#6539 = FACE_BOUND('',#6540,.F.);
#6540 = EDGE_LOOP('',(#6541,#6547,#6548,#6549));
#6541 = ORIENTED_EDGE('',*,*,#6542,.T.);
#6542 = EDGE_CURVE('',#5352,#5532,#6543,.T.);
#6543 = LINE('',#6544,#6545);
#6544 = CARTESIAN_POINT('',(0.875,0.8,0.25));
#6545 = VECTOR('',#6546,1.);
#6546 = DIRECTION('',(2.22044604925E-16,-1.,0.));
#6547 = ORIENTED_EDGE('',*,*,#5540,.T.);
#6548 = ORIENTED_EDGE('',*,*,#6528,.F.);
#6549 = ORIENTED_EDGE('',*,*,#5360,.F.);
#6550 = PLANE('',#6551);
#6551 = AXIS2_PLACEMENT_3D('',#6552,#6553,#6554);
#6552 = CARTESIAN_POINT('',(0.875,0.8,0.25));
#6553 = DIRECTION('',(-1.,-2.22044604925E-16,0.));
#6554 = DIRECTION('',(0.,0.,1.));
#6555 = ADVANCED_FACE('',(#6556),#6567,.F.);
#6556 = FACE_BOUND('',#6557,.F.);
#6557 = EDGE_LOOP('',(#6558,#6564,#6565,#6566));
#6558 = ORIENTED_EDGE('',*,*,#6559,.T.);
#6559 = EDGE_CURVE('',#5344,#5524,#6560,.T.);
#6560 = LINE('',#6561,#6562);
#6561 = CARTESIAN_POINT('',(0.975,0.8,0.15));
#6562 = VECTOR('',#6563,1.);
#6563 = DIRECTION('',(2.22044604925E-16,-1.,0.));
#6564 = ORIENTED_EDGE('',*,*,#5531,.T.);
#6565 = ORIENTED_EDGE('',*,*,#6542,.F.);
#6566 = ORIENTED_EDGE('',*,*,#5351,.F.);
#6567 = CYLINDRICAL_SURFACE('',#6568,0.1);
#6568 = AXIS2_PLACEMENT_3D('',#6569,#6570,#6571);
#6569 = CARTESIAN_POINT('',(0.975,0.8,0.25));
#6570 = DIRECTION('',(-2.22044604925E-16,1.,0.));
#6571 = DIRECTION('',(0.,0.,-1.));
#6572 = ADVANCED_FACE('',(#6573),#6584,.F.);
#6573 = FACE_BOUND('',#6574,.F.);
#6574 = EDGE_LOOP('',(#6575,#6581,#6582,#6583));
#6575 = ORIENTED_EDGE('',*,*,#6576,.T.);
#6576 = EDGE_CURVE('',#5336,#5516,#6577,.T.);
#6577 = LINE('',#6578,#6579);
#6578 = CARTESIAN_POINT('',(1.,0.8,0.15));
#6579 = VECTOR('',#6580,1.);
#6580 = DIRECTION('',(2.22044604925E-16,-1.,0.));
#6581 = ORIENTED_EDGE('',*,*,#5523,.T.);
#6582 = ORIENTED_EDGE('',*,*,#6559,.F.);
#6583 = ORIENTED_EDGE('',*,*,#5343,.F.);
#6584 = PLANE('',#6585);
#6585 = AXIS2_PLACEMENT_3D('',#6586,#6587,#6588);
#6586 = CARTESIAN_POINT('',(1.,0.8,0.15));
#6587 = DIRECTION('',(0.,0.,-1.));
#6588 = DIRECTION('',(-1.,-2.22044604925E-16,-0.));
#6589 = ADVANCED_FACE('',(#6590),#6601,.F.);
#6590 = FACE_BOUND('',#6591,.F.);
#6591 = EDGE_LOOP('',(#6592,#6598,#6599,#6600));
#6592 = ORIENTED_EDGE('',*,*,#6593,.T.);
#6593 = EDGE_CURVE('',#5328,#5508,#6594,.T.);
#6594 = LINE('',#6595,#6596);
#6595 = CARTESIAN_POINT('',(1.,0.8,0.));
#6596 = VECTOR('',#6597,1.);
#6597 = DIRECTION('',(2.22044604925E-16,-1.,0.));
#6598 = ORIENTED_EDGE('',*,*,#5515,.T.);
#6599 = ORIENTED_EDGE('',*,*,#6576,.F.);
#6600 = ORIENTED_EDGE('',*,*,#5335,.F.);
#6601 = PLANE('',#6602);
#6602 = AXIS2_PLACEMENT_3D('',#6603,#6604,#6605);
#6603 = CARTESIAN_POINT('',(1.,0.8,0.));
#6604 = DIRECTION('',(-1.,-2.22044604925E-16,0.));
#6605 = DIRECTION('',(0.,0.,1.));
#6606 = ADVANCED_FACE('',(#6607),#6618,.F.);
#6607 = FACE_BOUND('',#6608,.F.);
#6608 = EDGE_LOOP('',(#6609,#6615,#6616,#6617));
#6609 = ORIENTED_EDGE('',*,*,#6610,.T.);
#6610 = EDGE_CURVE('',#5319,#5499,#6611,.T.);
#6611 = LINE('',#6612,#6613);
#6612 = CARTESIAN_POINT('',(0.975,0.8,0.));
#6613 = VECTOR('',#6614,1.);
#6614 = DIRECTION('',(2.22044604925E-16,-1.,0.));
#6615 = ORIENTED_EDGE('',*,*,#5507,.T.);
#6616 = ORIENTED_EDGE('',*,*,#6593,.F.);
#6617 = ORIENTED_EDGE('',*,*,#5327,.F.);
#6618 = PLANE('',#6619);
#6619 = AXIS2_PLACEMENT_3D('',#6620,#6621,#6622);
#6620 = CARTESIAN_POINT('',(0.975,0.8,0.));
#6621 = DIRECTION('',(0.,0.,1.));
#6622 = DIRECTION('',(1.,2.22044604925E-16,-0.));
#6623 = ADVANCED_FACE('',(#6624),#6630,.T.);
#6624 = FACE_BOUND('',#6625,.T.);
#6625 = EDGE_LOOP('',(#6626,#6627,#6628,#6629));
#6626 = ORIENTED_EDGE('',*,*,#5318,.T.);
#6627 = ORIENTED_EDGE('',*,*,#6610,.T.);
#6628 = ORIENTED_EDGE('',*,*,#5498,.F.);
#6629 = ORIENTED_EDGE('',*,*,#5565,.F.);
#6630 = CYLINDRICAL_SURFACE('',#6631,0.25);
#6631 = AXIS2_PLACEMENT_3D('',#6632,#6633,#6634);
#6632 = CARTESIAN_POINT('',(0.975,0.8,0.25));
#6633 = DIRECTION('',(-2.22044604925E-16,1.,-0.));
#6634 = DIRECTION('',(-1.,-2.22044604925E-16,-2.22044604925E-16));
#6635 = ADVANCED_FACE('',(#6636),#6652,.T.);
#6636 = FACE_BOUND('',#6637,.T.);
#6637 = EDGE_LOOP('',(#6638,#6639,#6645,#6646));
#6638 = ORIENTED_EDGE('',*,*,#5640,.T.);
#6639 = ORIENTED_EDGE('',*,*,#6640,.T.);
#6640 = EDGE_CURVE('',#4910,#4805,#6641,.T.);
#6641 = LINE('',#6642,#6643);
#6642 = CARTESIAN_POINT('',(0.625,-0.5,0.65));
#6643 = VECTOR('',#6644,1.);
#6644 = DIRECTION('',(2.22044604925E-16,-1.,0.));
#6645 = ORIENTED_EDGE('',*,*,#5443,.F.);
#6646 = ORIENTED_EDGE('',*,*,#6647,.F.);
#6647 = EDGE_CURVE('',#5633,#5436,#6648,.T.);
#6648 = LINE('',#6649,#6650);
#6649 = CARTESIAN_POINT('',(0.875,-0.5,0.4));
#6650 = VECTOR('',#6651,1.);
#6651 = DIRECTION('',(2.22044604925E-16,-1.,0.));
#6652 = CYLINDRICAL_SURFACE('',#6653,0.25);
#6653 = AXIS2_PLACEMENT_3D('',#6654,#6655,#6656);
#6654 = CARTESIAN_POINT('',(0.625,-0.5,0.4));
#6655 = DIRECTION('',(-2.22044604925E-16,1.,-0.));
#6656 = DIRECTION('',(1.,2.22044604925E-16,4.440892098501E-16));
#6657 = ADVANCED_FACE('',(#6658),#6669,.F.);
#6658 = FACE_BOUND('',#6659,.F.);
#6659 = EDGE_LOOP('',(#6660,#6666,#6667,#6668));
#6660 = ORIENTED_EDGE('',*,*,#6661,.T.);
#6661 = EDGE_CURVE('',#5624,#5427,#6662,.T.);
#6662 = LINE('',#6663,#6664);
#6663 = CARTESIAN_POINT('',(0.875,-0.5,0.25));
#6664 = VECTOR('',#6665,1.);
#6665 = DIRECTION('',(2.22044604925E-16,-1.,0.));
#6666 = ORIENTED_EDGE('',*,*,#5435,.T.);
#6667 = ORIENTED_EDGE('',*,*,#6647,.F.);
#6668 = ORIENTED_EDGE('',*,*,#5632,.F.);
#6669 = PLANE('',#6670);
#6670 = AXIS2_PLACEMENT_3D('',#6671,#6672,#6673);
#6671 = CARTESIAN_POINT('',(0.875,-0.5,0.25));
#6672 = DIRECTION('',(-1.,-2.22044604925E-16,0.));
#6673 = DIRECTION('',(0.,0.,1.));
#6674 = ADVANCED_FACE('',(#6675),#6686,.F.);
#6675 = FACE_BOUND('',#6676,.F.);
#6676 = EDGE_LOOP('',(#6677,#6683,#6684,#6685));
#6677 = ORIENTED_EDGE('',*,*,#6678,.T.);
#6678 = EDGE_CURVE('',#5616,#5419,#6679,.T.);
#6679 = LINE('',#6680,#6681);
#6680 = CARTESIAN_POINT('',(0.975,-0.5,0.15));
#6681 = VECTOR('',#6682,1.);
#6682 = DIRECTION('',(2.22044604925E-16,-1.,0.));
#6683 = ORIENTED_EDGE('',*,*,#5426,.T.);
#6684 = ORIENTED_EDGE('',*,*,#6661,.F.);
#6685 = ORIENTED_EDGE('',*,*,#5623,.F.);
#6686 = CYLINDRICAL_SURFACE('',#6687,0.1);
#6687 = AXIS2_PLACEMENT_3D('',#6688,#6689,#6690);
#6688 = CARTESIAN_POINT('',(0.975,-0.5,0.25));
#6689 = DIRECTION('',(-2.22044604925E-16,1.,0.));
#6690 = DIRECTION('',(0.,0.,-1.));
#6691 = ADVANCED_FACE('',(#6692),#6703,.F.);
#6692 = FACE_BOUND('',#6693,.F.);
#6693 = EDGE_LOOP('',(#6694,#6700,#6701,#6702));
#6694 = ORIENTED_EDGE('',*,*,#6695,.T.);
#6695 = EDGE_CURVE('',#5608,#5411,#6696,.T.);
#6696 = LINE('',#6697,#6698);
#6697 = CARTESIAN_POINT('',(1.,-0.5,0.15));
#6698 = VECTOR('',#6699,1.);
#6699 = DIRECTION('',(2.22044604925E-16,-1.,0.));
#6700 = ORIENTED_EDGE('',*,*,#5418,.T.);
#6701 = ORIENTED_EDGE('',*,*,#6678,.F.);
#6702 = ORIENTED_EDGE('',*,*,#5615,.F.);
#6703 = PLANE('',#6704);
#6704 = AXIS2_PLACEMENT_3D('',#6705,#6706,#6707);
#6705 = CARTESIAN_POINT('',(1.,-0.5,0.15));
#6706 = DIRECTION('',(0.,0.,-1.));
#6707 = DIRECTION('',(-1.,-2.22044604925E-16,-0.));
#6708 = ADVANCED_FACE('',(#6709),#6720,.F.);
#6709 = FACE_BOUND('',#6710,.F.);
#6710 = EDGE_LOOP('',(#6711,#6717,#6718,#6719));
#6711 = ORIENTED_EDGE('',*,*,#6712,.T.);
#6712 = EDGE_CURVE('',#5600,#5403,#6713,.T.);
#6713 = LINE('',#6714,#6715);
#6714 = CARTESIAN_POINT('',(1.,-0.5,0.));
#6715 = VECTOR('',#6716,1.);
#6716 = DIRECTION('',(2.22044604925E-16,-1.,0.));
#6717 = ORIENTED_EDGE('',*,*,#5410,.T.);
#6718 = ORIENTED_EDGE('',*,*,#6695,.F.);
#6719 = ORIENTED_EDGE('',*,*,#5607,.F.);
#6720 = PLANE('',#6721);
#6721 = AXIS2_PLACEMENT_3D('',#6722,#6723,#6724);
#6722 = CARTESIAN_POINT('',(1.,-0.5,0.));
#6723 = DIRECTION('',(-1.,-2.22044604925E-16,0.));
#6724 = DIRECTION('',(0.,0.,1.));
#6725 = ADVANCED_FACE('',(#6726),#6737,.F.);
#6726 = FACE_BOUND('',#6727,.F.);
#6727 = EDGE_LOOP('',(#6728,#6734,#6735,#6736));
#6728 = ORIENTED_EDGE('',*,*,#6729,.T.);
#6729 = EDGE_CURVE('',#5591,#5394,#6730,.T.);
#6730 = LINE('',#6731,#6732);
#6731 = CARTESIAN_POINT('',(0.975,-0.5,0.));
#6732 = VECTOR('',#6733,1.);
#6733 = DIRECTION('',(2.22044604925E-16,-1.,0.));
#6734 = ORIENTED_EDGE('',*,*,#5402,.T.);
#6735 = ORIENTED_EDGE('',*,*,#6712,.F.);
#6736 = ORIENTED_EDGE('',*,*,#5599,.F.);
#6737 = PLANE('',#6738);
#6738 = AXIS2_PLACEMENT_3D('',#6739,#6740,#6741);
#6739 = CARTESIAN_POINT('',(0.975,-0.5,0.));
#6740 = DIRECTION('',(0.,0.,1.));
#6741 = DIRECTION('',(1.,2.22044604925E-16,-0.));
#6742 = ADVANCED_FACE('',(#6743),#6749,.T.);
#6743 = FACE_BOUND('',#6744,.T.);
#6744 = EDGE_LOOP('',(#6745,#6746,#6747,#6748));
#6745 = ORIENTED_EDGE('',*,*,#5590,.T.);
#6746 = ORIENTED_EDGE('',*,*,#6729,.T.);
#6747 = ORIENTED_EDGE('',*,*,#5393,.F.);
#6748 = ORIENTED_EDGE('',*,*,#5657,.F.);
#6749 = CYLINDRICAL_SURFACE('',#6750,0.25);
#6750 = AXIS2_PLACEMENT_3D('',#6751,#6752,#6753);
#6751 = CARTESIAN_POINT('',(0.975,-0.5,0.25));
#6752 = DIRECTION('',(-2.22044604925E-16,1.,-0.));
#6753 = DIRECTION('',(-1.,-2.22044604925E-16,-2.22044604925E-16));
#6754 = ADVANCED_FACE('',(#6755),#6761,.F.);
#6755 = FACE_BOUND('',#6756,.F.);
#6756 = EDGE_LOOP('',(#6757,#6758,#6759,#6760));
#6757 = ORIENTED_EDGE('',*,*,#5681,.F.);
#6758 = ORIENTED_EDGE('',*,*,#6640,.T.);
#6759 = ORIENTED_EDGE('',*,*,#5458,.T.);
#6760 = ORIENTED_EDGE('',*,*,#6486,.F.);
#6761 = PLANE('',#6762);
#6762 = AXIS2_PLACEMENT_3D('',#6763,#6764,#6765);
#6763 = CARTESIAN_POINT('',(0.625,-0.5,0.65));
#6764 = DIRECTION('',(0.,0.,-1.));
#6765 = DIRECTION('',(-1.,-2.22044604925E-16,-0.));
#6766 = ADVANCED_FACE('',(#6767),#6777,.F.);
#6767 = FACE_BOUND('',#6768,.F.);
#6768 = EDGE_LOOP('',(#6769,#6770,#6775,#6776));
#6769 = ORIENTED_EDGE('',*,*,#5711,.T.);
#6770 = ORIENTED_EDGE('',*,*,#6771,.T.);
#6771 = EDGE_CURVE('',#5705,#6417,#6772,.T.);
#6772 = B_SPLINE_CURVE_WITH_KNOTS('',1,(#6773,#6774),.UNSPECIFIED.,.F.,
  .F.,(2,2),(0.,1.),.PIECEWISE_BEZIER_KNOTS.);
#6773 = CARTESIAN_POINT('',(0.5175,-0.975,0.65));
#6774 = CARTESIAN_POINT('',(0.48939183306,-0.918783666119,1.05));
#6775 = ORIENTED_EDGE('',*,*,#6416,.F.);
#6776 = ORIENTED_EDGE('',*,*,#6493,.F.);
#6777 = B_SPLINE_SURFACE_WITH_KNOTS('',1,1,(
    (#6778,#6779)
    ,(#6780,#6781
    )),.UNSPECIFIED.,.F.,.F.,.F.,(2,2),(2,2),(0.,0.116672618896),(0.,1.)
  ,.PIECEWISE_BEZIER_KNOTS.);
#6778 = CARTESIAN_POINT('',(0.6,-0.8925,0.65));
#6779 = CARTESIAN_POINT('',(0.543783666119,-0.86439183306,1.05));
#6780 = CARTESIAN_POINT('',(0.5175,-0.975,0.65));
#6781 = CARTESIAN_POINT('',(0.48939183306,-0.918783666119,1.05));
#6782 = ADVANCED_FACE('',(#6783),#6793,.F.);
#6783 = FACE_BOUND('',#6784,.F.);
#6784 = EDGE_LOOP('',(#6785,#6786,#6791,#6792));
#6785 = ORIENTED_EDGE('',*,*,#5734,.T.);
#6786 = ORIENTED_EDGE('',*,*,#6787,.T.);
#6787 = EDGE_CURVE('',#5728,#6425,#6788,.T.);
#6788 = B_SPLINE_CURVE_WITH_KNOTS('',1,(#6789,#6790),.UNSPECIFIED.,.F.,
  .F.,(2,2),(0.,1.),.PIECEWISE_BEZIER_KNOTS.);
#6789 = CARTESIAN_POINT('',(-0.5175,-0.975,0.65));
#6790 = CARTESIAN_POINT('',(-0.48939183306,-0.918783666119,1.05));
#6791 = ORIENTED_EDGE('',*,*,#6424,.F.);
#6792 = ORIENTED_EDGE('',*,*,#6771,.F.);
#6793 = B_SPLINE_SURFACE_WITH_KNOTS('',1,1,(
    (#6794,#6795)
    ,(#6796,#6797
    )),.UNSPECIFIED.,.F.,.F.,.F.,(2,2),(2,2),(0.,1.035),(0.,1.),
  .PIECEWISE_BEZIER_KNOTS.);
#6794 = CARTESIAN_POINT('',(0.5175,-0.975,0.65));
#6795 = CARTESIAN_POINT('',(0.48939183306,-0.918783666119,1.05));
#6796 = CARTESIAN_POINT('',(-0.5175,-0.975,0.65));
#6797 = CARTESIAN_POINT('',(-0.48939183306,-0.918783666119,1.05));
#6798 = ADVANCED_FACE('',(#6799),#6809,.F.);
#6799 = FACE_BOUND('',#6800,.F.);
#6800 = EDGE_LOOP('',(#6801,#6802,#6807,#6808));
#6801 = ORIENTED_EDGE('',*,*,#5757,.T.);
#6802 = ORIENTED_EDGE('',*,*,#6803,.T.);
#6803 = EDGE_CURVE('',#5751,#6433,#6804,.T.);
#6804 = B_SPLINE_CURVE_WITH_KNOTS('',1,(#6805,#6806),.UNSPECIFIED.,.F.,
  .F.,(2,2),(0.,1.),.PIECEWISE_BEZIER_KNOTS.);
#6805 = CARTESIAN_POINT('',(-0.6,-0.8925,0.65));
#6806 = CARTESIAN_POINT('',(-0.543783666119,-0.86439183306,1.05));
#6807 = ORIENTED_EDGE('',*,*,#6432,.F.);
#6808 = ORIENTED_EDGE('',*,*,#6787,.F.);
#6809 = B_SPLINE_SURFACE_WITH_KNOTS('',1,1,(
    (#6810,#6811)
    ,(#6812,#6813
    )),.UNSPECIFIED.,.F.,.F.,.F.,(2,2),(2,2),(0.,0.116672618896),(0.,1.)
  ,.PIECEWISE_BEZIER_KNOTS.);
#6810 = CARTESIAN_POINT('',(-0.5175,-0.975,0.65));
#6811 = CARTESIAN_POINT('',(-0.48939183306,-0.918783666119,1.05));
#6812 = CARTESIAN_POINT('',(-0.6,-0.8925,0.65));
#6813 = CARTESIAN_POINT('',(-0.543783666119,-0.86439183306,1.05));
#6814 = ADVANCED_FACE('',(#6815),#6842,.F.);
#6815 = FACE_BOUND('',#6816,.F.);
#6816 = EDGE_LOOP('',(#6817,#6818,#6824,#6825,#6831,#6832,#6838,#6839,
    #6840,#6841));
#6817 = ORIENTED_EDGE('',*,*,#5782,.T.);
#6818 = ORIENTED_EDGE('',*,*,#6819,.T.);
#6819 = EDGE_CURVE('',#5775,#6155,#6820,.T.);
#6820 = LINE('',#6821,#6822);
#6821 = CARTESIAN_POINT('',(-0.6,-0.8925,0.65));
#6822 = VECTOR('',#6823,1.);
#6823 = DIRECTION('',(-2.22044604925E-16,1.,0.));
#6824 = ORIENTED_EDGE('',*,*,#6171,.T.);
#6825 = ORIENTED_EDGE('',*,*,#6826,.T.);
#6826 = EDGE_CURVE('',#6164,#6336,#6827,.T.);
#6827 = LINE('',#6828,#6829);
#6828 = CARTESIAN_POINT('',(-0.6,-0.8925,0.65));
#6829 = VECTOR('',#6830,1.);
#6830 = DIRECTION('',(-2.22044604925E-16,1.,0.));
#6831 = ORIENTED_EDGE('',*,*,#6352,.T.);
#6832 = ORIENTED_EDGE('',*,*,#6833,.T.);
#6833 = EDGE_CURVE('',#6345,#5947,#6834,.T.);
#6834 = LINE('',#6835,#6836);
#6835 = CARTESIAN_POINT('',(-0.6,-0.8925,0.65));
#6836 = VECTOR('',#6837,1.);
#6837 = DIRECTION('',(-2.22044604925E-16,1.,0.));
#6838 = ORIENTED_EDGE('',*,*,#5956,.T.);
#6839 = ORIENTED_EDGE('',*,*,#6465,.T.);
#6840 = ORIENTED_EDGE('',*,*,#6440,.F.);
#6841 = ORIENTED_EDGE('',*,*,#6803,.F.);
#6842 = B_SPLINE_SURFACE_WITH_KNOTS('',1,1,(
    (#6843,#6844)
    ,(#6845,#6846
    )),.UNSPECIFIED.,.F.,.F.,.F.,(2,2),(2,2),(0.,1.785),(0.,1.),
  .PIECEWISE_BEZIER_KNOTS.);
#6843 = CARTESIAN_POINT('',(-0.6,-0.8925,0.65));
#6844 = CARTESIAN_POINT('',(-0.543783666119,-0.86439183306,1.05));
#6845 = CARTESIAN_POINT('',(-0.6,0.8925,0.65));
#6846 = CARTESIAN_POINT('',(-0.543783666119,0.86439183306,1.05));
#6847 = ADVANCED_FACE('',(#6848),#6859,.F.);
#6848 = FACE_BOUND('',#6849,.F.);
#6849 = EDGE_LOOP('',(#6850,#6851,#6857,#6858));
#6850 = ORIENTED_EDGE('',*,*,#5774,.F.);
#6851 = ORIENTED_EDGE('',*,*,#6852,.T.);
#6852 = EDGE_CURVE('',#5003,#5115,#6853,.T.);
#6853 = LINE('',#6854,#6855);
#6854 = CARTESIAN_POINT('',(-0.625,-0.8,0.65));
#6855 = VECTOR('',#6856,1.);
#6856 = DIRECTION('',(-9.95799250103E-17,1.,0.));
#6857 = ORIENTED_EDGE('',*,*,#6154,.T.);
#6858 = ORIENTED_EDGE('',*,*,#6819,.F.);
#6859 = PLANE('',#6860);
#6860 = AXIS2_PLACEMENT_3D('',#6861,#6862,#6863);
#6861 = CARTESIAN_POINT('',(-0.625,-0.8,0.65));
#6862 = DIRECTION('',(-0.,0.,-1.));
#6863 = DIRECTION('',(1.,9.95799250103E-17,0.));
#6864 = ADVANCED_FACE('',(#6865),#6876,.T.);
#6865 = FACE_BOUND('',#6866,.T.);
#6866 = EDGE_LOOP('',(#6867,#6868,#6869,#6870));
#6867 = ORIENTED_EDGE('',*,*,#5856,.T.);
#6868 = ORIENTED_EDGE('',*,*,#6852,.T.);
#6869 = ORIENTED_EDGE('',*,*,#6030,.F.);
#6870 = ORIENTED_EDGE('',*,*,#6871,.F.);
#6871 = EDGE_CURVE('',#5849,#6023,#6872,.T.);
#6872 = LINE('',#6873,#6874);
#6873 = CARTESIAN_POINT('',(-0.875,-0.8,0.4));
#6874 = VECTOR('',#6875,1.);
#6875 = DIRECTION('',(-9.95799250103E-17,1.,0.));
#6876 = CYLINDRICAL_SURFACE('',#6877,0.25);
#6877 = AXIS2_PLACEMENT_3D('',#6878,#6879,#6880);
#6878 = CARTESIAN_POINT('',(-0.625,-0.8,0.4));
#6879 = DIRECTION('',(9.95799250103E-17,-1.,-0.));
#6880 = DIRECTION('',(-1.,-9.95799250103E-17,4.440892098501E-16));
#6881 = ADVANCED_FACE('',(#6882),#6893,.F.);
#6882 = FACE_BOUND('',#6883,.F.);
#6883 = EDGE_LOOP('',(#6884,#6890,#6891,#6892));
#6884 = ORIENTED_EDGE('',*,*,#6885,.T.);
#6885 = EDGE_CURVE('',#5840,#6014,#6886,.T.);
#6886 = LINE('',#6887,#6888);
#6887 = CARTESIAN_POINT('',(-0.875,-0.8,0.25));
#6888 = VECTOR('',#6889,1.);
#6889 = DIRECTION('',(-9.95799250103E-17,1.,0.));
#6890 = ORIENTED_EDGE('',*,*,#6022,.T.);
#6891 = ORIENTED_EDGE('',*,*,#6871,.F.);
#6892 = ORIENTED_EDGE('',*,*,#5848,.F.);
#6893 = PLANE('',#6894);
#6894 = AXIS2_PLACEMENT_3D('',#6895,#6896,#6897);
#6895 = CARTESIAN_POINT('',(-0.875,-0.8,0.25));
#6896 = DIRECTION('',(1.,9.95799250103E-17,0.));
#6897 = DIRECTION('',(0.,-0.,1.));
#6898 = ADVANCED_FACE('',(#6899),#6910,.F.);
#6899 = FACE_BOUND('',#6900,.F.);
#6900 = EDGE_LOOP('',(#6901,#6907,#6908,#6909));
#6901 = ORIENTED_EDGE('',*,*,#6902,.T.);
#6902 = EDGE_CURVE('',#5832,#6006,#6903,.T.);
#6903 = LINE('',#6904,#6905);
#6904 = CARTESIAN_POINT('',(-0.975,-0.8,0.15));
#6905 = VECTOR('',#6906,1.);
#6906 = DIRECTION('',(-9.95799250103E-17,1.,0.));
#6907 = ORIENTED_EDGE('',*,*,#6013,.T.);
#6908 = ORIENTED_EDGE('',*,*,#6885,.F.);
#6909 = ORIENTED_EDGE('',*,*,#5839,.F.);
#6910 = CYLINDRICAL_SURFACE('',#6911,0.1);
#6911 = AXIS2_PLACEMENT_3D('',#6912,#6913,#6914);
#6912 = CARTESIAN_POINT('',(-0.975,-0.8,0.25));
#6913 = DIRECTION('',(9.95799250103E-17,-1.,0.));
#6914 = DIRECTION('',(0.,-0.,-1.));
#6915 = ADVANCED_FACE('',(#6916),#6927,.F.);
#6916 = FACE_BOUND('',#6917,.F.);
#6917 = EDGE_LOOP('',(#6918,#6924,#6925,#6926));
#6918 = ORIENTED_EDGE('',*,*,#6919,.T.);
#6919 = EDGE_CURVE('',#5824,#5998,#6920,.T.);
#6920 = LINE('',#6921,#6922);
#6921 = CARTESIAN_POINT('',(-1.,-0.8,0.15));
#6922 = VECTOR('',#6923,1.);
#6923 = DIRECTION('',(-9.95799250103E-17,1.,0.));
#6924 = ORIENTED_EDGE('',*,*,#6005,.T.);
#6925 = ORIENTED_EDGE('',*,*,#6902,.F.);
#6926 = ORIENTED_EDGE('',*,*,#5831,.F.);
#6927 = PLANE('',#6928);
#6928 = AXIS2_PLACEMENT_3D('',#6929,#6930,#6931);
#6929 = CARTESIAN_POINT('',(-1.,-0.8,0.15));
#6930 = DIRECTION('',(-0.,0.,-1.));
#6931 = DIRECTION('',(1.,9.95799250103E-17,0.));
#6932 = ADVANCED_FACE('',(#6933),#6944,.F.);
#6933 = FACE_BOUND('',#6934,.F.);
#6934 = EDGE_LOOP('',(#6935,#6941,#6942,#6943));
#6935 = ORIENTED_EDGE('',*,*,#6936,.T.);
#6936 = EDGE_CURVE('',#5816,#5990,#6937,.T.);
#6937 = LINE('',#6938,#6939);
#6938 = CARTESIAN_POINT('',(-1.,-0.8,0.));
#6939 = VECTOR('',#6940,1.);
#6940 = DIRECTION('',(-9.95799250103E-17,1.,0.));
#6941 = ORIENTED_EDGE('',*,*,#5997,.T.);
#6942 = ORIENTED_EDGE('',*,*,#6919,.F.);
#6943 = ORIENTED_EDGE('',*,*,#5823,.F.);
#6944 = PLANE('',#6945);
#6945 = AXIS2_PLACEMENT_3D('',#6946,#6947,#6948);
#6946 = CARTESIAN_POINT('',(-1.,-0.8,0.));
#6947 = DIRECTION('',(1.,9.95799250103E-17,0.));
#6948 = DIRECTION('',(0.,-0.,1.));
#6949 = ADVANCED_FACE('',(#6950),#6961,.F.);
#6950 = FACE_BOUND('',#6951,.F.);
#6951 = EDGE_LOOP('',(#6952,#6958,#6959,#6960));
#6952 = ORIENTED_EDGE('',*,*,#6953,.T.);
#6953 = EDGE_CURVE('',#5807,#5981,#6954,.T.);
#6954 = LINE('',#6955,#6956);
#6955 = CARTESIAN_POINT('',(-0.975,-0.8,0.));
#6956 = VECTOR('',#6957,1.);
#6957 = DIRECTION('',(-9.95799250103E-17,1.,0.));
#6958 = ORIENTED_EDGE('',*,*,#5989,.T.);
#6959 = ORIENTED_EDGE('',*,*,#6936,.F.);
#6960 = ORIENTED_EDGE('',*,*,#5815,.F.);
#6961 = PLANE('',#6962);
#6962 = AXIS2_PLACEMENT_3D('',#6963,#6964,#6965);
#6963 = CARTESIAN_POINT('',(-0.975,-0.8,0.));
#6964 = DIRECTION('',(0.,0.,1.));
#6965 = DIRECTION('',(-1.,-9.95799250103E-17,0.));
#6966 = ADVANCED_FACE('',(#6967),#6973,.T.);
#6967 = FACE_BOUND('',#6968,.T.);
#6968 = EDGE_LOOP('',(#6969,#6970,#6971,#6972));
#6969 = ORIENTED_EDGE('',*,*,#5806,.T.);
#6970 = ORIENTED_EDGE('',*,*,#6953,.T.);
#6971 = ORIENTED_EDGE('',*,*,#5980,.F.);
#6972 = ORIENTED_EDGE('',*,*,#6047,.F.);
#6973 = CYLINDRICAL_SURFACE('',#6974,0.25);
#6974 = AXIS2_PLACEMENT_3D('',#6975,#6976,#6977);
#6975 = CARTESIAN_POINT('',(-0.975,-0.8,0.25));
#6976 = DIRECTION('',(9.95799250103E-17,-1.,-0.));
#6977 = DIRECTION('',(1.,9.95799250103E-17,-2.22044604925E-16));
#6978 = ADVANCED_FACE('',(#6979),#6995,.T.);
#6979 = FACE_BOUND('',#6980,.T.);
#6980 = EDGE_LOOP('',(#6981,#6982,#6988,#6989));
#6981 = ORIENTED_EDGE('',*,*,#6122,.T.);
#6982 = ORIENTED_EDGE('',*,*,#6983,.T.);
#6983 = EDGE_CURVE('',#5155,#5025,#6984,.T.);
#6984 = LINE('',#6985,#6986);
#6985 = CARTESIAN_POINT('',(-0.625,0.5,0.65));
#6986 = VECTOR('',#6987,1.);
#6987 = DIRECTION('',(-9.95799250103E-17,1.,0.));
#6988 = ORIENTED_EDGE('',*,*,#5931,.F.);
#6989 = ORIENTED_EDGE('',*,*,#6990,.F.);
#6990 = EDGE_CURVE('',#6115,#5924,#6991,.T.);
#6991 = LINE('',#6992,#6993);
#6992 = CARTESIAN_POINT('',(-0.875,0.5,0.4));
#6993 = VECTOR('',#6994,1.);
#6994 = DIRECTION('',(-9.95799250103E-17,1.,0.));
#6995 = CYLINDRICAL_SURFACE('',#6996,0.25);
#6996 = AXIS2_PLACEMENT_3D('',#6997,#6998,#6999);
#6997 = CARTESIAN_POINT('',(-0.625,0.5,0.4));
#6998 = DIRECTION('',(9.95799250103E-17,-1.,-0.));
#6999 = DIRECTION('',(-1.,-9.95799250103E-17,4.440892098501E-16));
#7000 = ADVANCED_FACE('',(#7001),#7012,.F.);
#7001 = FACE_BOUND('',#7002,.F.);
#7002 = EDGE_LOOP('',(#7003,#7009,#7010,#7011));
#7003 = ORIENTED_EDGE('',*,*,#7004,.T.);
#7004 = EDGE_CURVE('',#6106,#5915,#7005,.T.);
#7005 = LINE('',#7006,#7007);
#7006 = CARTESIAN_POINT('',(-0.875,0.5,0.25));
#7007 = VECTOR('',#7008,1.);
#7008 = DIRECTION('',(-9.95799250103E-17,1.,0.));
#7009 = ORIENTED_EDGE('',*,*,#5923,.T.);
#7010 = ORIENTED_EDGE('',*,*,#6990,.F.);
#7011 = ORIENTED_EDGE('',*,*,#6114,.F.);
#7012 = PLANE('',#7013);
#7013 = AXIS2_PLACEMENT_3D('',#7014,#7015,#7016);
#7014 = CARTESIAN_POINT('',(-0.875,0.5,0.25));
#7015 = DIRECTION('',(1.,9.95799250103E-17,0.));
#7016 = DIRECTION('',(0.,-0.,1.));
#7017 = ADVANCED_FACE('',(#7018),#7029,.F.);
#7018 = FACE_BOUND('',#7019,.F.);
#7019 = EDGE_LOOP('',(#7020,#7026,#7027,#7028));
#7020 = ORIENTED_EDGE('',*,*,#7021,.T.);
#7021 = EDGE_CURVE('',#6098,#5907,#7022,.T.);
#7022 = LINE('',#7023,#7024);
#7023 = CARTESIAN_POINT('',(-0.975,0.5,0.15));
#7024 = VECTOR('',#7025,1.);
#7025 = DIRECTION('',(-9.95799250103E-17,1.,0.));
#7026 = ORIENTED_EDGE('',*,*,#5914,.T.);
#7027 = ORIENTED_EDGE('',*,*,#7004,.F.);
#7028 = ORIENTED_EDGE('',*,*,#6105,.F.);
#7029 = CYLINDRICAL_SURFACE('',#7030,0.1);
#7030 = AXIS2_PLACEMENT_3D('',#7031,#7032,#7033);
#7031 = CARTESIAN_POINT('',(-0.975,0.5,0.25));
#7032 = DIRECTION('',(9.95799250103E-17,-1.,0.));
#7033 = DIRECTION('',(0.,-0.,-1.));
#7034 = ADVANCED_FACE('',(#7035),#7046,.F.);
#7035 = FACE_BOUND('',#7036,.F.);
#7036 = EDGE_LOOP('',(#7037,#7043,#7044,#7045));
#7037 = ORIENTED_EDGE('',*,*,#7038,.T.);
#7038 = EDGE_CURVE('',#6090,#5899,#7039,.T.);
#7039 = LINE('',#7040,#7041);
#7040 = CARTESIAN_POINT('',(-1.,0.5,0.15));
#7041 = VECTOR('',#7042,1.);
#7042 = DIRECTION('',(-9.95799250103E-17,1.,0.));
#7043 = ORIENTED_EDGE('',*,*,#5906,.T.);
#7044 = ORIENTED_EDGE('',*,*,#7021,.F.);
#7045 = ORIENTED_EDGE('',*,*,#6097,.F.);
#7046 = PLANE('',#7047);
#7047 = AXIS2_PLACEMENT_3D('',#7048,#7049,#7050);
#7048 = CARTESIAN_POINT('',(-1.,0.5,0.15));
#7049 = DIRECTION('',(-0.,0.,-1.));
#7050 = DIRECTION('',(1.,9.95799250103E-17,0.));
#7051 = ADVANCED_FACE('',(#7052),#7063,.F.);
#7052 = FACE_BOUND('',#7053,.F.);
#7053 = EDGE_LOOP('',(#7054,#7060,#7061,#7062));
#7054 = ORIENTED_EDGE('',*,*,#7055,.T.);
#7055 = EDGE_CURVE('',#6082,#5891,#7056,.T.);
#7056 = LINE('',#7057,#7058);
#7057 = CARTESIAN_POINT('',(-1.,0.5,0.));
#7058 = VECTOR('',#7059,1.);
#7059 = DIRECTION('',(-9.95799250103E-17,1.,0.));
#7060 = ORIENTED_EDGE('',*,*,#5898,.T.);
#7061 = ORIENTED_EDGE('',*,*,#7038,.F.);
#7062 = ORIENTED_EDGE('',*,*,#6089,.F.);
#7063 = PLANE('',#7064);
#7064 = AXIS2_PLACEMENT_3D('',#7065,#7066,#7067);
#7065 = CARTESIAN_POINT('',(-1.,0.5,0.));
#7066 = DIRECTION('',(1.,9.95799250103E-17,0.));
#7067 = DIRECTION('',(0.,-0.,1.));
#7068 = ADVANCED_FACE('',(#7069),#7080,.F.);
#7069 = FACE_BOUND('',#7070,.F.);
#7070 = EDGE_LOOP('',(#7071,#7077,#7078,#7079));
#7071 = ORIENTED_EDGE('',*,*,#7072,.T.);
#7072 = EDGE_CURVE('',#6073,#5882,#7073,.T.);
#7073 = LINE('',#7074,#7075);
#7074 = CARTESIAN_POINT('',(-0.975,0.5,0.));
#7075 = VECTOR('',#7076,1.);
#7076 = DIRECTION('',(-9.95799250103E-17,1.,0.));
#7077 = ORIENTED_EDGE('',*,*,#5890,.T.);
#7078 = ORIENTED_EDGE('',*,*,#7055,.F.);
#7079 = ORIENTED_EDGE('',*,*,#6081,.F.);
#7080 = PLANE('',#7081);
#7081 = AXIS2_PLACEMENT_3D('',#7082,#7083,#7084);
#7082 = CARTESIAN_POINT('',(-0.975,0.5,0.));
#7083 = DIRECTION('',(0.,0.,1.));
#7084 = DIRECTION('',(-1.,-9.95799250103E-17,0.));
#7085 = ADVANCED_FACE('',(#7086),#7092,.T.);
#7086 = FACE_BOUND('',#7087,.T.);
#7087 = EDGE_LOOP('',(#7088,#7089,#7090,#7091));
#7088 = ORIENTED_EDGE('',*,*,#6072,.T.);
#7089 = ORIENTED_EDGE('',*,*,#7072,.T.);
#7090 = ORIENTED_EDGE('',*,*,#5881,.F.);
#7091 = ORIENTED_EDGE('',*,*,#6139,.F.);
#7092 = CYLINDRICAL_SURFACE('',#7093,0.25);
#7093 = AXIS2_PLACEMENT_3D('',#7094,#7095,#7096);
#7094 = CARTESIAN_POINT('',(-0.975,0.5,0.25));
#7095 = DIRECTION('',(9.95799250103E-17,-1.,-0.));
#7096 = DIRECTION('',(1.,9.95799250103E-17,-2.22044604925E-16));
#7097 = ADVANCED_FACE('',(#7098),#7104,.F.);
#7098 = FACE_BOUND('',#7099,.F.);
#7099 = EDGE_LOOP('',(#7100,#7101,#7102,#7103));
#7100 = ORIENTED_EDGE('',*,*,#6344,.F.);
#7101 = ORIENTED_EDGE('',*,*,#6983,.T.);
#7102 = ORIENTED_EDGE('',*,*,#5946,.T.);
#7103 = ORIENTED_EDGE('',*,*,#6833,.F.);
#7104 = PLANE('',#7105);
#7105 = AXIS2_PLACEMENT_3D('',#7106,#7107,#7108);
#7106 = CARTESIAN_POINT('',(-0.625,0.5,0.65));
#7107 = DIRECTION('',(-0.,0.,-1.));
#7108 = DIRECTION('',(1.,9.95799250103E-17,0.));
#7109 = ADVANCED_FACE('',(#7110),#7121,.F.);
#7110 = FACE_BOUND('',#7111,.F.);
#7111 = EDGE_LOOP('',(#7112,#7113,#7119,#7120));
#7112 = ORIENTED_EDGE('',*,*,#6163,.F.);
#7113 = ORIENTED_EDGE('',*,*,#7114,.T.);
#7114 = EDGE_CURVE('',#5124,#5146,#7115,.T.);
#7115 = LINE('',#7116,#7117);
#7116 = CARTESIAN_POINT('',(-0.625,-0.15,0.65));
#7117 = VECTOR('',#7118,1.);
#7118 = DIRECTION('',(-9.95799250103E-17,1.,0.));
#7119 = ORIENTED_EDGE('',*,*,#6335,.T.);
#7120 = ORIENTED_EDGE('',*,*,#6826,.F.);
#7121 = PLANE('',#7122);
#7122 = AXIS2_PLACEMENT_3D('',#7123,#7124,#7125);
#7123 = CARTESIAN_POINT('',(-0.625,-0.15,0.65));
#7124 = DIRECTION('',(-0.,0.,-1.));
#7125 = DIRECTION('',(1.,9.95799250103E-17,0.));
#7126 = ADVANCED_FACE('',(#7127),#7138,.T.);
#7127 = FACE_BOUND('',#7128,.T.);
#7128 = EDGE_LOOP('',(#7129,#7130,#7131,#7132));
#7129 = ORIENTED_EDGE('',*,*,#6245,.T.);
#7130 = ORIENTED_EDGE('',*,*,#7114,.T.);
#7131 = ORIENTED_EDGE('',*,*,#6320,.F.);
#7132 = ORIENTED_EDGE('',*,*,#7133,.F.);
#7133 = EDGE_CURVE('',#6238,#6313,#7134,.T.);
#7134 = LINE('',#7135,#7136);
#7135 = CARTESIAN_POINT('',(-0.875,-0.15,0.4));
#7136 = VECTOR('',#7137,1.);
#7137 = DIRECTION('',(-9.95799250103E-17,1.,0.));
#7138 = CYLINDRICAL_SURFACE('',#7139,0.25);
#7139 = AXIS2_PLACEMENT_3D('',#7140,#7141,#7142);
#7140 = CARTESIAN_POINT('',(-0.625,-0.15,0.4));
#7141 = DIRECTION('',(9.95799250103E-17,-1.,-0.));
#7142 = DIRECTION('',(-1.,-9.95799250103E-17,4.440892098501E-16));
#7143 = ADVANCED_FACE('',(#7144),#7155,.F.);
#7144 = FACE_BOUND('',#7145,.F.);
#7145 = EDGE_LOOP('',(#7146,#7152,#7153,#7154));
#7146 = ORIENTED_EDGE('',*,*,#7147,.T.);
#7147 = EDGE_CURVE('',#6229,#6304,#7148,.T.);
#7148 = LINE('',#7149,#7150);
#7149 = CARTESIAN_POINT('',(-0.875,-0.15,0.25));
#7150 = VECTOR('',#7151,1.);
#7151 = DIRECTION('',(-9.95799250103E-17,1.,0.));
#7152 = ORIENTED_EDGE('',*,*,#6312,.T.);
#7153 = ORIENTED_EDGE('',*,*,#7133,.F.);
#7154 = ORIENTED_EDGE('',*,*,#6237,.F.);
#7155 = PLANE('',#7156);
#7156 = AXIS2_PLACEMENT_3D('',#7157,#7158,#7159);
#7157 = CARTESIAN_POINT('',(-0.875,-0.15,0.25));
#7158 = DIRECTION('',(1.,9.95799250103E-17,0.));
#7159 = DIRECTION('',(0.,-0.,1.));
#7160 = ADVANCED_FACE('',(#7161),#7172,.F.);
#7161 = FACE_BOUND('',#7162,.F.);
#7162 = EDGE_LOOP('',(#7163,#7169,#7170,#7171));
#7163 = ORIENTED_EDGE('',*,*,#7164,.T.);
#7164 = EDGE_CURVE('',#6221,#6296,#7165,.T.);
#7165 = LINE('',#7166,#7167);
#7166 = CARTESIAN_POINT('',(-0.975,-0.15,0.15));
#7167 = VECTOR('',#7168,1.);
#7168 = DIRECTION('',(-9.95799250103E-17,1.,0.));
#7169 = ORIENTED_EDGE('',*,*,#6303,.T.);
#7170 = ORIENTED_EDGE('',*,*,#7147,.F.);
#7171 = ORIENTED_EDGE('',*,*,#6228,.F.);
#7172 = CYLINDRICAL_SURFACE('',#7173,0.1);
#7173 = AXIS2_PLACEMENT_3D('',#7174,#7175,#7176);
#7174 = CARTESIAN_POINT('',(-0.975,-0.15,0.25));
#7175 = DIRECTION('',(9.95799250103E-17,-1.,0.));
#7176 = DIRECTION('',(0.,-0.,-1.));
#7177 = ADVANCED_FACE('',(#7178),#7189,.F.);
#7178 = FACE_BOUND('',#7179,.F.);
#7179 = EDGE_LOOP('',(#7180,#7186,#7187,#7188));
#7180 = ORIENTED_EDGE('',*,*,#7181,.T.);
#7181 = EDGE_CURVE('',#6213,#6288,#7182,.T.);
#7182 = LINE('',#7183,#7184);
#7183 = CARTESIAN_POINT('',(-1.,-0.15,0.15));
#7184 = VECTOR('',#7185,1.);
#7185 = DIRECTION('',(-9.95799250103E-17,1.,0.));
#7186 = ORIENTED_EDGE('',*,*,#6295,.T.);
#7187 = ORIENTED_EDGE('',*,*,#7164,.F.);
#7188 = ORIENTED_EDGE('',*,*,#6220,.F.);
#7189 = PLANE('',#7190);
#7190 = AXIS2_PLACEMENT_3D('',#7191,#7192,#7193);
#7191 = CARTESIAN_POINT('',(-1.,-0.15,0.15));
#7192 = DIRECTION('',(-0.,0.,-1.));
#7193 = DIRECTION('',(1.,9.95799250103E-17,0.));
#7194 = ADVANCED_FACE('',(#7195),#7206,.F.);
#7195 = FACE_BOUND('',#7196,.F.);
#7196 = EDGE_LOOP('',(#7197,#7203,#7204,#7205));
#7197 = ORIENTED_EDGE('',*,*,#7198,.T.);
#7198 = EDGE_CURVE('',#6205,#6280,#7199,.T.);
#7199 = LINE('',#7200,#7201);
#7200 = CARTESIAN_POINT('',(-1.,-0.15,0.));
#7201 = VECTOR('',#7202,1.);
#7202 = DIRECTION('',(-9.95799250103E-17,1.,0.));
#7203 = ORIENTED_EDGE('',*,*,#6287,.T.);
#7204 = ORIENTED_EDGE('',*,*,#7181,.F.);
#7205 = ORIENTED_EDGE('',*,*,#6212,.F.);
#7206 = PLANE('',#7207);
#7207 = AXIS2_PLACEMENT_3D('',#7208,#7209,#7210);
#7208 = CARTESIAN_POINT('',(-1.,-0.15,0.));
#7209 = DIRECTION('',(1.,9.95799250103E-17,0.));
#7210 = DIRECTION('',(0.,-0.,1.));
#7211 = ADVANCED_FACE('',(#7212),#7223,.F.);
#7212 = FACE_BOUND('',#7213,.F.);
#7213 = EDGE_LOOP('',(#7214,#7220,#7221,#7222));
#7214 = ORIENTED_EDGE('',*,*,#7215,.T.);
#7215 = EDGE_CURVE('',#6196,#6271,#7216,.T.);
#7216 = LINE('',#7217,#7218);
#7217 = CARTESIAN_POINT('',(-0.975,-0.15,0.));
#7218 = VECTOR('',#7219,1.);
#7219 = DIRECTION('',(-9.95799250103E-17,1.,0.));
#7220 = ORIENTED_EDGE('',*,*,#6279,.T.);
#7221 = ORIENTED_EDGE('',*,*,#7198,.F.);
#7222 = ORIENTED_EDGE('',*,*,#6204,.F.);
#7223 = PLANE('',#7224);
#7224 = AXIS2_PLACEMENT_3D('',#7225,#7226,#7227);
#7225 = CARTESIAN_POINT('',(-0.975,-0.15,0.));
#7226 = DIRECTION('',(0.,0.,1.));
#7227 = DIRECTION('',(-1.,-9.95799250103E-17,0.));
#7228 = ADVANCED_FACE('',(#7229),#7235,.T.);
#7229 = FACE_BOUND('',#7230,.T.);
#7230 = EDGE_LOOP('',(#7231,#7232,#7233,#7234));
#7231 = ORIENTED_EDGE('',*,*,#6195,.T.);
#7232 = ORIENTED_EDGE('',*,*,#7215,.T.);
#7233 = ORIENTED_EDGE('',*,*,#6270,.F.);
#7234 = ORIENTED_EDGE('',*,*,#6368,.F.);
#7235 = CYLINDRICAL_SURFACE('',#7236,0.25);
#7236 = AXIS2_PLACEMENT_3D('',#7237,#7238,#7239);
#7237 = CARTESIAN_POINT('',(-0.975,-0.15,0.25));
#7238 = DIRECTION('',(9.95799250103E-17,-1.,-0.));
#7239 = DIRECTION('',(1.,9.95799250103E-17,-2.22044604925E-16));
#7240 = ( GEOMETRIC_REPRESENTATION_CONTEXT(3) 
GLOBAL_UNCERTAINTY_ASSIGNED_CONTEXT((#7244)) 
GLOBAL_UNIT_ASSIGNED_CONTEXT((#7241,#7242,#7243)) REPRESENTATION_CONTEXT
('Context #1','3D Context with UNIT and UNCERTAINTY') );
#7241 = ( LENGTH_UNIT() NAMED_UNIT(*) SI_UNIT(.MILLI.,.METRE.) );
#7242 = ( NAMED_UNIT(*) PLANE_ANGLE_UNIT() SI_UNIT($,.RADIAN.) );
#7243 = ( NAMED_UNIT(*) SI_UNIT($,.STERADIAN.) SOLID_ANGLE_UNIT() );
#7244 = UNCERTAINTY_MEASURE_WITH_UNIT(LENGTH_MEASURE(2.E-06),#7241,
  'distance_accuracy_value','confusion accuracy');
#7245 = CONTEXT_DEPENDENT_SHAPE_REPRESENTATION(#7246,#7248);
#7246 = ( REPRESENTATION_RELATIONSHIP('','',#4333,#4310) 
REPRESENTATION_RELATIONSHIP_WITH_TRANSFORMATION(#7247) 
SHAPE_REPRESENTATION_RELATIONSHIP() );
#7247 = ITEM_DEFINED_TRANSFORMATION('','',#11,#4311);
#7248 = PRODUCT_DEFINITION_SHAPE('Placement','Placement of an item',
  #7249);
#7249 = NEXT_ASSEMBLY_USAGE_OCCURRENCE('9','=>[0:1:1:9]','',#4305,#4328,
  $);
#7250 = PRODUCT_RELATED_PRODUCT_CATEGORY('part',$,(#4330));
#7251 = CONTEXT_DEPENDENT_SHAPE_REPRESENTATION(#7252,#7254);
#7252 = ( REPRESENTATION_RELATIONSHIP('','',#3478,#10) 
REPRESENTATION_RELATIONSHIP_WITH_TRANSFORMATION(#7253) 
SHAPE_REPRESENTATION_RELATIONSHIP() );
#7253 = ITEM_DEFINED_TRANSFORMATION('','',#11,#39);
#7254 = PRODUCT_DEFINITION_SHAPE('Placement','Placement of an item',
  #7255);
#7255 = NEXT_ASSEMBLY_USAGE_OCCURRENCE('11','R2','',#5,#3473,$);
#7256 = CONTEXT_DEPENDENT_SHAPE_REPRESENTATION(#7257,#7259);
#7257 = ( REPRESENTATION_RELATIONSHIP('','',#76,#10) 
REPRESENTATION_RELATIONSHIP_WITH_TRANSFORMATION(#7258) 
SHAPE_REPRESENTATION_RELATIONSHIP() );
#7258 = ITEM_DEFINED_TRANSFORMATION('','',#11,#43);
#7259 = PRODUCT_DEFINITION_SHAPE('Placement','Placement of an item',
  #7260);
#7260 = NEXT_ASSEMBLY_USAGE_OCCURRENCE('12','C3','',#5,#71,$);
#7261 = CONTEXT_DEPENDENT_SHAPE_REPRESENTATION(#7262,#7264);
#7262 = ( REPRESENTATION_RELATIONSHIP('','',#3478,#10) 
REPRESENTATION_RELATIONSHIP_WITH_TRANSFORMATION(#7263) 
SHAPE_REPRESENTATION_RELATIONSHIP() );
#7263 = ITEM_DEFINED_TRANSFORMATION('','',#11,#47);
#7264 = PRODUCT_DEFINITION_SHAPE('Placement','Placement of an item',
  #7265);
#7265 = NEXT_ASSEMBLY_USAGE_OCCURRENCE('13','R3','',#5,#3473,$);
#7266 = CONTEXT_DEPENDENT_SHAPE_REPRESENTATION(#7267,#7269);
#7267 = ( REPRESENTATION_RELATIONSHIP('','',#76,#10) 
REPRESENTATION_RELATIONSHIP_WITH_TRANSFORMATION(#7268) 
SHAPE_REPRESENTATION_RELATIONSHIP() );
#7268 = ITEM_DEFINED_TRANSFORMATION('','',#11,#51);
#7269 = PRODUCT_DEFINITION_SHAPE('Placement','Placement of an item',
  #7270);
#7270 = NEXT_ASSEMBLY_USAGE_OCCURRENCE('14','EN0','',#5,#71,$);
#7271 = CONTEXT_DEPENDENT_SHAPE_REPRESENTATION(#7272,#7274);
#7272 = ( REPRESENTATION_RELATIONSHIP('','',#3478,#10) 
REPRESENTATION_RELATIONSHIP_WITH_TRANSFORMATION(#7273) 
SHAPE_REPRESENTATION_RELATIONSHIP() );
#7273 = ITEM_DEFINED_TRANSFORMATION('','',#11,#55);
#7274 = PRODUCT_DEFINITION_SHAPE('Placement','Placement of an item',
  #7275);
#7275 = NEXT_ASSEMBLY_USAGE_OCCURRENCE('15','R4','',#5,#3473,$);
#7276 = SHAPE_DEFINITION_REPRESENTATION(#7277,#7283);
#7277 = PRODUCT_DEFINITION_SHAPE('','',#7278);
#7278 = PRODUCT_DEFINITION('design','',#7279,#7282);
#7279 = PRODUCT_DEFINITION_FORMATION('','',#7280);
#7280 = PRODUCT('TP100_PCB','TP100_PCB','',(#7281));
#7281 = PRODUCT_CONTEXT('',#2,'mechanical');
#7282 = PRODUCT_DEFINITION_CONTEXT('part definition',#2,'design');
#7283 = ADVANCED_BREP_SHAPE_REPRESENTATION('',(#11,#7284),#7668);
#7284 = MANIFOLD_SOLID_BREP('',#7285);
#7285 = CLOSED_SHELL('',(#7286,#7326,#7357,#7388,#7471,#7554,#7566,#7583
    ,#7600,#7617,#7634,#7651));
#7286 = ADVANCED_FACE('',(#7287),#7321,.T.);
#7287 = FACE_BOUND('',#7288,.T.);
#7288 = EDGE_LOOP('',(#7289,#7299,#7307,#7315));
#7289 = ORIENTED_EDGE('',*,*,#7290,.T.);
#7290 = EDGE_CURVE('',#7291,#7293,#7295,.T.);
#7291 = VERTEX_POINT('',#7292);
#7292 = CARTESIAN_POINT('',(166.1017,-102.94,0.));
#7293 = VERTEX_POINT('',#7294);
#7294 = CARTESIAN_POINT('',(166.1017,-102.94,1.6));
#7295 = LINE('',#7296,#7297);
#7296 = CARTESIAN_POINT('',(166.1017,-102.94,0.));
#7297 = VECTOR('',#7298,1.);
#7298 = DIRECTION('',(0.,0.,1.));
#7299 = ORIENTED_EDGE('',*,*,#7300,.T.);
#7300 = EDGE_CURVE('',#7293,#7301,#7303,.T.);
#7301 = VERTEX_POINT('',#7302);
#7302 = CARTESIAN_POINT('',(135.1017,-102.94,1.6));
#7303 = LINE('',#7304,#7305);
#7304 = CARTESIAN_POINT('',(166.1017,-102.94,1.6));
#7305 = VECTOR('',#7306,1.);
#7306 = DIRECTION('',(-1.,0.,0.));
#7307 = ORIENTED_EDGE('',*,*,#7308,.F.);
#7308 = EDGE_CURVE('',#7309,#7301,#7311,.T.);
#7309 = VERTEX_POINT('',#7310);
#7310 = CARTESIAN_POINT('',(135.1017,-102.94,0.));
#7311 = LINE('',#7312,#7313);
#7312 = CARTESIAN_POINT('',(135.1017,-102.94,0.));
#7313 = VECTOR('',#7314,1.);
#7314 = DIRECTION('',(0.,0.,1.));
#7315 = ORIENTED_EDGE('',*,*,#7316,.F.);
#7316 = EDGE_CURVE('',#7291,#7309,#7317,.T.);
#7317 = LINE('',#7318,#7319);
#7318 = CARTESIAN_POINT('',(166.1017,-102.94,0.));
#7319 = VECTOR('',#7320,1.);
#7320 = DIRECTION('',(-1.,0.,0.));
#7321 = PLANE('',#7322);
#7322 = AXIS2_PLACEMENT_3D('',#7323,#7324,#7325);
#7323 = CARTESIAN_POINT('',(166.1017,-102.94,0.));
#7324 = DIRECTION('',(0.,-1.,0.));
#7325 = DIRECTION('',(-1.,0.,0.));
#7326 = ADVANCED_FACE('',(#7327),#7352,.T.);
#7327 = FACE_BOUND('',#7328,.T.);
#7328 = EDGE_LOOP('',(#7329,#7339,#7345,#7346));
#7329 = ORIENTED_EDGE('',*,*,#7330,.T.);
#7330 = EDGE_CURVE('',#7331,#7333,#7335,.T.);
#7331 = VERTEX_POINT('',#7332);
#7332 = CARTESIAN_POINT('',(166.1017,-84.44,0.));
#7333 = VERTEX_POINT('',#7334);
#7334 = CARTESIAN_POINT('',(166.1017,-84.44,1.6));
#7335 = LINE('',#7336,#7337);
#7336 = CARTESIAN_POINT('',(166.1017,-84.44,0.));
#7337 = VECTOR('',#7338,1.);
#7338 = DIRECTION('',(0.,0.,1.));
#7339 = ORIENTED_EDGE('',*,*,#7340,.T.);
#7340 = EDGE_CURVE('',#7333,#7293,#7341,.T.);
#7341 = LINE('',#7342,#7343);
#7342 = CARTESIAN_POINT('',(166.1017,-84.44,1.6));
#7343 = VECTOR('',#7344,1.);
#7344 = DIRECTION('',(0.,-1.,0.));
#7345 = ORIENTED_EDGE('',*,*,#7290,.F.);
#7346 = ORIENTED_EDGE('',*,*,#7347,.F.);
#7347 = EDGE_CURVE('',#7331,#7291,#7348,.T.);
#7348 = LINE('',#7349,#7350);
#7349 = CARTESIAN_POINT('',(166.1017,-84.44,0.));
#7350 = VECTOR('',#7351,1.);
#7351 = DIRECTION('',(0.,-1.,0.));
#7352 = PLANE('',#7353);
#7353 = AXIS2_PLACEMENT_3D('',#7354,#7355,#7356);
#7354 = CARTESIAN_POINT('',(166.1017,-84.44,0.));
#7355 = DIRECTION('',(1.,0.,-0.));
#7356 = DIRECTION('',(0.,-1.,0.));
#7357 = ADVANCED_FACE('',(#7358),#7383,.T.);
#7358 = FACE_BOUND('',#7359,.T.);
#7359 = EDGE_LOOP('',(#7360,#7361,#7369,#7377));
#7360 = ORIENTED_EDGE('',*,*,#7308,.T.);
#7361 = ORIENTED_EDGE('',*,*,#7362,.T.);
#7362 = EDGE_CURVE('',#7301,#7363,#7365,.T.);
#7363 = VERTEX_POINT('',#7364);
#7364 = CARTESIAN_POINT('',(135.1017,-84.44,1.6));
#7365 = LINE('',#7366,#7367);
#7366 = CARTESIAN_POINT('',(135.1017,-102.94,1.6));
#7367 = VECTOR('',#7368,1.);
#7368 = DIRECTION('',(0.,1.,0.));
#7369 = ORIENTED_EDGE('',*,*,#7370,.F.);
#7370 = EDGE_CURVE('',#7371,#7363,#7373,.T.);
#7371 = VERTEX_POINT('',#7372);
#7372 = CARTESIAN_POINT('',(135.1017,-84.44,0.));
#7373 = LINE('',#7374,#7375);
#7374 = CARTESIAN_POINT('',(135.1017,-84.44,0.));
#7375 = VECTOR('',#7376,1.);
#7376 = DIRECTION('',(0.,0.,1.));
#7377 = ORIENTED_EDGE('',*,*,#7378,.F.);
#7378 = EDGE_CURVE('',#7309,#7371,#7379,.T.);
#7379 = LINE('',#7380,#7381);
#7380 = CARTESIAN_POINT('',(135.1017,-102.94,0.));
#7381 = VECTOR('',#7382,1.);
#7382 = DIRECTION('',(0.,1.,0.));
#7383 = PLANE('',#7384);
#7384 = AXIS2_PLACEMENT_3D('',#7385,#7386,#7387);
#7385 = CARTESIAN_POINT('',(135.1017,-102.94,0.));
#7386 = DIRECTION('',(-1.,0.,0.));
#7387 = DIRECTION('',(0.,1.,0.));
#7388 = ADVANCED_FACE('',(#7389,#7400,#7411,#7422,#7433,#7444,#7455),
  #7466,.F.);
#7389 = FACE_BOUND('',#7390,.F.);
#7390 = EDGE_LOOP('',(#7391,#7392,#7393,#7399));
#7391 = ORIENTED_EDGE('',*,*,#7316,.F.);
#7392 = ORIENTED_EDGE('',*,*,#7347,.F.);
#7393 = ORIENTED_EDGE('',*,*,#7394,.F.);
#7394 = EDGE_CURVE('',#7371,#7331,#7395,.T.);
#7395 = LINE('',#7396,#7397);
#7396 = CARTESIAN_POINT('',(135.1017,-84.44,0.));
#7397 = VECTOR('',#7398,1.);
#7398 = DIRECTION('',(1.,0.,0.));
#7399 = ORIENTED_EDGE('',*,*,#7378,.F.);
#7400 = FACE_BOUND('',#7401,.F.);
#7401 = EDGE_LOOP('',(#7402));
#7402 = ORIENTED_EDGE('',*,*,#7403,.T.);
#7403 = EDGE_CURVE('',#7404,#7404,#7406,.T.);
#7404 = VERTEX_POINT('',#7405);
#7405 = CARTESIAN_POINT('',(139.1017,-99.47,0.));
#7406 = CIRCLE('',#7407,0.7);
#7407 = AXIS2_PLACEMENT_3D('',#7408,#7409,#7410);
#7408 = CARTESIAN_POINT('',(139.1017,-98.77,0.));
#7409 = DIRECTION('',(-0.,0.,-1.));
#7410 = DIRECTION('',(-0.,-1.,0.));
#7411 = FACE_BOUND('',#7412,.F.);
#7412 = EDGE_LOOP('',(#7413));
#7413 = ORIENTED_EDGE('',*,*,#7414,.T.);
#7414 = EDGE_CURVE('',#7415,#7415,#7417,.T.);
#7415 = VERTEX_POINT('',#7416);
#7416 = CARTESIAN_POINT('',(161.0517,-100.54,0.));
#7417 = CIRCLE('',#7418,0.5);
#7418 = AXIS2_PLACEMENT_3D('',#7419,#7420,#7421);
#7419 = CARTESIAN_POINT('',(161.0517,-100.04,0.));
#7420 = DIRECTION('',(-0.,0.,-1.));
#7421 = DIRECTION('',(-0.,-1.,0.));
#7422 = FACE_BOUND('',#7423,.F.);
#7423 = EDGE_LOOP('',(#7424));
#7424 = ORIENTED_EDGE('',*,*,#7425,.T.);
#7425 = EDGE_CURVE('',#7426,#7426,#7428,.T.);
#7426 = VERTEX_POINT('',#7427);
#7427 = CARTESIAN_POINT('',(161.0517,-98.04,0.));
#7428 = CIRCLE('',#7429,0.5);
#7429 = AXIS2_PLACEMENT_3D('',#7430,#7431,#7432);
#7430 = CARTESIAN_POINT('',(161.0517,-97.54,0.));
#7431 = DIRECTION('',(-0.,0.,-1.));
#7432 = DIRECTION('',(-0.,-1.,0.));
#7433 = FACE_BOUND('',#7434,.F.);
#7434 = EDGE_LOOP('',(#7435));
#7435 = ORIENTED_EDGE('',*,*,#7436,.T.);
#7436 = EDGE_CURVE('',#7437,#7437,#7439,.T.);
#7437 = VERTEX_POINT('',#7438);
#7438 = CARTESIAN_POINT('',(161.0517,-95.54,0.));
#7439 = CIRCLE('',#7440,0.5);
#7440 = AXIS2_PLACEMENT_3D('',#7441,#7442,#7443);
#7441 = CARTESIAN_POINT('',(161.0517,-95.04,0.));
#7442 = DIRECTION('',(-0.,0.,-1.));
#7443 = DIRECTION('',(-0.,-1.,0.));
#7444 = FACE_BOUND('',#7445,.F.);
#7445 = EDGE_LOOP('',(#7446));
#7446 = ORIENTED_EDGE('',*,*,#7447,.T.);
#7447 = EDGE_CURVE('',#7448,#7448,#7450,.T.);
#7448 = VERTEX_POINT('',#7449);
#7449 = CARTESIAN_POINT('',(139.1017,-94.39,0.));
#7450 = CIRCLE('',#7451,0.7);
#7451 = AXIS2_PLACEMENT_3D('',#7452,#7453,#7454);
#7452 = CARTESIAN_POINT('',(139.1017,-93.69,0.));
#7453 = DIRECTION('',(-0.,0.,-1.));
#7454 = DIRECTION('',(-0.,-1.,0.));
#7455 = FACE_BOUND('',#7456,.F.);
#7456 = EDGE_LOOP('',(#7457));
#7457 = ORIENTED_EDGE('',*,*,#7458,.T.);
#7458 = EDGE_CURVE('',#7459,#7459,#7461,.T.);
#7459 = VERTEX_POINT('',#7460);
#7460 = CARTESIAN_POINT('',(139.1017,-89.31,0.));
#7461 = CIRCLE('',#7462,0.7);
#7462 = AXIS2_PLACEMENT_3D('',#7463,#7464,#7465);
#7463 = CARTESIAN_POINT('',(139.1017,-88.61,0.));
#7464 = DIRECTION('',(-0.,0.,-1.));
#7465 = DIRECTION('',(-0.,-1.,0.));
#7466 = PLANE('',#7467);
#7467 = AXIS2_PLACEMENT_3D('',#7468,#7469,#7470);
#7468 = CARTESIAN_POINT('',(0.,0.,0.));
#7469 = DIRECTION('',(0.,0.,1.));
#7470 = DIRECTION('',(1.,0.,-0.));
#7471 = ADVANCED_FACE('',(#7472,#7483,#7494,#7505,#7516,#7527,#7538),
  #7549,.T.);
#7472 = FACE_BOUND('',#7473,.T.);
#7473 = EDGE_LOOP('',(#7474,#7475,#7476,#7482));
#7474 = ORIENTED_EDGE('',*,*,#7300,.F.);
#7475 = ORIENTED_EDGE('',*,*,#7340,.F.);
#7476 = ORIENTED_EDGE('',*,*,#7477,.F.);
#7477 = EDGE_CURVE('',#7363,#7333,#7478,.T.);
#7478 = LINE('',#7479,#7480);
#7479 = CARTESIAN_POINT('',(135.1017,-84.44,1.6));
#7480 = VECTOR('',#7481,1.);
#7481 = DIRECTION('',(1.,0.,0.));
#7482 = ORIENTED_EDGE('',*,*,#7362,.F.);
#7483 = FACE_BOUND('',#7484,.T.);
#7484 = EDGE_LOOP('',(#7485));
#7485 = ORIENTED_EDGE('',*,*,#7486,.T.);
#7486 = EDGE_CURVE('',#7487,#7487,#7489,.T.);
#7487 = VERTEX_POINT('',#7488);
#7488 = CARTESIAN_POINT('',(139.1017,-99.47,1.6));
#7489 = CIRCLE('',#7490,0.7);
#7490 = AXIS2_PLACEMENT_3D('',#7491,#7492,#7493);
#7491 = CARTESIAN_POINT('',(139.1017,-98.77,1.6));
#7492 = DIRECTION('',(-0.,0.,-1.));
#7493 = DIRECTION('',(-0.,-1.,0.));
#7494 = FACE_BOUND('',#7495,.T.);
#7495 = EDGE_LOOP('',(#7496));
#7496 = ORIENTED_EDGE('',*,*,#7497,.T.);
#7497 = EDGE_CURVE('',#7498,#7498,#7500,.T.);
#7498 = VERTEX_POINT('',#7499);
#7499 = CARTESIAN_POINT('',(161.0517,-100.54,1.6));
#7500 = CIRCLE('',#7501,0.5);
#7501 = AXIS2_PLACEMENT_3D('',#7502,#7503,#7504);
#7502 = CARTESIAN_POINT('',(161.0517,-100.04,1.6));
#7503 = DIRECTION('',(-0.,0.,-1.));
#7504 = DIRECTION('',(-0.,-1.,0.));
#7505 = FACE_BOUND('',#7506,.T.);
#7506 = EDGE_LOOP('',(#7507));
#7507 = ORIENTED_EDGE('',*,*,#7508,.T.);
#7508 = EDGE_CURVE('',#7509,#7509,#7511,.T.);
#7509 = VERTEX_POINT('',#7510);
#7510 = CARTESIAN_POINT('',(161.0517,-98.04,1.6));
#7511 = CIRCLE('',#7512,0.5);
#7512 = AXIS2_PLACEMENT_3D('',#7513,#7514,#7515);
#7513 = CARTESIAN_POINT('',(161.0517,-97.54,1.6));
#7514 = DIRECTION('',(-0.,0.,-1.));
#7515 = DIRECTION('',(-0.,-1.,0.));
#7516 = FACE_BOUND('',#7517,.T.);
#7517 = EDGE_LOOP('',(#7518));
#7518 = ORIENTED_EDGE('',*,*,#7519,.T.);
#7519 = EDGE_CURVE('',#7520,#7520,#7522,.T.);
#7520 = VERTEX_POINT('',#7521);
#7521 = CARTESIAN_POINT('',(161.0517,-95.54,1.6));
#7522 = CIRCLE('',#7523,0.5);
#7523 = AXIS2_PLACEMENT_3D('',#7524,#7525,#7526);
#7524 = CARTESIAN_POINT('',(161.0517,-95.04,1.6));
#7525 = DIRECTION('',(-0.,0.,-1.));
#7526 = DIRECTION('',(-0.,-1.,0.));
#7527 = FACE_BOUND('',#7528,.T.);
#7528 = EDGE_LOOP('',(#7529));
#7529 = ORIENTED_EDGE('',*,*,#7530,.T.);
#7530 = EDGE_CURVE('',#7531,#7531,#7533,.T.);
#7531 = VERTEX_POINT('',#7532);
#7532 = CARTESIAN_POINT('',(139.1017,-94.39,1.6));
#7533 = CIRCLE('',#7534,0.7);
#7534 = AXIS2_PLACEMENT_3D('',#7535,#7536,#7537);
#7535 = CARTESIAN_POINT('',(139.1017,-93.69,1.6));
#7536 = DIRECTION('',(-0.,0.,-1.));
#7537 = DIRECTION('',(-0.,-1.,0.));
#7538 = FACE_BOUND('',#7539,.T.);
#7539 = EDGE_LOOP('',(#7540));
#7540 = ORIENTED_EDGE('',*,*,#7541,.T.);
#7541 = EDGE_CURVE('',#7542,#7542,#7544,.T.);
#7542 = VERTEX_POINT('',#7543);
#7543 = CARTESIAN_POINT('',(139.1017,-89.31,1.6));
#7544 = CIRCLE('',#7545,0.7);
#7545 = AXIS2_PLACEMENT_3D('',#7546,#7547,#7548);
#7546 = CARTESIAN_POINT('',(139.1017,-88.61,1.6));
#7547 = DIRECTION('',(-0.,0.,-1.));
#7548 = DIRECTION('',(-0.,-1.,0.));
#7549 = PLANE('',#7550);
#7550 = AXIS2_PLACEMENT_3D('',#7551,#7552,#7553);
#7551 = CARTESIAN_POINT('',(0.,0.,1.6));
#7552 = DIRECTION('',(0.,0.,1.));
#7553 = DIRECTION('',(1.,0.,-0.));
#7554 = ADVANCED_FACE('',(#7555),#7561,.T.);
#7555 = FACE_BOUND('',#7556,.T.);
#7556 = EDGE_LOOP('',(#7557,#7558,#7559,#7560));
#7557 = ORIENTED_EDGE('',*,*,#7370,.T.);
#7558 = ORIENTED_EDGE('',*,*,#7477,.T.);
#7559 = ORIENTED_EDGE('',*,*,#7330,.F.);
#7560 = ORIENTED_EDGE('',*,*,#7394,.F.);
#7561 = PLANE('',#7562);
#7562 = AXIS2_PLACEMENT_3D('',#7563,#7564,#7565);
#7563 = CARTESIAN_POINT('',(135.1017,-84.44,0.));
#7564 = DIRECTION('',(0.,1.,0.));
#7565 = DIRECTION('',(1.,0.,0.));
#7566 = ADVANCED_FACE('',(#7567),#7578,.F.);
#7567 = FACE_BOUND('',#7568,.T.);
#7568 = EDGE_LOOP('',(#7569,#7570,#7576,#7577));
#7569 = ORIENTED_EDGE('',*,*,#7403,.T.);
#7570 = ORIENTED_EDGE('',*,*,#7571,.T.);
#7571 = EDGE_CURVE('',#7404,#7487,#7572,.T.);
#7572 = LINE('',#7573,#7574);
#7573 = CARTESIAN_POINT('',(139.1017,-99.47,-4.5E-02));
#7574 = VECTOR('',#7575,1.);
#7575 = DIRECTION('',(0.,0.,1.));
#7576 = ORIENTED_EDGE('',*,*,#7486,.F.);
#7577 = ORIENTED_EDGE('',*,*,#7571,.F.);
#7578 = CYLINDRICAL_SURFACE('',#7579,0.7);
#7579 = AXIS2_PLACEMENT_3D('',#7580,#7581,#7582);
#7580 = CARTESIAN_POINT('',(139.1017,-98.77,-4.5E-02));
#7581 = DIRECTION('',(-0.,-0.,-1.));
#7582 = DIRECTION('',(-0.,-1.,0.));
#7583 = ADVANCED_FACE('',(#7584),#7595,.F.);
#7584 = FACE_BOUND('',#7585,.T.);
#7585 = EDGE_LOOP('',(#7586,#7587,#7593,#7594));
#7586 = ORIENTED_EDGE('',*,*,#7414,.T.);
#7587 = ORIENTED_EDGE('',*,*,#7588,.T.);
#7588 = EDGE_CURVE('',#7415,#7498,#7589,.T.);
#7589 = LINE('',#7590,#7591);
#7590 = CARTESIAN_POINT('',(161.0517,-100.54,-4.5E-02));
#7591 = VECTOR('',#7592,1.);
#7592 = DIRECTION('',(0.,0.,1.));
#7593 = ORIENTED_EDGE('',*,*,#7497,.F.);
#7594 = ORIENTED_EDGE('',*,*,#7588,.F.);
#7595 = CYLINDRICAL_SURFACE('',#7596,0.5);
#7596 = AXIS2_PLACEMENT_3D('',#7597,#7598,#7599);
#7597 = CARTESIAN_POINT('',(161.0517,-100.04,-4.5E-02));
#7598 = DIRECTION('',(-0.,-0.,-1.));
#7599 = DIRECTION('',(-0.,-1.,0.));
#7600 = ADVANCED_FACE('',(#7601),#7612,.F.);
#7601 = FACE_BOUND('',#7602,.T.);
#7602 = EDGE_LOOP('',(#7603,#7604,#7610,#7611));
#7603 = ORIENTED_EDGE('',*,*,#7425,.T.);
#7604 = ORIENTED_EDGE('',*,*,#7605,.T.);
#7605 = EDGE_CURVE('',#7426,#7509,#7606,.T.);
#7606 = LINE('',#7607,#7608);
#7607 = CARTESIAN_POINT('',(161.0517,-98.04,-4.5E-02));
#7608 = VECTOR('',#7609,1.);
#7609 = DIRECTION('',(0.,0.,1.));
#7610 = ORIENTED_EDGE('',*,*,#7508,.F.);
#7611 = ORIENTED_EDGE('',*,*,#7605,.F.);
#7612 = CYLINDRICAL_SURFACE('',#7613,0.5);
#7613 = AXIS2_PLACEMENT_3D('',#7614,#7615,#7616);
#7614 = CARTESIAN_POINT('',(161.0517,-97.54,-4.5E-02));
#7615 = DIRECTION('',(-0.,-0.,-1.));
#7616 = DIRECTION('',(-0.,-1.,0.));
#7617 = ADVANCED_FACE('',(#7618),#7629,.F.);
#7618 = FACE_BOUND('',#7619,.T.);
#7619 = EDGE_LOOP('',(#7620,#7621,#7627,#7628));
#7620 = ORIENTED_EDGE('',*,*,#7436,.T.);
#7621 = ORIENTED_EDGE('',*,*,#7622,.T.);
#7622 = EDGE_CURVE('',#7437,#7520,#7623,.T.);
#7623 = LINE('',#7624,#7625);
#7624 = CARTESIAN_POINT('',(161.0517,-95.54,-4.5E-02));
#7625 = VECTOR('',#7626,1.);
#7626 = DIRECTION('',(0.,0.,1.));
#7627 = ORIENTED_EDGE('',*,*,#7519,.F.);
#7628 = ORIENTED_EDGE('',*,*,#7622,.F.);
#7629 = CYLINDRICAL_SURFACE('',#7630,0.5);
#7630 = AXIS2_PLACEMENT_3D('',#7631,#7632,#7633);
#7631 = CARTESIAN_POINT('',(161.0517,-95.04,-4.5E-02));
#7632 = DIRECTION('',(-0.,-0.,-1.));
#7633 = DIRECTION('',(-0.,-1.,0.));
#7634 = ADVANCED_FACE('',(#7635),#7646,.F.);
#7635 = FACE_BOUND('',#7636,.T.);
#7636 = EDGE_LOOP('',(#7637,#7638,#7644,#7645));
#7637 = ORIENTED_EDGE('',*,*,#7447,.T.);
#7638 = ORIENTED_EDGE('',*,*,#7639,.T.);
#7639 = EDGE_CURVE('',#7448,#7531,#7640,.T.);
#7640 = LINE('',#7641,#7642);
#7641 = CARTESIAN_POINT('',(139.1017,-94.39,-4.5E-02));
#7642 = VECTOR('',#7643,1.);
#7643 = DIRECTION('',(0.,0.,1.));
#7644 = ORIENTED_EDGE('',*,*,#7530,.F.);
#7645 = ORIENTED_EDGE('',*,*,#7639,.F.);
#7646 = CYLINDRICAL_SURFACE('',#7647,0.7);
#7647 = AXIS2_PLACEMENT_3D('',#7648,#7649,#7650);
#7648 = CARTESIAN_POINT('',(139.1017,-93.69,-4.5E-02));
#7649 = DIRECTION('',(-0.,-0.,-1.));
#7650 = DIRECTION('',(-0.,-1.,0.));
#7651 = ADVANCED_FACE('',(#7652),#7663,.F.);
#7652 = FACE_BOUND('',#7653,.T.);
#7653 = EDGE_LOOP('',(#7654,#7655,#7661,#7662));
#7654 = ORIENTED_EDGE('',*,*,#7458,.T.);
#7655 = ORIENTED_EDGE('',*,*,#7656,.T.);
#7656 = EDGE_CURVE('',#7459,#7542,#7657,.T.);
#7657 = LINE('',#7658,#7659);
#7658 = CARTESIAN_POINT('',(139.1017,-89.31,-4.5E-02));
#7659 = VECTOR('',#7660,1.);
#7660 = DIRECTION('',(0.,0.,1.));
#7661 = ORIENTED_EDGE('',*,*,#7541,.F.);
#7662 = ORIENTED_EDGE('',*,*,#7656,.F.);
#7663 = CYLINDRICAL_SURFACE('',#7664,0.7);
#7664 = AXIS2_PLACEMENT_3D('',#7665,#7666,#7667);
#7665 = CARTESIAN_POINT('',(139.1017,-88.61,-4.5E-02));
#7666 = DIRECTION('',(-0.,-0.,-1.));
#7667 = DIRECTION('',(-0.,-1.,0.));
#7668 = ( GEOMETRIC_REPRESENTATION_CONTEXT(3) 
GLOBAL_UNCERTAINTY_ASSIGNED_CONTEXT((#7672)) 
GLOBAL_UNIT_ASSIGNED_CONTEXT((#7669,#7670,#7671)) REPRESENTATION_CONTEXT
('Context #1','3D Context with UNIT and UNCERTAINTY') );
#7669 = ( LENGTH_UNIT() NAMED_UNIT(*) SI_UNIT(.MILLI.,.METRE.) );
#7670 = ( NAMED_UNIT(*) PLANE_ANGLE_UNIT() SI_UNIT($,.RADIAN.) );
#7671 = ( NAMED_UNIT(*) SI_UNIT($,.STERADIAN.) SOLID_ANGLE_UNIT() );
#7672 = UNCERTAINTY_MEASURE_WITH_UNIT(LENGTH_MEASURE(1.E-07),#7669,
  'distance_accuracy_value','confusion accuracy');
#7673 = CONTEXT_DEPENDENT_SHAPE_REPRESENTATION(#7674,#7676);
#7674 = ( REPRESENTATION_RELATIONSHIP('','',#7283,#10) 
REPRESENTATION_RELATIONSHIP_WITH_TRANSFORMATION(#7675) 
SHAPE_REPRESENTATION_RELATIONSHIP() );
#7675 = ITEM_DEFINED_TRANSFORMATION('','',#11,#59);
#7676 = PRODUCT_DEFINITION_SHAPE('Placement','Placement of an item',
  #7677);
#7677 = NEXT_ASSEMBLY_USAGE_OCCURRENCE('16','=>[0:1:1:10]','',#5,#7278,$
  );
#7678 = PRODUCT_RELATED_PRODUCT_CATEGORY('part',$,(#7280));
#7679 = MECHANICAL_DESIGN_GEOMETRIC_PRESENTATION_REPRESENTATION('',(
    #7680,#7688,#7695,#7702,#7709,#7716,#7723,#7730,#7737,#7744,#7751,
    #7758,#7765,#7772,#7779,#7786,#7794,#7801,#7808,#7815,#7822,#7829,
    #7836,#7843,#7850,#7857,#7864,#7871,#7878,#7885,#7892,#7899,#7906,
    #7913,#7920,#7927,#7934,#7941,#7948,#7955,#7962,#7969,#7976,#7983,
    #7990,#7997,#8004,#8011,#8018,#8025,#8032,#8039,#8046,#8053,#8060,
    #8067,#8074,#8081,#8088,#8095,#8102,#8109,#8116,#8123,#8130,#8137,
    #8144,#8151,#8158,#8165,#8172,#8179,#8186,#8193,#8200,#8207,#8214,
    #8221,#8228,#8235,#8242,#8249,#8256,#8263,#8270,#8277,#8284,#8291,
    #8298,#8305,#8312,#8319,#8326,#8333,#8340,#8347,#8354,#8361,#8368,
    #8375,#8382,#8389,#8396,#8403),#7240);
#7680 = STYLED_ITEM('color',(#7681),#4336);
#7681 = PRESENTATION_STYLE_ASSIGNMENT((#7682));
#7682 = SURFACE_STYLE_USAGE(.BOTH.,#7683);
#7683 = SURFACE_SIDE_STYLE('',(#7684));
#7684 = SURFACE_STYLE_FILL_AREA(#7685);
#7685 = FILL_AREA_STYLE('',(#7686));
#7686 = FILL_AREA_STYLE_COLOUR('',#7687);
#7687 = COLOUR_RGB('',0.145098047169,0.14117647753,0.14117647753);
#7688 = STYLED_ITEM('color',(#7689),#4374);
#7689 = PRESENTATION_STYLE_ASSIGNMENT((#7690));
#7690 = SURFACE_STYLE_USAGE(.BOTH.,#7691);
#7691 = SURFACE_SIDE_STYLE('',(#7692));
#7692 = SURFACE_STYLE_FILL_AREA(#7693);
#7693 = FILL_AREA_STYLE('',(#7694));
#7694 = FILL_AREA_STYLE_COLOUR('',#7687);
#7695 = STYLED_ITEM('color',(#7696),#4437);
#7696 = PRESENTATION_STYLE_ASSIGNMENT((#7697));
#7697 = SURFACE_STYLE_USAGE(.BOTH.,#7698);
#7698 = SURFACE_SIDE_STYLE('',(#7699));
#7699 = SURFACE_STYLE_FILL_AREA(#7700);
#7700 = FILL_AREA_STYLE('',(#7701));
#7701 = FILL_AREA_STYLE_COLOUR('',#7687);
#7702 = STYLED_ITEM('color',(#7703),#4460);
#7703 = PRESENTATION_STYLE_ASSIGNMENT((#7704));
#7704 = SURFACE_STYLE_USAGE(.BOTH.,#7705);
#7705 = SURFACE_SIDE_STYLE('',(#7706));
#7706 = SURFACE_STYLE_FILL_AREA(#7707);
#7707 = FILL_AREA_STYLE('',(#7708));
#7708 = FILL_AREA_STYLE_COLOUR('',#7687);
#7709 = STYLED_ITEM('color',(#7710),#4489);
#7710 = PRESENTATION_STYLE_ASSIGNMENT((#7711));
#7711 = SURFACE_STYLE_USAGE(.BOTH.,#7712);
#7712 = SURFACE_SIDE_STYLE('',(#7713));
#7713 = SURFACE_STYLE_FILL_AREA(#7714);
#7714 = FILL_AREA_STYLE('',(#7715));
#7715 = FILL_AREA_STYLE_COLOUR('',#7687);
#7716 = STYLED_ITEM('color',(#7717),#4512);
#7717 = PRESENTATION_STYLE_ASSIGNMENT((#7718));
#7718 = SURFACE_STYLE_USAGE(.BOTH.,#7719);
#7719 = SURFACE_SIDE_STYLE('',(#7720));
#7720 = SURFACE_STYLE_FILL_AREA(#7721);
#7721 = FILL_AREA_STYLE('',(#7722));
#7722 = FILL_AREA_STYLE_COLOUR('',#7687);
#7723 = STYLED_ITEM('color',(#7724),#4567);
#7724 = PRESENTATION_STYLE_ASSIGNMENT((#7725));
#7725 = SURFACE_STYLE_USAGE(.BOTH.,#7726);
#7726 = SURFACE_SIDE_STYLE('',(#7727));
#7727 = SURFACE_STYLE_FILL_AREA(#7728);
#7728 = FILL_AREA_STYLE('',(#7729));
#7729 = FILL_AREA_STYLE_COLOUR('',#7687);
#7730 = STYLED_ITEM('color',(#7731),#4590);
#7731 = PRESENTATION_STYLE_ASSIGNMENT((#7732));
#7732 = SURFACE_STYLE_USAGE(.BOTH.,#7733);
#7733 = SURFACE_SIDE_STYLE('',(#7734));
#7734 = SURFACE_STYLE_FILL_AREA(#7735);
#7735 = FILL_AREA_STYLE('',(#7736));
#7736 = FILL_AREA_STYLE_COLOUR('',#7687);
#7737 = STYLED_ITEM('color',(#7738),#4613);
#7738 = PRESENTATION_STYLE_ASSIGNMENT((#7739));
#7739 = SURFACE_STYLE_USAGE(.BOTH.,#7740);
#7740 = SURFACE_SIDE_STYLE('',(#7741));
#7741 = SURFACE_STYLE_FILL_AREA(#7742);
#7742 = FILL_AREA_STYLE('',(#7743));
#7743 = FILL_AREA_STYLE_COLOUR('',#7687);
#7744 = STYLED_ITEM('color',(#7745),#4636);
#7745 = PRESENTATION_STYLE_ASSIGNMENT((#7746));
#7746 = SURFACE_STYLE_USAGE(.BOTH.,#7747);
#7747 = SURFACE_SIDE_STYLE('',(#7748));
#7748 = SURFACE_STYLE_FILL_AREA(#7749);
#7749 = FILL_AREA_STYLE('',(#7750));
#7750 = FILL_AREA_STYLE_COLOUR('',#7687);
#7751 = STYLED_ITEM('color',(#7752),#4701);
#7752 = PRESENTATION_STYLE_ASSIGNMENT((#7753));
#7753 = SURFACE_STYLE_USAGE(.BOTH.,#7754);
#7754 = SURFACE_SIDE_STYLE('',(#7755));
#7755 = SURFACE_STYLE_FILL_AREA(#7756);
#7756 = FILL_AREA_STYLE('',(#7757));
#7757 = FILL_AREA_STYLE_COLOUR('',#7687);
#7758 = STYLED_ITEM('color',(#7759),#4724);
#7759 = PRESENTATION_STYLE_ASSIGNMENT((#7760));
#7760 = SURFACE_STYLE_USAGE(.BOTH.,#7761);
#7761 = SURFACE_SIDE_STYLE('',(#7762));
#7762 = SURFACE_STYLE_FILL_AREA(#7763);
#7763 = FILL_AREA_STYLE('',(#7764));
#7764 = FILL_AREA_STYLE_COLOUR('',#7687);
#7765 = STYLED_ITEM('color',(#7766),#4753);
#7766 = PRESENTATION_STYLE_ASSIGNMENT((#7767));
#7767 = SURFACE_STYLE_USAGE(.BOTH.,#7768);
#7768 = SURFACE_SIDE_STYLE('',(#7769));
#7769 = SURFACE_STYLE_FILL_AREA(#7770);
#7770 = FILL_AREA_STYLE('',(#7771));
#7771 = FILL_AREA_STYLE_COLOUR('',#7687);
#7772 = STYLED_ITEM('color',(#7773),#4776);
#7773 = PRESENTATION_STYLE_ASSIGNMENT((#7774));
#7774 = SURFACE_STYLE_USAGE(.BOTH.,#7775);
#7775 = SURFACE_SIDE_STYLE('',(#7776));
#7776 = SURFACE_STYLE_FILL_AREA(#7777);
#7777 = FILL_AREA_STYLE('',(#7778));
#7778 = FILL_AREA_STYLE_COLOUR('',#7687);
#7779 = STYLED_ITEM('color',(#7780),#4800);
#7780 = PRESENTATION_STYLE_ASSIGNMENT((#7781));
#7781 = SURFACE_STYLE_USAGE(.BOTH.,#7782);
#7782 = SURFACE_SIDE_STYLE('',(#7783));
#7783 = SURFACE_STYLE_FILL_AREA(#7784);
#7784 = FILL_AREA_STYLE('',(#7785));
#7785 = FILL_AREA_STYLE_COLOUR('',#7687);
#7786 = STYLED_ITEM('color',(#7787),#4830);
#7787 = PRESENTATION_STYLE_ASSIGNMENT((#7788));
#7788 = SURFACE_STYLE_USAGE(.BOTH.,#7789);
#7789 = SURFACE_SIDE_STYLE('',(#7790));
#7790 = SURFACE_STYLE_FILL_AREA(#7791);
#7791 = FILL_AREA_STYLE('',(#7792));
#7792 = FILL_AREA_STYLE_COLOUR('',#7793);
#7793 = COLOUR_RGB('',0.823529417451,0.819607860991,0.780392170416);
#7794 = STYLED_ITEM('color',(#7795),#4863);
#7795 = PRESENTATION_STYLE_ASSIGNMENT((#7796));
#7796 = SURFACE_STYLE_USAGE(.BOTH.,#7797);
#7797 = SURFACE_SIDE_STYLE('',(#7798));
#7798 = SURFACE_STYLE_FILL_AREA(#7799);
#7799 = FILL_AREA_STYLE('',(#7800));
#7800 = FILL_AREA_STYLE_COLOUR('',#7793);
#7801 = STYLED_ITEM('color',(#7802),#4896);
#7802 = PRESENTATION_STYLE_ASSIGNMENT((#7803));
#7803 = SURFACE_STYLE_USAGE(.BOTH.,#7804);
#7804 = SURFACE_SIDE_STYLE('',(#7805));
#7805 = SURFACE_STYLE_FILL_AREA(#7806);
#7806 = FILL_AREA_STYLE('',(#7807));
#7807 = FILL_AREA_STYLE_COLOUR('',#7687);
#7808 = STYLED_ITEM('color',(#7809),#4927);
#7809 = PRESENTATION_STYLE_ASSIGNMENT((#7810));
#7810 = SURFACE_STYLE_USAGE(.BOTH.,#7811);
#7811 = SURFACE_SIDE_STYLE('',(#7812));
#7812 = SURFACE_STYLE_FILL_AREA(#7813);
#7813 = FILL_AREA_STYLE('',(#7814));
#7814 = FILL_AREA_STYLE_COLOUR('',#7687);
#7815 = STYLED_ITEM('color',(#7816),#4950);
#7816 = PRESENTATION_STYLE_ASSIGNMENT((#7817));
#7817 = SURFACE_STYLE_USAGE(.BOTH.,#7818);
#7818 = SURFACE_SIDE_STYLE('',(#7819));
#7819 = SURFACE_STYLE_FILL_AREA(#7820);
#7820 = FILL_AREA_STYLE('',(#7821));
#7821 = FILL_AREA_STYLE_COLOUR('',#7687);
#7822 = STYLED_ITEM('color',(#7823),#4973);
#7823 = PRESENTATION_STYLE_ASSIGNMENT((#7824));
#7824 = SURFACE_STYLE_USAGE(.BOTH.,#7825);
#7825 = SURFACE_SIDE_STYLE('',(#7826));
#7826 = SURFACE_STYLE_FILL_AREA(#7827);
#7827 = FILL_AREA_STYLE('',(#7828));
#7828 = FILL_AREA_STYLE_COLOUR('',#7687);
#7829 = STYLED_ITEM('color',(#7830),#4996);
#7830 = PRESENTATION_STYLE_ASSIGNMENT((#7831));
#7831 = SURFACE_STYLE_USAGE(.BOTH.,#7832);
#7832 = SURFACE_SIDE_STYLE('',(#7833));
#7833 = SURFACE_STYLE_FILL_AREA(#7834);
#7834 = FILL_AREA_STYLE('',(#7835));
#7835 = FILL_AREA_STYLE_COLOUR('',#7687);
#7836 = STYLED_ITEM('color',(#7837),#5020);
#7837 = PRESENTATION_STYLE_ASSIGNMENT((#7838));
#7838 = SURFACE_STYLE_USAGE(.BOTH.,#7839);
#7839 = SURFACE_SIDE_STYLE('',(#7840));
#7840 = SURFACE_STYLE_FILL_AREA(#7841);
#7841 = FILL_AREA_STYLE('',(#7842));
#7842 = FILL_AREA_STYLE_COLOUR('',#7687);
#7843 = STYLED_ITEM('color',(#7844),#5044);
#7844 = PRESENTATION_STYLE_ASSIGNMENT((#7845));
#7845 = SURFACE_STYLE_USAGE(.BOTH.,#7846);
#7846 = SURFACE_SIDE_STYLE('',(#7847));
#7847 = SURFACE_STYLE_FILL_AREA(#7848);
#7848 = FILL_AREA_STYLE('',(#7849));
#7849 = FILL_AREA_STYLE_COLOUR('',#7793);
#7850 = STYLED_ITEM('color',(#7851),#5077);
#7851 = PRESENTATION_STYLE_ASSIGNMENT((#7852));
#7852 = SURFACE_STYLE_USAGE(.BOTH.,#7853);
#7853 = SURFACE_SIDE_STYLE('',(#7854));
#7854 = SURFACE_STYLE_FILL_AREA(#7855);
#7855 = FILL_AREA_STYLE('',(#7856));
#7856 = FILL_AREA_STYLE_COLOUR('',#7793);
#7857 = STYLED_ITEM('color',(#7858),#5110);
#7858 = PRESENTATION_STYLE_ASSIGNMENT((#7859));
#7859 = SURFACE_STYLE_USAGE(.BOTH.,#7860);
#7860 = SURFACE_SIDE_STYLE('',(#7861));
#7861 = SURFACE_STYLE_FILL_AREA(#7862);
#7862 = FILL_AREA_STYLE('',(#7863));
#7863 = FILL_AREA_STYLE_COLOUR('',#7687);
#7864 = STYLED_ITEM('color',(#7865),#5141);
#7865 = PRESENTATION_STYLE_ASSIGNMENT((#7866));
#7866 = SURFACE_STYLE_USAGE(.BOTH.,#7867);
#7867 = SURFACE_SIDE_STYLE('',(#7868));
#7868 = SURFACE_STYLE_FILL_AREA(#7869);
#7869 = FILL_AREA_STYLE('',(#7870));
#7870 = FILL_AREA_STYLE_COLOUR('',#7687);
#7871 = STYLED_ITEM('color',(#7872),#5172);
#7872 = PRESENTATION_STYLE_ASSIGNMENT((#7873));
#7873 = SURFACE_STYLE_USAGE(.BOTH.,#7874);
#7874 = SURFACE_SIDE_STYLE('',(#7875));
#7875 = SURFACE_STYLE_FILL_AREA(#7876);
#7876 = FILL_AREA_STYLE('',(#7877));
#7877 = FILL_AREA_STYLE_COLOUR('',#7793);
#7878 = STYLED_ITEM('color',(#7879),#5205);
#7879 = PRESENTATION_STYLE_ASSIGNMENT((#7880));
#7880 = SURFACE_STYLE_USAGE(.BOTH.,#7881);
#7881 = SURFACE_SIDE_STYLE('',(#7882));
#7882 = SURFACE_STYLE_FILL_AREA(#7883);
#7883 = FILL_AREA_STYLE('',(#7884));
#7884 = FILL_AREA_STYLE_COLOUR('',#7687);
#7885 = STYLED_ITEM('color',(#7886),#5228);
#7886 = PRESENTATION_STYLE_ASSIGNMENT((#7887));
#7887 = SURFACE_STYLE_USAGE(.BOTH.,#7888);
#7888 = SURFACE_SIDE_STYLE('',(#7889));
#7889 = SURFACE_STYLE_FILL_AREA(#7890);
#7890 = FILL_AREA_STYLE('',(#7891));
#7891 = FILL_AREA_STYLE_COLOUR('',#7687);
#7892 = STYLED_ITEM('color',(#7893),#5257);
#7893 = PRESENTATION_STYLE_ASSIGNMENT((#7894));
#7894 = SURFACE_STYLE_USAGE(.BOTH.,#7895);
#7895 = SURFACE_SIDE_STYLE('',(#7896));
#7896 = SURFACE_STYLE_FILL_AREA(#7897);
#7897 = FILL_AREA_STYLE('',(#7898));
#7898 = FILL_AREA_STYLE_COLOUR('',#7687);
#7899 = STYLED_ITEM('color',(#7900),#5280);
#7900 = PRESENTATION_STYLE_ASSIGNMENT((#7901));
#7901 = SURFACE_STYLE_USAGE(.BOTH.,#7902);
#7902 = SURFACE_SIDE_STYLE('',(#7903));
#7903 = SURFACE_STYLE_FILL_AREA(#7904);
#7904 = FILL_AREA_STYLE('',(#7905));
#7905 = FILL_AREA_STYLE_COLOUR('',#7687);
#7906 = STYLED_ITEM('color',(#7907),#5304);
#7907 = PRESENTATION_STYLE_ASSIGNMENT((#7908));
#7908 = SURFACE_STYLE_USAGE(.BOTH.,#7909);
#7909 = SURFACE_SIDE_STYLE('',(#7910));
#7910 = SURFACE_STYLE_FILL_AREA(#7911);
#7911 = FILL_AREA_STYLE('',(#7912));
#7912 = FILL_AREA_STYLE_COLOUR('',#7793);
#7913 = STYLED_ITEM('color',(#7914),#5379);
#7914 = PRESENTATION_STYLE_ASSIGNMENT((#7915));
#7915 = SURFACE_STYLE_USAGE(.BOTH.,#7916);
#7916 = SURFACE_SIDE_STYLE('',(#7917));
#7917 = SURFACE_STYLE_FILL_AREA(#7918);
#7918 = FILL_AREA_STYLE('',(#7919));
#7919 = FILL_AREA_STYLE_COLOUR('',#7793);
#7920 = STYLED_ITEM('color',(#7921),#5454);
#7921 = PRESENTATION_STYLE_ASSIGNMENT((#7922));
#7922 = SURFACE_STYLE_USAGE(.BOTH.,#7923);
#7923 = SURFACE_SIDE_STYLE('',(#7924));
#7924 = SURFACE_STYLE_FILL_AREA(#7925);
#7925 = FILL_AREA_STYLE('',(#7926));
#7926 = FILL_AREA_STYLE_COLOUR('',#7687);
#7927 = STYLED_ITEM('color',(#7928),#5484);
#7928 = PRESENTATION_STYLE_ASSIGNMENT((#7929));
#7929 = SURFACE_STYLE_USAGE(.BOTH.,#7930);
#7930 = SURFACE_SIDE_STYLE('',(#7931));
#7931 = SURFACE_STYLE_FILL_AREA(#7932);
#7932 = FILL_AREA_STYLE('',(#7933));
#7933 = FILL_AREA_STYLE_COLOUR('',#7793);
#7934 = STYLED_ITEM('color',(#7935),#5559);
#7935 = PRESENTATION_STYLE_ASSIGNMENT((#7936));
#7936 = SURFACE_STYLE_USAGE(.BOTH.,#7937);
#7937 = SURFACE_SIDE_STYLE('',(#7938));
#7938 = SURFACE_STYLE_FILL_AREA(#7939);
#7939 = FILL_AREA_STYLE('',(#7940));
#7940 = FILL_AREA_STYLE_COLOUR('',#7793);
#7941 = STYLED_ITEM('color',(#7942),#5576);
#7942 = PRESENTATION_STYLE_ASSIGNMENT((#7943));
#7943 = SURFACE_STYLE_USAGE(.BOTH.,#7944);
#7944 = SURFACE_SIDE_STYLE('',(#7945));
#7945 = SURFACE_STYLE_FILL_AREA(#7946);
#7946 = FILL_AREA_STYLE('',(#7947));
#7947 = FILL_AREA_STYLE_COLOUR('',#7793);
#7948 = STYLED_ITEM('color',(#7949),#5651);
#7949 = PRESENTATION_STYLE_ASSIGNMENT((#7950));
#7950 = SURFACE_STYLE_USAGE(.BOTH.,#7951);
#7951 = SURFACE_SIDE_STYLE('',(#7952));
#7952 = SURFACE_STYLE_FILL_AREA(#7953);
#7953 = FILL_AREA_STYLE('',(#7954));
#7954 = FILL_AREA_STYLE_COLOUR('',#7793);
#7955 = STYLED_ITEM('color',(#7956),#5668);
#7956 = PRESENTATION_STYLE_ASSIGNMENT((#7957));
#7957 = SURFACE_STYLE_USAGE(.BOTH.,#7958);
#7958 = SURFACE_SIDE_STYLE('',(#7959));
#7959 = SURFACE_STYLE_FILL_AREA(#7960);
#7960 = FILL_AREA_STYLE('',(#7961));
#7961 = FILL_AREA_STYLE_COLOUR('',#7687);
#7962 = STYLED_ITEM('color',(#7963),#5699);
#7963 = PRESENTATION_STYLE_ASSIGNMENT((#7964));
#7964 = SURFACE_STYLE_USAGE(.BOTH.,#7965);
#7965 = SURFACE_SIDE_STYLE('',(#7966));
#7966 = SURFACE_STYLE_FILL_AREA(#7967);
#7967 = FILL_AREA_STYLE('',(#7968));
#7968 = FILL_AREA_STYLE_COLOUR('',#7687);
#7969 = STYLED_ITEM('color',(#7970),#5722);
#7970 = PRESENTATION_STYLE_ASSIGNMENT((#7971));
#7971 = SURFACE_STYLE_USAGE(.BOTH.,#7972);
#7972 = SURFACE_SIDE_STYLE('',(#7973));
#7973 = SURFACE_STYLE_FILL_AREA(#7974);
#7974 = FILL_AREA_STYLE('',(#7975));
#7975 = FILL_AREA_STYLE_COLOUR('',#7687);
#7976 = STYLED_ITEM('color',(#7977),#5745);
#7977 = PRESENTATION_STYLE_ASSIGNMENT((#7978));
#7978 = SURFACE_STYLE_USAGE(.BOTH.,#7979);
#7979 = SURFACE_SIDE_STYLE('',(#7980));
#7980 = SURFACE_STYLE_FILL_AREA(#7981);
#7981 = FILL_AREA_STYLE('',(#7982));
#7982 = FILL_AREA_STYLE_COLOUR('',#7687);
#7983 = STYLED_ITEM('color',(#7984),#5768);
#7984 = PRESENTATION_STYLE_ASSIGNMENT((#7985));
#7985 = SURFACE_STYLE_USAGE(.BOTH.,#7986);
#7986 = SURFACE_SIDE_STYLE('',(#7987));
#7987 = SURFACE_STYLE_FILL_AREA(#7988);
#7988 = FILL_AREA_STYLE('',(#7989));
#7989 = FILL_AREA_STYLE_COLOUR('',#7687);
#7990 = STYLED_ITEM('color',(#7991),#5792);
#7991 = PRESENTATION_STYLE_ASSIGNMENT((#7992));
#7992 = SURFACE_STYLE_USAGE(.BOTH.,#7993);
#7993 = SURFACE_SIDE_STYLE('',(#7994));
#7994 = SURFACE_STYLE_FILL_AREA(#7995);
#7995 = FILL_AREA_STYLE('',(#7996));
#7996 = FILL_AREA_STYLE_COLOUR('',#7793);
#7997 = STYLED_ITEM('color',(#7998),#5867);
#7998 = PRESENTATION_STYLE_ASSIGNMENT((#7999));
#7999 = SURFACE_STYLE_USAGE(.BOTH.,#8000);
#8000 = SURFACE_SIDE_STYLE('',(#8001));
#8001 = SURFACE_STYLE_FILL_AREA(#8002);
#8002 = FILL_AREA_STYLE('',(#8003));
#8003 = FILL_AREA_STYLE_COLOUR('',#7793);
#8004 = STYLED_ITEM('color',(#8005),#5942);
#8005 = PRESENTATION_STYLE_ASSIGNMENT((#8006));
#8006 = SURFACE_STYLE_USAGE(.BOTH.,#8007);
#8007 = SURFACE_SIDE_STYLE('',(#8008));
#8008 = SURFACE_STYLE_FILL_AREA(#8009);
#8009 = FILL_AREA_STYLE('',(#8010));
#8010 = FILL_AREA_STYLE_COLOUR('',#7687);
#8011 = STYLED_ITEM('color',(#8012),#5966);
#8012 = PRESENTATION_STYLE_ASSIGNMENT((#8013));
#8013 = SURFACE_STYLE_USAGE(.BOTH.,#8014);
#8014 = SURFACE_SIDE_STYLE('',(#8015));
#8015 = SURFACE_STYLE_FILL_AREA(#8016);
#8016 = FILL_AREA_STYLE('',(#8017));
#8017 = FILL_AREA_STYLE_COLOUR('',#7793);
#8018 = STYLED_ITEM('color',(#8019),#6041);
#8019 = PRESENTATION_STYLE_ASSIGNMENT((#8020));
#8020 = SURFACE_STYLE_USAGE(.BOTH.,#8021);
#8021 = SURFACE_SIDE_STYLE('',(#8022));
#8022 = SURFACE_STYLE_FILL_AREA(#8023);
#8023 = FILL_AREA_STYLE('',(#8024));
#8024 = FILL_AREA_STYLE_COLOUR('',#7793);
#8025 = STYLED_ITEM('color',(#8026),#6058);
#8026 = PRESENTATION_STYLE_ASSIGNMENT((#8027));
#8027 = SURFACE_STYLE_USAGE(.BOTH.,#8028);
#8028 = SURFACE_SIDE_STYLE('',(#8029));
#8029 = SURFACE_STYLE_FILL_AREA(#8030);
#8030 = FILL_AREA_STYLE('',(#8031));
#8031 = FILL_AREA_STYLE_COLOUR('',#7793);
#8032 = STYLED_ITEM('color',(#8033),#6133);
#8033 = PRESENTATION_STYLE_ASSIGNMENT((#8034));
#8034 = SURFACE_STYLE_USAGE(.BOTH.,#8035);
#8035 = SURFACE_SIDE_STYLE('',(#8036));
#8036 = SURFACE_STYLE_FILL_AREA(#8037);
#8037 = FILL_AREA_STYLE('',(#8038));
#8038 = FILL_AREA_STYLE_COLOUR('',#7793);
#8039 = STYLED_ITEM('color',(#8040),#6150);
#8040 = PRESENTATION_STYLE_ASSIGNMENT((#8041));
#8041 = SURFACE_STYLE_USAGE(.BOTH.,#8042);
#8042 = SURFACE_SIDE_STYLE('',(#8043));
#8043 = SURFACE_STYLE_FILL_AREA(#8044);
#8044 = FILL_AREA_STYLE('',(#8045));
#8045 = FILL_AREA_STYLE_COLOUR('',#7687);
#8046 = STYLED_ITEM('color',(#8047),#6181);
#8047 = PRESENTATION_STYLE_ASSIGNMENT((#8048));
#8048 = SURFACE_STYLE_USAGE(.BOTH.,#8049);
#8049 = SURFACE_SIDE_STYLE('',(#8050));
#8050 = SURFACE_STYLE_FILL_AREA(#8051);
#8051 = FILL_AREA_STYLE('',(#8052));
#8052 = FILL_AREA_STYLE_COLOUR('',#7793);
#8053 = STYLED_ITEM('color',(#8054),#6256);
#8054 = PRESENTATION_STYLE_ASSIGNMENT((#8055));
#8055 = SURFACE_STYLE_USAGE(.BOTH.,#8056);
#8056 = SURFACE_SIDE_STYLE('',(#8057));
#8057 = SURFACE_STYLE_FILL_AREA(#8058);
#8058 = FILL_AREA_STYLE('',(#8059));
#8059 = FILL_AREA_STYLE_COLOUR('',#7793);
#8060 = STYLED_ITEM('color',(#8061),#6331);
#8061 = PRESENTATION_STYLE_ASSIGNMENT((#8062));
#8062 = SURFACE_STYLE_USAGE(.BOTH.,#8063);
#8063 = SURFACE_SIDE_STYLE('',(#8064));
#8064 = SURFACE_STYLE_FILL_AREA(#8065);
#8065 = FILL_AREA_STYLE('',(#8066));
#8066 = FILL_AREA_STYLE_COLOUR('',#7687);
#8067 = STYLED_ITEM('color',(#8068),#6362);
#8068 = PRESENTATION_STYLE_ASSIGNMENT((#8069));
#8069 = SURFACE_STYLE_USAGE(.BOTH.,#8070);
#8070 = SURFACE_SIDE_STYLE('',(#8071));
#8071 = SURFACE_STYLE_FILL_AREA(#8072);
#8072 = FILL_AREA_STYLE('',(#8073));
#8073 = FILL_AREA_STYLE_COLOUR('',#7793);
#8074 = STYLED_ITEM('color',(#8075),#6379);
#8075 = PRESENTATION_STYLE_ASSIGNMENT((#8076));
#8076 = SURFACE_STYLE_USAGE(.BOTH.,#8077);
#8077 = SURFACE_SIDE_STYLE('',(#8078));
#8078 = SURFACE_STYLE_FILL_AREA(#8079);
#8079 = FILL_AREA_STYLE('',(#8080));
#8080 = FILL_AREA_STYLE_COLOUR('',#7687);
#8081 = STYLED_ITEM('color',(#8082),#6402);
#8082 = PRESENTATION_STYLE_ASSIGNMENT((#8083));
#8083 = SURFACE_STYLE_USAGE(.BOTH.,#8084);
#8084 = SURFACE_SIDE_STYLE('',(#8085));
#8085 = SURFACE_STYLE_FILL_AREA(#8086);
#8086 = FILL_AREA_STYLE('',(#8087));
#8087 = FILL_AREA_STYLE_COLOUR('',#7687);
#8088 = STYLED_ITEM('color',(#8089),#6458);
#8089 = PRESENTATION_STYLE_ASSIGNMENT((#8090));
#8090 = SURFACE_STYLE_USAGE(.BOTH.,#8091);
#8091 = SURFACE_SIDE_STYLE('',(#8092));
#8092 = SURFACE_STYLE_FILL_AREA(#8093);
#8093 = FILL_AREA_STYLE('',(#8094));
#8094 = FILL_AREA_STYLE_COLOUR('',#7687);
#8095 = STYLED_ITEM('color',(#8096),#6474);
#8096 = PRESENTATION_STYLE_ASSIGNMENT((#8097));
#8097 = SURFACE_STYLE_USAGE(.BOTH.,#8098);
#8098 = SURFACE_SIDE_STYLE('',(#8099));
#8099 = SURFACE_STYLE_FILL_AREA(#8100);
#8100 = FILL_AREA_STYLE('',(#8101));
#8101 = FILL_AREA_STYLE_COLOUR('',#7687);
#8102 = STYLED_ITEM('color',(#8103),#6504);
#8103 = PRESENTATION_STYLE_ASSIGNMENT((#8104));
#8104 = SURFACE_STYLE_USAGE(.BOTH.,#8105);
#8105 = SURFACE_SIDE_STYLE('',(#8106));
#8106 = SURFACE_STYLE_FILL_AREA(#8107);
#8107 = FILL_AREA_STYLE('',(#8108));
#8108 = FILL_AREA_STYLE_COLOUR('',#7793);
#8109 = STYLED_ITEM('color',(#8110),#6521);
#8110 = PRESENTATION_STYLE_ASSIGNMENT((#8111));
#8111 = SURFACE_STYLE_USAGE(.BOTH.,#8112);
#8112 = SURFACE_SIDE_STYLE('',(#8113));
#8113 = SURFACE_STYLE_FILL_AREA(#8114);
#8114 = FILL_AREA_STYLE('',(#8115));
#8115 = FILL_AREA_STYLE_COLOUR('',#7793);
#8116 = STYLED_ITEM('color',(#8117),#6538);
#8117 = PRESENTATION_STYLE_ASSIGNMENT((#8118));
#8118 = SURFACE_STYLE_USAGE(.BOTH.,#8119);
#8119 = SURFACE_SIDE_STYLE('',(#8120));
#8120 = SURFACE_STYLE_FILL_AREA(#8121);
#8121 = FILL_AREA_STYLE('',(#8122));
#8122 = FILL_AREA_STYLE_COLOUR('',#7793);
#8123 = STYLED_ITEM('color',(#8124),#6555);
#8124 = PRESENTATION_STYLE_ASSIGNMENT((#8125));
#8125 = SURFACE_STYLE_USAGE(.BOTH.,#8126);
#8126 = SURFACE_SIDE_STYLE('',(#8127));
#8127 = SURFACE_STYLE_FILL_AREA(#8128);
#8128 = FILL_AREA_STYLE('',(#8129));
#8129 = FILL_AREA_STYLE_COLOUR('',#7793);
#8130 = STYLED_ITEM('color',(#8131),#6572);
#8131 = PRESENTATION_STYLE_ASSIGNMENT((#8132));
#8132 = SURFACE_STYLE_USAGE(.BOTH.,#8133);
#8133 = SURFACE_SIDE_STYLE('',(#8134));
#8134 = SURFACE_STYLE_FILL_AREA(#8135);
#8135 = FILL_AREA_STYLE('',(#8136));
#8136 = FILL_AREA_STYLE_COLOUR('',#7793);
#8137 = STYLED_ITEM('color',(#8138),#6589);
#8138 = PRESENTATION_STYLE_ASSIGNMENT((#8139));
#8139 = SURFACE_STYLE_USAGE(.BOTH.,#8140);
#8140 = SURFACE_SIDE_STYLE('',(#8141));
#8141 = SURFACE_STYLE_FILL_AREA(#8142);
#8142 = FILL_AREA_STYLE('',(#8143));
#8143 = FILL_AREA_STYLE_COLOUR('',#7793);
#8144 = STYLED_ITEM('color',(#8145),#6606);
#8145 = PRESENTATION_STYLE_ASSIGNMENT((#8146));
#8146 = SURFACE_STYLE_USAGE(.BOTH.,#8147);
#8147 = SURFACE_SIDE_STYLE('',(#8148));
#8148 = SURFACE_STYLE_FILL_AREA(#8149);
#8149 = FILL_AREA_STYLE('',(#8150));
#8150 = FILL_AREA_STYLE_COLOUR('',#7793);
#8151 = STYLED_ITEM('color',(#8152),#6623);
#8152 = PRESENTATION_STYLE_ASSIGNMENT((#8153));
#8153 = SURFACE_STYLE_USAGE(.BOTH.,#8154);
#8154 = SURFACE_SIDE_STYLE('',(#8155));
#8155 = SURFACE_STYLE_FILL_AREA(#8156);
#8156 = FILL_AREA_STYLE('',(#8157));
#8157 = FILL_AREA_STYLE_COLOUR('',#7793);
#8158 = STYLED_ITEM('color',(#8159),#6635);
#8159 = PRESENTATION_STYLE_ASSIGNMENT((#8160));
#8160 = SURFACE_STYLE_USAGE(.BOTH.,#8161);
#8161 = SURFACE_SIDE_STYLE('',(#8162));
#8162 = SURFACE_STYLE_FILL_AREA(#8163);
#8163 = FILL_AREA_STYLE('',(#8164));
#8164 = FILL_AREA_STYLE_COLOUR('',#7793);
#8165 = STYLED_ITEM('color',(#8166),#6657);
#8166 = PRESENTATION_STYLE_ASSIGNMENT((#8167));
#8167 = SURFACE_STYLE_USAGE(.BOTH.,#8168);
#8168 = SURFACE_SIDE_STYLE('',(#8169));
#8169 = SURFACE_STYLE_FILL_AREA(#8170);
#8170 = FILL_AREA_STYLE('',(#8171));
#8171 = FILL_AREA_STYLE_COLOUR('',#7793);
#8172 = STYLED_ITEM('color',(#8173),#6674);
#8173 = PRESENTATION_STYLE_ASSIGNMENT((#8174));
#8174 = SURFACE_STYLE_USAGE(.BOTH.,#8175);
#8175 = SURFACE_SIDE_STYLE('',(#8176));
#8176 = SURFACE_STYLE_FILL_AREA(#8177);
#8177 = FILL_AREA_STYLE('',(#8178));
#8178 = FILL_AREA_STYLE_COLOUR('',#7793);
#8179 = STYLED_ITEM('color',(#8180),#6691);
#8180 = PRESENTATION_STYLE_ASSIGNMENT((#8181));
#8181 = SURFACE_STYLE_USAGE(.BOTH.,#8182);
#8182 = SURFACE_SIDE_STYLE('',(#8183));
#8183 = SURFACE_STYLE_FILL_AREA(#8184);
#8184 = FILL_AREA_STYLE('',(#8185));
#8185 = FILL_AREA_STYLE_COLOUR('',#7793);
#8186 = STYLED_ITEM('color',(#8187),#6708);
#8187 = PRESENTATION_STYLE_ASSIGNMENT((#8188));
#8188 = SURFACE_STYLE_USAGE(.BOTH.,#8189);
#8189 = SURFACE_SIDE_STYLE('',(#8190));
#8190 = SURFACE_STYLE_FILL_AREA(#8191);
#8191 = FILL_AREA_STYLE('',(#8192));
#8192 = FILL_AREA_STYLE_COLOUR('',#7793);
#8193 = STYLED_ITEM('color',(#8194),#6725);
#8194 = PRESENTATION_STYLE_ASSIGNMENT((#8195));
#8195 = SURFACE_STYLE_USAGE(.BOTH.,#8196);
#8196 = SURFACE_SIDE_STYLE('',(#8197));
#8197 = SURFACE_STYLE_FILL_AREA(#8198);
#8198 = FILL_AREA_STYLE('',(#8199));
#8199 = FILL_AREA_STYLE_COLOUR('',#7793);
#8200 = STYLED_ITEM('color',(#8201),#6742);
#8201 = PRESENTATION_STYLE_ASSIGNMENT((#8202));
#8202 = SURFACE_STYLE_USAGE(.BOTH.,#8203);
#8203 = SURFACE_SIDE_STYLE('',(#8204));
#8204 = SURFACE_STYLE_FILL_AREA(#8205);
#8205 = FILL_AREA_STYLE('',(#8206));
#8206 = FILL_AREA_STYLE_COLOUR('',#7793);
#8207 = STYLED_ITEM('color',(#8208),#6754);
#8208 = PRESENTATION_STYLE_ASSIGNMENT((#8209));
#8209 = SURFACE_STYLE_USAGE(.BOTH.,#8210);
#8210 = SURFACE_SIDE_STYLE('',(#8211));
#8211 = SURFACE_STYLE_FILL_AREA(#8212);
#8212 = FILL_AREA_STYLE('',(#8213));
#8213 = FILL_AREA_STYLE_COLOUR('',#7793);
#8214 = STYLED_ITEM('color',(#8215),#6766);
#8215 = PRESENTATION_STYLE_ASSIGNMENT((#8216));
#8216 = SURFACE_STYLE_USAGE(.BOTH.,#8217);
#8217 = SURFACE_SIDE_STYLE('',(#8218));
#8218 = SURFACE_STYLE_FILL_AREA(#8219);
#8219 = FILL_AREA_STYLE('',(#8220));
#8220 = FILL_AREA_STYLE_COLOUR('',#7687);
#8221 = STYLED_ITEM('color',(#8222),#6782);
#8222 = PRESENTATION_STYLE_ASSIGNMENT((#8223));
#8223 = SURFACE_STYLE_USAGE(.BOTH.,#8224);
#8224 = SURFACE_SIDE_STYLE('',(#8225));
#8225 = SURFACE_STYLE_FILL_AREA(#8226);
#8226 = FILL_AREA_STYLE('',(#8227));
#8227 = FILL_AREA_STYLE_COLOUR('',#7687);
#8228 = STYLED_ITEM('color',(#8229),#6798);
#8229 = PRESENTATION_STYLE_ASSIGNMENT((#8230));
#8230 = SURFACE_STYLE_USAGE(.BOTH.,#8231);
#8231 = SURFACE_SIDE_STYLE('',(#8232));
#8232 = SURFACE_STYLE_FILL_AREA(#8233);
#8233 = FILL_AREA_STYLE('',(#8234));
#8234 = FILL_AREA_STYLE_COLOUR('',#7687);
#8235 = STYLED_ITEM('color',(#8236),#6814);
#8236 = PRESENTATION_STYLE_ASSIGNMENT((#8237));
#8237 = SURFACE_STYLE_USAGE(.BOTH.,#8238);
#8238 = SURFACE_SIDE_STYLE('',(#8239));
#8239 = SURFACE_STYLE_FILL_AREA(#8240);
#8240 = FILL_AREA_STYLE('',(#8241));
#8241 = FILL_AREA_STYLE_COLOUR('',#7687);
#8242 = STYLED_ITEM('color',(#8243),#6847);
#8243 = PRESENTATION_STYLE_ASSIGNMENT((#8244));
#8244 = SURFACE_STYLE_USAGE(.BOTH.,#8245);
#8245 = SURFACE_SIDE_STYLE('',(#8246));
#8246 = SURFACE_STYLE_FILL_AREA(#8247);
#8247 = FILL_AREA_STYLE('',(#8248));
#8248 = FILL_AREA_STYLE_COLOUR('',#7793);
#8249 = STYLED_ITEM('color',(#8250),#6864);
#8250 = PRESENTATION_STYLE_ASSIGNMENT((#8251));
#8251 = SURFACE_STYLE_USAGE(.BOTH.,#8252);
#8252 = SURFACE_SIDE_STYLE('',(#8253));
#8253 = SURFACE_STYLE_FILL_AREA(#8254);
#8254 = FILL_AREA_STYLE('',(#8255));
#8255 = FILL_AREA_STYLE_COLOUR('',#7793);
#8256 = STYLED_ITEM('color',(#8257),#6881);
#8257 = PRESENTATION_STYLE_ASSIGNMENT((#8258));
#8258 = SURFACE_STYLE_USAGE(.BOTH.,#8259);
#8259 = SURFACE_SIDE_STYLE('',(#8260));
#8260 = SURFACE_STYLE_FILL_AREA(#8261);
#8261 = FILL_AREA_STYLE('',(#8262));
#8262 = FILL_AREA_STYLE_COLOUR('',#7793);
#8263 = STYLED_ITEM('color',(#8264),#6898);
#8264 = PRESENTATION_STYLE_ASSIGNMENT((#8265));
#8265 = SURFACE_STYLE_USAGE(.BOTH.,#8266);
#8266 = SURFACE_SIDE_STYLE('',(#8267));
#8267 = SURFACE_STYLE_FILL_AREA(#8268);
#8268 = FILL_AREA_STYLE('',(#8269));
#8269 = FILL_AREA_STYLE_COLOUR('',#7793);
#8270 = STYLED_ITEM('color',(#8271),#6915);
#8271 = PRESENTATION_STYLE_ASSIGNMENT((#8272));
#8272 = SURFACE_STYLE_USAGE(.BOTH.,#8273);
#8273 = SURFACE_SIDE_STYLE('',(#8274));
#8274 = SURFACE_STYLE_FILL_AREA(#8275);
#8275 = FILL_AREA_STYLE('',(#8276));
#8276 = FILL_AREA_STYLE_COLOUR('',#7793);
#8277 = STYLED_ITEM('color',(#8278),#6932);
#8278 = PRESENTATION_STYLE_ASSIGNMENT((#8279));
#8279 = SURFACE_STYLE_USAGE(.BOTH.,#8280);
#8280 = SURFACE_SIDE_STYLE('',(#8281));
#8281 = SURFACE_STYLE_FILL_AREA(#8282);
#8282 = FILL_AREA_STYLE('',(#8283));
#8283 = FILL_AREA_STYLE_COLOUR('',#7793);
#8284 = STYLED_ITEM('color',(#8285),#6949);
#8285 = PRESENTATION_STYLE_ASSIGNMENT((#8286));
#8286 = SURFACE_STYLE_USAGE(.BOTH.,#8287);
#8287 = SURFACE_SIDE_STYLE('',(#8288));
#8288 = SURFACE_STYLE_FILL_AREA(#8289);
#8289 = FILL_AREA_STYLE('',(#8290));
#8290 = FILL_AREA_STYLE_COLOUR('',#7793);
#8291 = STYLED_ITEM('color',(#8292),#6966);
#8292 = PRESENTATION_STYLE_ASSIGNMENT((#8293));
#8293 = SURFACE_STYLE_USAGE(.BOTH.,#8294);
#8294 = SURFACE_SIDE_STYLE('',(#8295));
#8295 = SURFACE_STYLE_FILL_AREA(#8296);
#8296 = FILL_AREA_STYLE('',(#8297));
#8297 = FILL_AREA_STYLE_COLOUR('',#7793);
#8298 = STYLED_ITEM('color',(#8299),#6978);
#8299 = PRESENTATION_STYLE_ASSIGNMENT((#8300));
#8300 = SURFACE_STYLE_USAGE(.BOTH.,#8301);
#8301 = SURFACE_SIDE_STYLE('',(#8302));
#8302 = SURFACE_STYLE_FILL_AREA(#8303);
#8303 = FILL_AREA_STYLE('',(#8304));
#8304 = FILL_AREA_STYLE_COLOUR('',#7793);
#8305 = STYLED_ITEM('color',(#8306),#7000);
#8306 = PRESENTATION_STYLE_ASSIGNMENT((#8307));
#8307 = SURFACE_STYLE_USAGE(.BOTH.,#8308);
#8308 = SURFACE_SIDE_STYLE('',(#8309));
#8309 = SURFACE_STYLE_FILL_AREA(#8310);
#8310 = FILL_AREA_STYLE('',(#8311));
#8311 = FILL_AREA_STYLE_COLOUR('',#7793);
#8312 = STYLED_ITEM('color',(#8313),#7017);
#8313 = PRESENTATION_STYLE_ASSIGNMENT((#8314));
#8314 = SURFACE_STYLE_USAGE(.BOTH.,#8315);
#8315 = SURFACE_SIDE_STYLE('',(#8316));
#8316 = SURFACE_STYLE_FILL_AREA(#8317);
#8317 = FILL_AREA_STYLE('',(#8318));
#8318 = FILL_AREA_STYLE_COLOUR('',#7793);
#8319 = STYLED_ITEM('color',(#8320),#7034);
#8320 = PRESENTATION_STYLE_ASSIGNMENT((#8321));
#8321 = SURFACE_STYLE_USAGE(.BOTH.,#8322);
#8322 = SURFACE_SIDE_STYLE('',(#8323));
#8323 = SURFACE_STYLE_FILL_AREA(#8324);
#8324 = FILL_AREA_STYLE('',(#8325));
#8325 = FILL_AREA_STYLE_COLOUR('',#7793);
#8326 = STYLED_ITEM('color',(#8327),#7051);
#8327 = PRESENTATION_STYLE_ASSIGNMENT((#8328));
#8328 = SURFACE_STYLE_USAGE(.BOTH.,#8329);
#8329 = SURFACE_SIDE_STYLE('',(#8330));
#8330 = SURFACE_STYLE_FILL_AREA(#8331);
#8331 = FILL_AREA_STYLE('',(#8332));
#8332 = FILL_AREA_STYLE_COLOUR('',#7793);
#8333 = STYLED_ITEM('color',(#8334),#7068);
#8334 = PRESENTATION_STYLE_ASSIGNMENT((#8335));
#8335 = SURFACE_STYLE_USAGE(.BOTH.,#8336);
#8336 = SURFACE_SIDE_STYLE('',(#8337));
#8337 = SURFACE_STYLE_FILL_AREA(#8338);
#8338 = FILL_AREA_STYLE('',(#8339));
#8339 = FILL_AREA_STYLE_COLOUR('',#7793);
#8340 = STYLED_ITEM('color',(#8341),#7085);
#8341 = PRESENTATION_STYLE_ASSIGNMENT((#8342));
#8342 = SURFACE_STYLE_USAGE(.BOTH.,#8343);
#8343 = SURFACE_SIDE_STYLE('',(#8344));
#8344 = SURFACE_STYLE_FILL_AREA(#8345);
#8345 = FILL_AREA_STYLE('',(#8346));
#8346 = FILL_AREA_STYLE_COLOUR('',#7793);
#8347 = STYLED_ITEM('color',(#8348),#7097);
#8348 = PRESENTATION_STYLE_ASSIGNMENT((#8349));
#8349 = SURFACE_STYLE_USAGE(.BOTH.,#8350);
#8350 = SURFACE_SIDE_STYLE('',(#8351));
#8351 = SURFACE_STYLE_FILL_AREA(#8352);
#8352 = FILL_AREA_STYLE('',(#8353));
#8353 = FILL_AREA_STYLE_COLOUR('',#7793);
#8354 = STYLED_ITEM('color',(#8355),#7109);
#8355 = PRESENTATION_STYLE_ASSIGNMENT((#8356));
#8356 = SURFACE_STYLE_USAGE(.BOTH.,#8357);
#8357 = SURFACE_SIDE_STYLE('',(#8358));
#8358 = SURFACE_STYLE_FILL_AREA(#8359);
#8359 = FILL_AREA_STYLE('',(#8360));
#8360 = FILL_AREA_STYLE_COLOUR('',#7793);
#8361 = STYLED_ITEM('color',(#8362),#7126);
#8362 = PRESENTATION_STYLE_ASSIGNMENT((#8363));
#8363 = SURFACE_STYLE_USAGE(.BOTH.,#8364);
#8364 = SURFACE_SIDE_STYLE('',(#8365));
#8365 = SURFACE_STYLE_FILL_AREA(#8366);
#8366 = FILL_AREA_STYLE('',(#8367));
#8367 = FILL_AREA_STYLE_COLOUR('',#7793);
#8368 = STYLED_ITEM('color',(#8369),#7143);
#8369 = PRESENTATION_STYLE_ASSIGNMENT((#8370));
#8370 = SURFACE_STYLE_USAGE(.BOTH.,#8371);
#8371 = SURFACE_SIDE_STYLE('',(#8372));
#8372 = SURFACE_STYLE_FILL_AREA(#8373);
#8373 = FILL_AREA_STYLE('',(#8374));
#8374 = FILL_AREA_STYLE_COLOUR('',#7793);
#8375 = STYLED_ITEM('color',(#8376),#7160);
#8376 = PRESENTATION_STYLE_ASSIGNMENT((#8377));
#8377 = SURFACE_STYLE_USAGE(.BOTH.,#8378);
#8378 = SURFACE_SIDE_STYLE('',(#8379));
#8379 = SURFACE_STYLE_FILL_AREA(#8380);
#8380 = FILL_AREA_STYLE('',(#8381));
#8381 = FILL_AREA_STYLE_COLOUR('',#7793);
#8382 = STYLED_ITEM('color',(#8383),#7177);
#8383 = PRESENTATION_STYLE_ASSIGNMENT((#8384));
#8384 = SURFACE_STYLE_USAGE(.BOTH.,#8385);
#8385 = SURFACE_SIDE_STYLE('',(#8386));
#8386 = SURFACE_STYLE_FILL_AREA(#8387);
#8387 = FILL_AREA_STYLE('',(#8388));
#8388 = FILL_AREA_STYLE_COLOUR('',#7793);
#8389 = STYLED_ITEM('color',(#8390),#7194);
#8390 = PRESENTATION_STYLE_ASSIGNMENT((#8391));
#8391 = SURFACE_STYLE_USAGE(.BOTH.,#8392);
#8392 = SURFACE_SIDE_STYLE('',(#8393));
#8393 = SURFACE_STYLE_FILL_AREA(#8394);
#8394 = FILL_AREA_STYLE('',(#8395));
#8395 = FILL_AREA_STYLE_COLOUR('',#7793);
#8396 = STYLED_ITEM('color',(#8397),#7211);
#8397 = PRESENTATION_STYLE_ASSIGNMENT((#8398));
#8398 = SURFACE_STYLE_USAGE(.BOTH.,#8399);
#8399 = SURFACE_SIDE_STYLE('',(#8400));
#8400 = SURFACE_STYLE_FILL_AREA(#8401);
#8401 = FILL_AREA_STYLE('',(#8402));
#8402 = FILL_AREA_STYLE_COLOUR('',#7793);
#8403 = STYLED_ITEM('color',(#8404),#7228);
#8404 = PRESENTATION_STYLE_ASSIGNMENT((#8405));
#8405 = SURFACE_STYLE_USAGE(.BOTH.,#8406);
#8406 = SURFACE_SIDE_STYLE('',(#8407));
#8407 = SURFACE_STYLE_FILL_AREA(#8408);
#8408 = FILL_AREA_STYLE('',(#8409));
#8409 = FILL_AREA_STYLE_COLOUR('',#7793);
#8410 = MECHANICAL_DESIGN_GEOMETRIC_PRESENTATION_REPRESENTATION('',(
    #8411),#7668);
#8411 = STYLED_ITEM('color',(#8412),#7284);
#8412 = PRESENTATION_STYLE_ASSIGNMENT((#8413));
#8413 = SURFACE_STYLE_USAGE(.BOTH.,#8414);
#8414 = SURFACE_SIDE_STYLE('',(#8415));
#8415 = SURFACE_STYLE_FILL_AREA(#8416);
#8416 = FILL_AREA_STYLE('',(#8417));
#8417 = FILL_AREA_STYLE_COLOUR('',#8418);
#8418 = COLOUR_RGB('',0.313304153717,0.484529207832,0.410020903123);
#8419 = MECHANICAL_DESIGN_GEOMETRIC_PRESENTATION_REPRESENTATION('',(
    #8420,#8428,#8435,#8442,#8449,#8456,#8463,#8470,#8477,#8484,#8491,
    #8498,#8505,#8512,#8519,#8526,#8533,#8540,#8547,#8554,#8561,#8568,
    #8575,#8582,#8589,#8596,#8603,#8610,#8617,#8624,#8631,#8638,#8645,
    #8652,#8659,#8666,#8673,#8680,#8687,#8694,#8701,#8708,#8715,#8722,
    #8729,#8736,#8743,#8750,#8757,#8764,#8771,#8778,#8785,#8792,#8799,
    #8806,#8813,#8820,#8827,#8834,#8841,#8848,#8855,#8862,#8869,#8876,
    #8883,#8890,#8897,#8904,#8911,#8918,#8925,#8932,#8939,#8946,#8953,
    #8960,#8967,#8974,#8981,#8988,#8995,#9002,#9009,#9016,#9023,#9030),
  #3460);
#8420 = STYLED_ITEM('color',(#8421),#1008);
#8421 = PRESENTATION_STYLE_ASSIGNMENT((#8422));
#8422 = SURFACE_STYLE_USAGE(.BOTH.,#8423);
#8423 = SURFACE_SIDE_STYLE('',(#8424));
#8424 = SURFACE_STYLE_FILL_AREA(#8425);
#8425 = FILL_AREA_STYLE('',(#8426));
#8426 = FILL_AREA_STYLE_COLOUR('',#8427);
#8427 = COLOUR_RGB('',0.337254907675,0.678431390124,0.443137255223);
#8428 = STYLED_ITEM('color',(#8429),#1048);
#8429 = PRESENTATION_STYLE_ASSIGNMENT((#8430));
#8430 = SURFACE_STYLE_USAGE(.BOTH.,#8431);
#8431 = SURFACE_SIDE_STYLE('',(#8432));
#8432 = SURFACE_STYLE_FILL_AREA(#8433);
#8433 = FILL_AREA_STYLE('',(#8434));
#8434 = FILL_AREA_STYLE_COLOUR('',#8427);
#8435 = STYLED_ITEM('color',(#8436),#1079);
#8436 = PRESENTATION_STYLE_ASSIGNMENT((#8437));
#8437 = SURFACE_STYLE_USAGE(.BOTH.,#8438);
#8438 = SURFACE_SIDE_STYLE('',(#8439));
#8439 = SURFACE_STYLE_FILL_AREA(#8440);
#8440 = FILL_AREA_STYLE('',(#8441));
#8441 = FILL_AREA_STYLE_COLOUR('',#8427);
#8442 = STYLED_ITEM('color',(#8443),#1212);
#8443 = PRESENTATION_STYLE_ASSIGNMENT((#8444));
#8444 = SURFACE_STYLE_USAGE(.BOTH.,#8445);
#8445 = SURFACE_SIDE_STYLE('',(#8446));
#8446 = SURFACE_STYLE_FILL_AREA(#8447);
#8447 = FILL_AREA_STYLE('',(#8448));
#8448 = FILL_AREA_STYLE_COLOUR('',#8427);
#8449 = STYLED_ITEM('color',(#8450),#1253);
#8450 = PRESENTATION_STYLE_ASSIGNMENT((#8451));
#8451 = SURFACE_STYLE_USAGE(.BOTH.,#8452);
#8452 = SURFACE_SIDE_STYLE('',(#8453));
#8453 = SURFACE_STYLE_FILL_AREA(#8454);
#8454 = FILL_AREA_STYLE('',(#8455));
#8455 = FILL_AREA_STYLE_COLOUR('',#8427);
#8456 = STYLED_ITEM('color',(#8457),#1294);
#8457 = PRESENTATION_STYLE_ASSIGNMENT((#8458));
#8458 = SURFACE_STYLE_USAGE(.BOTH.,#8459);
#8459 = SURFACE_SIDE_STYLE('',(#8460));
#8460 = SURFACE_STYLE_FILL_AREA(#8461);
#8461 = FILL_AREA_STYLE('',(#8462));
#8462 = FILL_AREA_STYLE_COLOUR('',#8427);
#8463 = STYLED_ITEM('color',(#8464),#1311);
#8464 = PRESENTATION_STYLE_ASSIGNMENT((#8465));
#8465 = SURFACE_STYLE_USAGE(.BOTH.,#8466);
#8466 = SURFACE_SIDE_STYLE('',(#8467));
#8467 = SURFACE_STYLE_FILL_AREA(#8468);
#8468 = FILL_AREA_STYLE('',(#8469));
#8469 = FILL_AREA_STYLE_COLOUR('',#8427);
#8470 = STYLED_ITEM('color',(#8471),#1443);
#8471 = PRESENTATION_STYLE_ASSIGNMENT((#8472));
#8472 = SURFACE_STYLE_USAGE(.BOTH.,#8473);
#8473 = SURFACE_SIDE_STYLE('',(#8474));
#8474 = SURFACE_STYLE_FILL_AREA(#8475);
#8475 = FILL_AREA_STYLE('',(#8476));
#8476 = FILL_AREA_STYLE_COLOUR('',#7793);
#8477 = STYLED_ITEM('color',(#8478),#1474);
#8478 = PRESENTATION_STYLE_ASSIGNMENT((#8479));
#8479 = SURFACE_STYLE_USAGE(.BOTH.,#8480);
#8480 = SURFACE_SIDE_STYLE('',(#8481));
#8481 = SURFACE_STYLE_FILL_AREA(#8482);
#8482 = FILL_AREA_STYLE('',(#8483));
#8483 = FILL_AREA_STYLE_COLOUR('',#7793);
#8484 = STYLED_ITEM('color',(#8485),#1498);
#8485 = PRESENTATION_STYLE_ASSIGNMENT((#8486));
#8486 = SURFACE_STYLE_USAGE(.BOTH.,#8487);
#8487 = SURFACE_SIDE_STYLE('',(#8488));
#8488 = SURFACE_STYLE_FILL_AREA(#8489);
#8489 = FILL_AREA_STYLE('',(#8490));
#8490 = FILL_AREA_STYLE_COLOUR('',#7793);
#8491 = STYLED_ITEM('color',(#8492),#1522);
#8492 = PRESENTATION_STYLE_ASSIGNMENT((#8493));
#8493 = SURFACE_STYLE_USAGE(.BOTH.,#8494);
#8494 = SURFACE_SIDE_STYLE('',(#8495));
#8495 = SURFACE_STYLE_FILL_AREA(#8496);
#8496 = FILL_AREA_STYLE('',(#8497));
#8497 = FILL_AREA_STYLE_COLOUR('',#7793);
#8498 = STYLED_ITEM('color',(#8499),#1539);
#8499 = PRESENTATION_STYLE_ASSIGNMENT((#8500));
#8500 = SURFACE_STYLE_USAGE(.BOTH.,#8501);
#8501 = SURFACE_SIDE_STYLE('',(#8502));
#8502 = SURFACE_STYLE_FILL_AREA(#8503);
#8503 = FILL_AREA_STYLE('',(#8504));
#8504 = FILL_AREA_STYLE_COLOUR('',#7793);
#8505 = STYLED_ITEM('color',(#8506),#1570);
#8506 = PRESENTATION_STYLE_ASSIGNMENT((#8507));
#8507 = SURFACE_STYLE_USAGE(.BOTH.,#8508);
#8508 = SURFACE_SIDE_STYLE('',(#8509));
#8509 = SURFACE_STYLE_FILL_AREA(#8510);
#8510 = FILL_AREA_STYLE('',(#8511));
#8511 = FILL_AREA_STYLE_COLOUR('',#7793);
#8512 = STYLED_ITEM('color',(#8513),#1594);
#8513 = PRESENTATION_STYLE_ASSIGNMENT((#8514));
#8514 = SURFACE_STYLE_USAGE(.BOTH.,#8515);
#8515 = SURFACE_SIDE_STYLE('',(#8516));
#8516 = SURFACE_STYLE_FILL_AREA(#8517);
#8517 = FILL_AREA_STYLE('',(#8518));
#8518 = FILL_AREA_STYLE_COLOUR('',#7793);
#8519 = STYLED_ITEM('color',(#8520),#1618);
#8520 = PRESENTATION_STYLE_ASSIGNMENT((#8521));
#8521 = SURFACE_STYLE_USAGE(.BOTH.,#8522);
#8522 = SURFACE_SIDE_STYLE('',(#8523));
#8523 = SURFACE_STYLE_FILL_AREA(#8524);
#8524 = FILL_AREA_STYLE('',(#8525));
#8525 = FILL_AREA_STYLE_COLOUR('',#7793);
#8526 = STYLED_ITEM('color',(#8527),#1635);
#8527 = PRESENTATION_STYLE_ASSIGNMENT((#8528));
#8528 = SURFACE_STYLE_USAGE(.BOTH.,#8529);
#8529 = SURFACE_SIDE_STYLE('',(#8530));
#8530 = SURFACE_STYLE_FILL_AREA(#8531);
#8531 = FILL_AREA_STYLE('',(#8532));
#8532 = FILL_AREA_STYLE_COLOUR('',#7793);
#8533 = STYLED_ITEM('color',(#8534),#1666);
#8534 = PRESENTATION_STYLE_ASSIGNMENT((#8535));
#8535 = SURFACE_STYLE_USAGE(.BOTH.,#8536);
#8536 = SURFACE_SIDE_STYLE('',(#8537));
#8537 = SURFACE_STYLE_FILL_AREA(#8538);
#8538 = FILL_AREA_STYLE('',(#8539));
#8539 = FILL_AREA_STYLE_COLOUR('',#7793);
#8540 = STYLED_ITEM('color',(#8541),#1690);
#8541 = PRESENTATION_STYLE_ASSIGNMENT((#8542));
#8542 = SURFACE_STYLE_USAGE(.BOTH.,#8543);
#8543 = SURFACE_SIDE_STYLE('',(#8544));
#8544 = SURFACE_STYLE_FILL_AREA(#8545);
#8545 = FILL_AREA_STYLE('',(#8546));
#8546 = FILL_AREA_STYLE_COLOUR('',#7793);
#8547 = STYLED_ITEM('color',(#8548),#1714);
#8548 = PRESENTATION_STYLE_ASSIGNMENT((#8549));
#8549 = SURFACE_STYLE_USAGE(.BOTH.,#8550);
#8550 = SURFACE_SIDE_STYLE('',(#8551));
#8551 = SURFACE_STYLE_FILL_AREA(#8552);
#8552 = FILL_AREA_STYLE('',(#8553));
#8553 = FILL_AREA_STYLE_COLOUR('',#7793);
#8554 = STYLED_ITEM('color',(#8555),#1731);
#8555 = PRESENTATION_STYLE_ASSIGNMENT((#8556));
#8556 = SURFACE_STYLE_USAGE(.BOTH.,#8557);
#8557 = SURFACE_SIDE_STYLE('',(#8558));
#8558 = SURFACE_STYLE_FILL_AREA(#8559);
#8559 = FILL_AREA_STYLE('',(#8560));
#8560 = FILL_AREA_STYLE_COLOUR('',#8427);
#8561 = STYLED_ITEM('color',(#8562),#1755);
#8562 = PRESENTATION_STYLE_ASSIGNMENT((#8563));
#8563 = SURFACE_STYLE_USAGE(.BOTH.,#8564);
#8564 = SURFACE_SIDE_STYLE('',(#8565));
#8565 = SURFACE_STYLE_FILL_AREA(#8566);
#8566 = FILL_AREA_STYLE('',(#8567));
#8567 = FILL_AREA_STYLE_COLOUR('',#8427);
#8568 = STYLED_ITEM('color',(#8569),#1813);
#8569 = PRESENTATION_STYLE_ASSIGNMENT((#8570));
#8570 = SURFACE_STYLE_USAGE(.BOTH.,#8571);
#8571 = SURFACE_SIDE_STYLE('',(#8572));
#8572 = SURFACE_STYLE_FILL_AREA(#8573);
#8573 = FILL_AREA_STYLE('',(#8574));
#8574 = FILL_AREA_STYLE_COLOUR('',#8427);
#8575 = STYLED_ITEM('color',(#8576),#1830);
#8576 = PRESENTATION_STYLE_ASSIGNMENT((#8577));
#8577 = SURFACE_STYLE_USAGE(.BOTH.,#8578);
#8578 = SURFACE_SIDE_STYLE('',(#8579));
#8579 = SURFACE_STYLE_FILL_AREA(#8580);
#8580 = FILL_AREA_STYLE('',(#8581));
#8581 = FILL_AREA_STYLE_COLOUR('',#8427);
#8582 = STYLED_ITEM('color',(#8583),#1854);
#8583 = PRESENTATION_STYLE_ASSIGNMENT((#8584));
#8584 = SURFACE_STYLE_USAGE(.BOTH.,#8585);
#8585 = SURFACE_SIDE_STYLE('',(#8586));
#8586 = SURFACE_STYLE_FILL_AREA(#8587);
#8587 = FILL_AREA_STYLE('',(#8588));
#8588 = FILL_AREA_STYLE_COLOUR('',#8427);
#8589 = STYLED_ITEM('color',(#8590),#1965);
#8590 = PRESENTATION_STYLE_ASSIGNMENT((#8591));
#8591 = SURFACE_STYLE_USAGE(.BOTH.,#8592);
#8592 = SURFACE_SIDE_STYLE('',(#8593));
#8593 = SURFACE_STYLE_FILL_AREA(#8594);
#8594 = FILL_AREA_STYLE('',(#8595));
#8595 = FILL_AREA_STYLE_COLOUR('',#8427);
#8596 = STYLED_ITEM('color',(#8597),#1989);
#8597 = PRESENTATION_STYLE_ASSIGNMENT((#8598));
#8598 = SURFACE_STYLE_USAGE(.BOTH.,#8599);
#8599 = SURFACE_SIDE_STYLE('',(#8600));
#8600 = SURFACE_STYLE_FILL_AREA(#8601);
#8601 = FILL_AREA_STYLE('',(#8602));
#8602 = FILL_AREA_STYLE_COLOUR('',#8427);
#8603 = STYLED_ITEM('color',(#8604),#2013);
#8604 = PRESENTATION_STYLE_ASSIGNMENT((#8605));
#8605 = SURFACE_STYLE_USAGE(.BOTH.,#8606);
#8606 = SURFACE_SIDE_STYLE('',(#8607));
#8607 = SURFACE_STYLE_FILL_AREA(#8608);
#8608 = FILL_AREA_STYLE('',(#8609));
#8609 = FILL_AREA_STYLE_COLOUR('',#8427);
#8610 = STYLED_ITEM('color',(#8611),#2038);
#8611 = PRESENTATION_STYLE_ASSIGNMENT((#8612));
#8612 = SURFACE_STYLE_USAGE(.BOTH.,#8613);
#8613 = SURFACE_SIDE_STYLE('',(#8614));
#8614 = SURFACE_STYLE_FILL_AREA(#8615);
#8615 = FILL_AREA_STYLE('',(#8616));
#8616 = FILL_AREA_STYLE_COLOUR('',#8427);
#8617 = STYLED_ITEM('color',(#8618),#2062);
#8618 = PRESENTATION_STYLE_ASSIGNMENT((#8619));
#8619 = SURFACE_STYLE_USAGE(.BOTH.,#8620);
#8620 = SURFACE_SIDE_STYLE('',(#8621));
#8621 = SURFACE_STYLE_FILL_AREA(#8622);
#8622 = FILL_AREA_STYLE('',(#8623));
#8623 = FILL_AREA_STYLE_COLOUR('',#8427);
#8624 = STYLED_ITEM('color',(#8625),#2087);
#8625 = PRESENTATION_STYLE_ASSIGNMENT((#8626));
#8626 = SURFACE_STYLE_USAGE(.BOTH.,#8627);
#8627 = SURFACE_SIDE_STYLE('',(#8628));
#8628 = SURFACE_STYLE_FILL_AREA(#8629);
#8629 = FILL_AREA_STYLE('',(#8630));
#8630 = FILL_AREA_STYLE_COLOUR('',#8427);
#8631 = STYLED_ITEM('color',(#8632),#2111);
#8632 = PRESENTATION_STYLE_ASSIGNMENT((#8633));
#8633 = SURFACE_STYLE_USAGE(.BOTH.,#8634);
#8634 = SURFACE_SIDE_STYLE('',(#8635));
#8635 = SURFACE_STYLE_FILL_AREA(#8636);
#8636 = FILL_AREA_STYLE('',(#8637));
#8637 = FILL_AREA_STYLE_COLOUR('',#8427);
#8638 = STYLED_ITEM('color',(#8639),#2136);
#8639 = PRESENTATION_STYLE_ASSIGNMENT((#8640));
#8640 = SURFACE_STYLE_USAGE(.BOTH.,#8641);
#8641 = SURFACE_SIDE_STYLE('',(#8642));
#8642 = SURFACE_STYLE_FILL_AREA(#8643);
#8643 = FILL_AREA_STYLE('',(#8644));
#8644 = FILL_AREA_STYLE_COLOUR('',#8427);
#8645 = STYLED_ITEM('color',(#8646),#2160);
#8646 = PRESENTATION_STYLE_ASSIGNMENT((#8647));
#8647 = SURFACE_STYLE_USAGE(.BOTH.,#8648);
#8648 = SURFACE_SIDE_STYLE('',(#8649));
#8649 = SURFACE_STYLE_FILL_AREA(#8650);
#8650 = FILL_AREA_STYLE('',(#8651));
#8651 = FILL_AREA_STYLE_COLOUR('',#8427);
#8652 = STYLED_ITEM('color',(#8653),#2177);
#8653 = PRESENTATION_STYLE_ASSIGNMENT((#8654));
#8654 = SURFACE_STYLE_USAGE(.BOTH.,#8655);
#8655 = SURFACE_SIDE_STYLE('',(#8656));
#8656 = SURFACE_STYLE_FILL_AREA(#8657);
#8657 = FILL_AREA_STYLE('',(#8658));
#8658 = FILL_AREA_STYLE_COLOUR('',#8427);
#8659 = STYLED_ITEM('color',(#8660),#2194);
#8660 = PRESENTATION_STYLE_ASSIGNMENT((#8661));
#8661 = SURFACE_STYLE_USAGE(.BOTH.,#8662);
#8662 = SURFACE_SIDE_STYLE('',(#8663));
#8663 = SURFACE_STYLE_FILL_AREA(#8664);
#8664 = FILL_AREA_STYLE('',(#8665));
#8665 = FILL_AREA_STYLE_COLOUR('',#7793);
#8666 = STYLED_ITEM('color',(#8667),#2225);
#8667 = PRESENTATION_STYLE_ASSIGNMENT((#8668));
#8668 = SURFACE_STYLE_USAGE(.BOTH.,#8669);
#8669 = SURFACE_SIDE_STYLE('',(#8670));
#8670 = SURFACE_STYLE_FILL_AREA(#8671);
#8671 = FILL_AREA_STYLE('',(#8672));
#8672 = FILL_AREA_STYLE_COLOUR('',#7793);
#8673 = STYLED_ITEM('color',(#8674),#2249);
#8674 = PRESENTATION_STYLE_ASSIGNMENT((#8675));
#8675 = SURFACE_STYLE_USAGE(.BOTH.,#8676);
#8676 = SURFACE_SIDE_STYLE('',(#8677));
#8677 = SURFACE_STYLE_FILL_AREA(#8678);
#8678 = FILL_AREA_STYLE('',(#8679));
#8679 = FILL_AREA_STYLE_COLOUR('',#7793);
#8680 = STYLED_ITEM('color',(#8681),#2273);
#8681 = PRESENTATION_STYLE_ASSIGNMENT((#8682));
#8682 = SURFACE_STYLE_USAGE(.BOTH.,#8683);
#8683 = SURFACE_SIDE_STYLE('',(#8684));
#8684 = SURFACE_STYLE_FILL_AREA(#8685);
#8685 = FILL_AREA_STYLE('',(#8686));
#8686 = FILL_AREA_STYLE_COLOUR('',#7793);
#8687 = STYLED_ITEM('color',(#8688),#2290);
#8688 = PRESENTATION_STYLE_ASSIGNMENT((#8689));
#8689 = SURFACE_STYLE_USAGE(.BOTH.,#8690);
#8690 = SURFACE_SIDE_STYLE('',(#8691));
#8691 = SURFACE_STYLE_FILL_AREA(#8692);
#8692 = FILL_AREA_STYLE('',(#8693));
#8693 = FILL_AREA_STYLE_COLOUR('',#7793);
#8694 = STYLED_ITEM('color',(#8695),#2321);
#8695 = PRESENTATION_STYLE_ASSIGNMENT((#8696));
#8696 = SURFACE_STYLE_USAGE(.BOTH.,#8697);
#8697 = SURFACE_SIDE_STYLE('',(#8698));
#8698 = SURFACE_STYLE_FILL_AREA(#8699);
#8699 = FILL_AREA_STYLE('',(#8700));
#8700 = FILL_AREA_STYLE_COLOUR('',#7793);
#8701 = STYLED_ITEM('color',(#8702),#2345);
#8702 = PRESENTATION_STYLE_ASSIGNMENT((#8703));
#8703 = SURFACE_STYLE_USAGE(.BOTH.,#8704);
#8704 = SURFACE_SIDE_STYLE('',(#8705));
#8705 = SURFACE_STYLE_FILL_AREA(#8706);
#8706 = FILL_AREA_STYLE('',(#8707));
#8707 = FILL_AREA_STYLE_COLOUR('',#7793);
#8708 = STYLED_ITEM('color',(#8709),#2369);
#8709 = PRESENTATION_STYLE_ASSIGNMENT((#8710));
#8710 = SURFACE_STYLE_USAGE(.BOTH.,#8711);
#8711 = SURFACE_SIDE_STYLE('',(#8712));
#8712 = SURFACE_STYLE_FILL_AREA(#8713);
#8713 = FILL_AREA_STYLE('',(#8714));
#8714 = FILL_AREA_STYLE_COLOUR('',#7793);
#8715 = STYLED_ITEM('color',(#8716),#2386);
#8716 = PRESENTATION_STYLE_ASSIGNMENT((#8717));
#8717 = SURFACE_STYLE_USAGE(.BOTH.,#8718);
#8718 = SURFACE_SIDE_STYLE('',(#8719));
#8719 = SURFACE_STYLE_FILL_AREA(#8720);
#8720 = FILL_AREA_STYLE('',(#8721));
#8721 = FILL_AREA_STYLE_COLOUR('',#7793);
#8722 = STYLED_ITEM('color',(#8723),#2417);
#8723 = PRESENTATION_STYLE_ASSIGNMENT((#8724));
#8724 = SURFACE_STYLE_USAGE(.BOTH.,#8725);
#8725 = SURFACE_SIDE_STYLE('',(#8726));
#8726 = SURFACE_STYLE_FILL_AREA(#8727);
#8727 = FILL_AREA_STYLE('',(#8728));
#8728 = FILL_AREA_STYLE_COLOUR('',#7793);
#8729 = STYLED_ITEM('color',(#8730),#2441);
#8730 = PRESENTATION_STYLE_ASSIGNMENT((#8731));
#8731 = SURFACE_STYLE_USAGE(.BOTH.,#8732);
#8732 = SURFACE_SIDE_STYLE('',(#8733));
#8733 = SURFACE_STYLE_FILL_AREA(#8734);
#8734 = FILL_AREA_STYLE('',(#8735));
#8735 = FILL_AREA_STYLE_COLOUR('',#7793);
#8736 = STYLED_ITEM('color',(#8737),#2465);
#8737 = PRESENTATION_STYLE_ASSIGNMENT((#8738));
#8738 = SURFACE_STYLE_USAGE(.BOTH.,#8739);
#8739 = SURFACE_SIDE_STYLE('',(#8740));
#8740 = SURFACE_STYLE_FILL_AREA(#8741);
#8741 = FILL_AREA_STYLE('',(#8742));
#8742 = FILL_AREA_STYLE_COLOUR('',#7793);
#8743 = STYLED_ITEM('color',(#8744),#2482);
#8744 = PRESENTATION_STYLE_ASSIGNMENT((#8745));
#8745 = SURFACE_STYLE_USAGE(.BOTH.,#8746);
#8746 = SURFACE_SIDE_STYLE('',(#8747));
#8747 = SURFACE_STYLE_FILL_AREA(#8748);
#8748 = FILL_AREA_STYLE('',(#8749));
#8749 = FILL_AREA_STYLE_COLOUR('',#8427);
#8750 = STYLED_ITEM('color',(#8751),#2499);
#8751 = PRESENTATION_STYLE_ASSIGNMENT((#8752));
#8752 = SURFACE_STYLE_USAGE(.BOTH.,#8753);
#8753 = SURFACE_SIDE_STYLE('',(#8754));
#8754 = SURFACE_STYLE_FILL_AREA(#8755);
#8755 = FILL_AREA_STYLE('',(#8756));
#8756 = FILL_AREA_STYLE_COLOUR('',#8427);
#8757 = STYLED_ITEM('color',(#8758),#2530);
#8758 = PRESENTATION_STYLE_ASSIGNMENT((#8759));
#8759 = SURFACE_STYLE_USAGE(.BOTH.,#8760);
#8760 = SURFACE_SIDE_STYLE('',(#8761));
#8761 = SURFACE_STYLE_FILL_AREA(#8762);
#8762 = FILL_AREA_STYLE('',(#8763));
#8763 = FILL_AREA_STYLE_COLOUR('',#8427);
#8764 = STYLED_ITEM('color',(#8765),#2552);
#8765 = PRESENTATION_STYLE_ASSIGNMENT((#8766));
#8766 = SURFACE_STYLE_USAGE(.BOTH.,#8767);
#8767 = SURFACE_SIDE_STYLE('',(#8768));
#8768 = SURFACE_STYLE_FILL_AREA(#8769);
#8769 = FILL_AREA_STYLE('',(#8770));
#8770 = FILL_AREA_STYLE_COLOUR('',#8427);
#8771 = STYLED_ITEM('color',(#8772),#2583);
#8772 = PRESENTATION_STYLE_ASSIGNMENT((#8773));
#8773 = SURFACE_STYLE_USAGE(.BOTH.,#8774);
#8774 = SURFACE_SIDE_STYLE('',(#8775));
#8775 = SURFACE_STYLE_FILL_AREA(#8776);
#8776 = FILL_AREA_STYLE('',(#8777));
#8777 = FILL_AREA_STYLE_COLOUR('',#8427);
#8778 = STYLED_ITEM('color',(#8779),#2600);
#8779 = PRESENTATION_STYLE_ASSIGNMENT((#8780));
#8780 = SURFACE_STYLE_USAGE(.BOTH.,#8781);
#8781 = SURFACE_SIDE_STYLE('',(#8782));
#8782 = SURFACE_STYLE_FILL_AREA(#8783);
#8783 = FILL_AREA_STYLE('',(#8784));
#8784 = FILL_AREA_STYLE_COLOUR('',#8427);
#8785 = STYLED_ITEM('color',(#8786),#2617);
#8786 = PRESENTATION_STYLE_ASSIGNMENT((#8787));
#8787 = SURFACE_STYLE_USAGE(.BOTH.,#8788);
#8788 = SURFACE_SIDE_STYLE('',(#8789));
#8789 = SURFACE_STYLE_FILL_AREA(#8790);
#8790 = FILL_AREA_STYLE('',(#8791));
#8791 = FILL_AREA_STYLE_COLOUR('',#8427);
#8792 = STYLED_ITEM('color',(#8793),#2634);
#8793 = PRESENTATION_STYLE_ASSIGNMENT((#8794));
#8794 = SURFACE_STYLE_USAGE(.BOTH.,#8795);
#8795 = SURFACE_SIDE_STYLE('',(#8796));
#8796 = SURFACE_STYLE_FILL_AREA(#8797);
#8797 = FILL_AREA_STYLE('',(#8798));
#8798 = FILL_AREA_STYLE_COLOUR('',#8427);
#8799 = STYLED_ITEM('color',(#8800),#2646);
#8800 = PRESENTATION_STYLE_ASSIGNMENT((#8801));
#8801 = SURFACE_STYLE_USAGE(.BOTH.,#8802);
#8802 = SURFACE_SIDE_STYLE('',(#8803));
#8803 = SURFACE_STYLE_FILL_AREA(#8804);
#8804 = FILL_AREA_STYLE('',(#8805));
#8805 = FILL_AREA_STYLE_COLOUR('',#8427);
#8806 = STYLED_ITEM('color',(#8807),#2663);
#8807 = PRESENTATION_STYLE_ASSIGNMENT((#8808));
#8808 = SURFACE_STYLE_USAGE(.BOTH.,#8809);
#8809 = SURFACE_SIDE_STYLE('',(#8810));
#8810 = SURFACE_STYLE_FILL_AREA(#8811);
#8811 = FILL_AREA_STYLE('',(#8812));
#8812 = FILL_AREA_STYLE_COLOUR('',#8427);
#8813 = STYLED_ITEM('color',(#8814),#2680);
#8814 = PRESENTATION_STYLE_ASSIGNMENT((#8815));
#8815 = SURFACE_STYLE_USAGE(.BOTH.,#8816);
#8816 = SURFACE_SIDE_STYLE('',(#8817));
#8817 = SURFACE_STYLE_FILL_AREA(#8818);
#8818 = FILL_AREA_STYLE('',(#8819));
#8819 = FILL_AREA_STYLE_COLOUR('',#8427);
#8820 = STYLED_ITEM('color',(#8821),#2692);
#8821 = PRESENTATION_STYLE_ASSIGNMENT((#8822));
#8822 = SURFACE_STYLE_USAGE(.BOTH.,#8823);
#8823 = SURFACE_SIDE_STYLE('',(#8824));
#8824 = SURFACE_STYLE_FILL_AREA(#8825);
#8825 = FILL_AREA_STYLE('',(#8826));
#8826 = FILL_AREA_STYLE_COLOUR('',#8427);
#8827 = STYLED_ITEM('color',(#8828),#2812);
#8828 = PRESENTATION_STYLE_ASSIGNMENT((#8829));
#8829 = SURFACE_STYLE_USAGE(.BOTH.,#8830);
#8830 = SURFACE_SIDE_STYLE('',(#8831));
#8831 = SURFACE_STYLE_FILL_AREA(#8832);
#8832 = FILL_AREA_STYLE('',(#8833));
#8833 = FILL_AREA_STYLE_COLOUR('',#7793);
#8834 = STYLED_ITEM('color',(#8835),#2824);
#8835 = PRESENTATION_STYLE_ASSIGNMENT((#8836));
#8836 = SURFACE_STYLE_USAGE(.BOTH.,#8837);
#8837 = SURFACE_SIDE_STYLE('',(#8838));
#8838 = SURFACE_STYLE_FILL_AREA(#8839);
#8839 = FILL_AREA_STYLE('',(#8840));
#8840 = FILL_AREA_STYLE_COLOUR('',#7793);
#8841 = STYLED_ITEM('color',(#8842),#2836);
#8842 = PRESENTATION_STYLE_ASSIGNMENT((#8843));
#8843 = SURFACE_STYLE_USAGE(.BOTH.,#8844);
#8844 = SURFACE_SIDE_STYLE('',(#8845));
#8845 = SURFACE_STYLE_FILL_AREA(#8846);
#8846 = FILL_AREA_STYLE('',(#8847));
#8847 = FILL_AREA_STYLE_COLOUR('',#7793);
#8848 = STYLED_ITEM('color',(#8849),#2848);
#8849 = PRESENTATION_STYLE_ASSIGNMENT((#8850));
#8850 = SURFACE_STYLE_USAGE(.BOTH.,#8851);
#8851 = SURFACE_SIDE_STYLE('',(#8852));
#8852 = SURFACE_STYLE_FILL_AREA(#8853);
#8853 = FILL_AREA_STYLE('',(#8854));
#8854 = FILL_AREA_STYLE_COLOUR('',#7793);
#8855 = STYLED_ITEM('color',(#8856),#2879);
#8856 = PRESENTATION_STYLE_ASSIGNMENT((#8857));
#8857 = SURFACE_STYLE_USAGE(.BOTH.,#8858);
#8858 = SURFACE_SIDE_STYLE('',(#8859));
#8859 = SURFACE_STYLE_FILL_AREA(#8860);
#8860 = FILL_AREA_STYLE('',(#8861));
#8861 = FILL_AREA_STYLE_COLOUR('',#7793);
#8862 = STYLED_ITEM('color',(#8863),#2903);
#8863 = PRESENTATION_STYLE_ASSIGNMENT((#8864));
#8864 = SURFACE_STYLE_USAGE(.BOTH.,#8865);
#8865 = SURFACE_SIDE_STYLE('',(#8866));
#8866 = SURFACE_STYLE_FILL_AREA(#8867);
#8867 = FILL_AREA_STYLE('',(#8868));
#8868 = FILL_AREA_STYLE_COLOUR('',#7793);
#8869 = STYLED_ITEM('color',(#8870),#2927);
#8870 = PRESENTATION_STYLE_ASSIGNMENT((#8871));
#8871 = SURFACE_STYLE_USAGE(.BOTH.,#8872);
#8872 = SURFACE_SIDE_STYLE('',(#8873));
#8873 = SURFACE_STYLE_FILL_AREA(#8874);
#8874 = FILL_AREA_STYLE('',(#8875));
#8875 = FILL_AREA_STYLE_COLOUR('',#7793);
#8876 = STYLED_ITEM('color',(#8877),#2944);
#8877 = PRESENTATION_STYLE_ASSIGNMENT((#8878));
#8878 = SURFACE_STYLE_USAGE(.BOTH.,#8879);
#8879 = SURFACE_SIDE_STYLE('',(#8880));
#8880 = SURFACE_STYLE_FILL_AREA(#8881);
#8881 = FILL_AREA_STYLE('',(#8882));
#8882 = FILL_AREA_STYLE_COLOUR('',#7793);
#8883 = STYLED_ITEM('color',(#8884),#2975);
#8884 = PRESENTATION_STYLE_ASSIGNMENT((#8885));
#8885 = SURFACE_STYLE_USAGE(.BOTH.,#8886);
#8886 = SURFACE_SIDE_STYLE('',(#8887));
#8887 = SURFACE_STYLE_FILL_AREA(#8888);
#8888 = FILL_AREA_STYLE('',(#8889));
#8889 = FILL_AREA_STYLE_COLOUR('',#7793);
#8890 = STYLED_ITEM('color',(#8891),#2999);
#8891 = PRESENTATION_STYLE_ASSIGNMENT((#8892));
#8892 = SURFACE_STYLE_USAGE(.BOTH.,#8893);
#8893 = SURFACE_SIDE_STYLE('',(#8894));
#8894 = SURFACE_STYLE_FILL_AREA(#8895);
#8895 = FILL_AREA_STYLE('',(#8896));
#8896 = FILL_AREA_STYLE_COLOUR('',#7793);
#8897 = STYLED_ITEM('color',(#8898),#3023);
#8898 = PRESENTATION_STYLE_ASSIGNMENT((#8899));
#8899 = SURFACE_STYLE_USAGE(.BOTH.,#8900);
#8900 = SURFACE_SIDE_STYLE('',(#8901));
#8901 = SURFACE_STYLE_FILL_AREA(#8902);
#8902 = FILL_AREA_STYLE('',(#8903));
#8903 = FILL_AREA_STYLE_COLOUR('',#7793);
#8904 = STYLED_ITEM('color',(#8905),#3040);
#8905 = PRESENTATION_STYLE_ASSIGNMENT((#8906));
#8906 = SURFACE_STYLE_USAGE(.BOTH.,#8907);
#8907 = SURFACE_SIDE_STYLE('',(#8908));
#8908 = SURFACE_STYLE_FILL_AREA(#8909);
#8909 = FILL_AREA_STYLE('',(#8910));
#8910 = FILL_AREA_STYLE_COLOUR('',#7793);
#8911 = STYLED_ITEM('color',(#8912),#3071);
#8912 = PRESENTATION_STYLE_ASSIGNMENT((#8913));
#8913 = SURFACE_STYLE_USAGE(.BOTH.,#8914);
#8914 = SURFACE_SIDE_STYLE('',(#8915));
#8915 = SURFACE_STYLE_FILL_AREA(#8916);
#8916 = FILL_AREA_STYLE('',(#8917));
#8917 = FILL_AREA_STYLE_COLOUR('',#7793);
#8918 = STYLED_ITEM('color',(#8919),#3095);
#8919 = PRESENTATION_STYLE_ASSIGNMENT((#8920));
#8920 = SURFACE_STYLE_USAGE(.BOTH.,#8921);
#8921 = SURFACE_SIDE_STYLE('',(#8922));
#8922 = SURFACE_STYLE_FILL_AREA(#8923);
#8923 = FILL_AREA_STYLE('',(#8924));
#8924 = FILL_AREA_STYLE_COLOUR('',#7793);
#8925 = STYLED_ITEM('color',(#8926),#3119);
#8926 = PRESENTATION_STYLE_ASSIGNMENT((#8927));
#8927 = SURFACE_STYLE_USAGE(.BOTH.,#8928);
#8928 = SURFACE_SIDE_STYLE('',(#8929));
#8929 = SURFACE_STYLE_FILL_AREA(#8930);
#8930 = FILL_AREA_STYLE('',(#8931));
#8931 = FILL_AREA_STYLE_COLOUR('',#7793);
#8932 = STYLED_ITEM('color',(#8933),#3136);
#8933 = PRESENTATION_STYLE_ASSIGNMENT((#8934));
#8934 = SURFACE_STYLE_USAGE(.BOTH.,#8935);
#8935 = SURFACE_SIDE_STYLE('',(#8936));
#8936 = SURFACE_STYLE_FILL_AREA(#8937);
#8937 = FILL_AREA_STYLE('',(#8938));
#8938 = FILL_AREA_STYLE_COLOUR('',#7793);
#8939 = STYLED_ITEM('color',(#8940),#3167);
#8940 = PRESENTATION_STYLE_ASSIGNMENT((#8941));
#8941 = SURFACE_STYLE_USAGE(.BOTH.,#8942);
#8942 = SURFACE_SIDE_STYLE('',(#8943));
#8943 = SURFACE_STYLE_FILL_AREA(#8944);
#8944 = FILL_AREA_STYLE('',(#8945));
#8945 = FILL_AREA_STYLE_COLOUR('',#7793);
#8946 = STYLED_ITEM('color',(#8947),#3191);
#8947 = PRESENTATION_STYLE_ASSIGNMENT((#8948));
#8948 = SURFACE_STYLE_USAGE(.BOTH.,#8949);
#8949 = SURFACE_SIDE_STYLE('',(#8950));
#8950 = SURFACE_STYLE_FILL_AREA(#8951);
#8951 = FILL_AREA_STYLE('',(#8952));
#8952 = FILL_AREA_STYLE_COLOUR('',#7793);
#8953 = STYLED_ITEM('color',(#8954),#3215);
#8954 = PRESENTATION_STYLE_ASSIGNMENT((#8955));
#8955 = SURFACE_STYLE_USAGE(.BOTH.,#8956);
#8956 = SURFACE_SIDE_STYLE('',(#8957));
#8957 = SURFACE_STYLE_FILL_AREA(#8958);
#8958 = FILL_AREA_STYLE('',(#8959));
#8959 = FILL_AREA_STYLE_COLOUR('',#7793);
#8960 = STYLED_ITEM('color',(#8961),#3232);
#8961 = PRESENTATION_STYLE_ASSIGNMENT((#8962));
#8962 = SURFACE_STYLE_USAGE(.BOTH.,#8963);
#8963 = SURFACE_SIDE_STYLE('',(#8964));
#8964 = SURFACE_STYLE_FILL_AREA(#8965);
#8965 = FILL_AREA_STYLE('',(#8966));
#8966 = FILL_AREA_STYLE_COLOUR('',#7793);
#8967 = STYLED_ITEM('color',(#8968),#3263);
#8968 = PRESENTATION_STYLE_ASSIGNMENT((#8969));
#8969 = SURFACE_STYLE_USAGE(.BOTH.,#8970);
#8970 = SURFACE_SIDE_STYLE('',(#8971));
#8971 = SURFACE_STYLE_FILL_AREA(#8972);
#8972 = FILL_AREA_STYLE('',(#8973));
#8973 = FILL_AREA_STYLE_COLOUR('',#7793);
#8974 = STYLED_ITEM('color',(#8975),#3287);
#8975 = PRESENTATION_STYLE_ASSIGNMENT((#8976));
#8976 = SURFACE_STYLE_USAGE(.BOTH.,#8977);
#8977 = SURFACE_SIDE_STYLE('',(#8978));
#8978 = SURFACE_STYLE_FILL_AREA(#8979);
#8979 = FILL_AREA_STYLE('',(#8980));
#8980 = FILL_AREA_STYLE_COLOUR('',#7793);
#8981 = STYLED_ITEM('color',(#8982),#3311);
#8982 = PRESENTATION_STYLE_ASSIGNMENT((#8983));
#8983 = SURFACE_STYLE_USAGE(.BOTH.,#8984);
#8984 = SURFACE_SIDE_STYLE('',(#8985));
#8985 = SURFACE_STYLE_FILL_AREA(#8986);
#8986 = FILL_AREA_STYLE('',(#8987));
#8987 = FILL_AREA_STYLE_COLOUR('',#7793);
#8988 = STYLED_ITEM('color',(#8989),#3328);
#8989 = PRESENTATION_STYLE_ASSIGNMENT((#8990));
#8990 = SURFACE_STYLE_USAGE(.BOTH.,#8991);
#8991 = SURFACE_SIDE_STYLE('',(#8992));
#8992 = SURFACE_STYLE_FILL_AREA(#8993);
#8993 = FILL_AREA_STYLE('',(#8994));
#8994 = FILL_AREA_STYLE_COLOUR('',#7793);
#8995 = STYLED_ITEM('color',(#8996),#3359);
#8996 = PRESENTATION_STYLE_ASSIGNMENT((#8997));
#8997 = SURFACE_STYLE_USAGE(.BOTH.,#8998);
#8998 = SURFACE_SIDE_STYLE('',(#8999));
#8999 = SURFACE_STYLE_FILL_AREA(#9000);
#9000 = FILL_AREA_STYLE('',(#9001));
#9001 = FILL_AREA_STYLE_COLOUR('',#7793);
#9002 = STYLED_ITEM('color',(#9003),#3383);
#9003 = PRESENTATION_STYLE_ASSIGNMENT((#9004));
#9004 = SURFACE_STYLE_USAGE(.BOTH.,#9005);
#9005 = SURFACE_SIDE_STYLE('',(#9006));
#9006 = SURFACE_STYLE_FILL_AREA(#9007);
#9007 = FILL_AREA_STYLE('',(#9008));
#9008 = FILL_AREA_STYLE_COLOUR('',#7793);
#9009 = STYLED_ITEM('color',(#9010),#3407);
#9010 = PRESENTATION_STYLE_ASSIGNMENT((#9011));
#9011 = SURFACE_STYLE_USAGE(.BOTH.,#9012);
#9012 = SURFACE_SIDE_STYLE('',(#9013));
#9013 = SURFACE_STYLE_FILL_AREA(#9014);
#9014 = FILL_AREA_STYLE('',(#9015));
#9015 = FILL_AREA_STYLE_COLOUR('',#7793);
#9016 = STYLED_ITEM('color',(#9017),#3424);
#9017 = PRESENTATION_STYLE_ASSIGNMENT((#9018));
#9018 = SURFACE_STYLE_USAGE(.BOTH.,#9019);
#9019 = SURFACE_SIDE_STYLE('',(#9020));
#9020 = SURFACE_STYLE_FILL_AREA(#9021);
#9021 = FILL_AREA_STYLE('',(#9022));
#9022 = FILL_AREA_STYLE_COLOUR('',#7793);
#9023 = STYLED_ITEM('color',(#9024),#3436);
#9024 = PRESENTATION_STYLE_ASSIGNMENT((#9025));
#9025 = SURFACE_STYLE_USAGE(.BOTH.,#9026);
#9026 = SURFACE_SIDE_STYLE('',(#9027));
#9027 = SURFACE_STYLE_FILL_AREA(#9028);
#9028 = FILL_AREA_STYLE('',(#9029));
#9029 = FILL_AREA_STYLE_COLOUR('',#7793);
#9030 = STYLED_ITEM('color',(#9031),#3448);
#9031 = PRESENTATION_STYLE_ASSIGNMENT((#9032));
#9032 = SURFACE_STYLE_USAGE(.BOTH.,#9033);
#9033 = SURFACE_SIDE_STYLE('',(#9034));
#9034 = SURFACE_STYLE_FILL_AREA(#9035);
#9035 = FILL_AREA_STYLE('',(#9036));
#9036 = FILL_AREA_STYLE_COLOUR('',#7793);
#9037 = MECHANICAL_DESIGN_GEOMETRIC_PRESENTATION_REPRESENTATION('',(
    #9038,#9046,#9053,#9060,#9067,#9074,#9081,#9088,#9096,#9103,#9110,
    #9117,#9124,#9131,#9139,#9146,#9153,#9160,#9167,#9174,#9181,#9188,
    #9195,#9202,#9209,#9216),#4292);
#9038 = STYLED_ITEM('color',(#9039),#3504);
#9039 = PRESENTATION_STYLE_ASSIGNMENT((#9040));
#9040 = SURFACE_STYLE_USAGE(.BOTH.,#9041);
#9041 = SURFACE_SIDE_STYLE('',(#9042));
#9042 = SURFACE_STYLE_FILL_AREA(#9043);
#9043 = FILL_AREA_STYLE('',(#9044));
#9044 = FILL_AREA_STYLE_COLOUR('',#9045);
#9045 = COLOUR_RGB('',0.823999987314,0.819999987296,0.781000009244);
#9046 = STYLED_ITEM('color',(#9047),#3544);
#9047 = PRESENTATION_STYLE_ASSIGNMENT((#9048));
#9048 = SURFACE_STYLE_USAGE(.BOTH.,#9049);
#9049 = SURFACE_SIDE_STYLE('',(#9050));
#9050 = SURFACE_STYLE_FILL_AREA(#9051);
#9051 = FILL_AREA_STYLE('',(#9052));
#9052 = FILL_AREA_STYLE_COLOUR('',#9045);
#9053 = STYLED_ITEM('color',(#9054),#3627);
#9054 = PRESENTATION_STYLE_ASSIGNMENT((#9055));
#9055 = SURFACE_STYLE_USAGE(.BOTH.,#9056);
#9056 = SURFACE_SIDE_STYLE('',(#9057));
#9057 = SURFACE_STYLE_FILL_AREA(#9058);
#9058 = FILL_AREA_STYLE('',(#9059));
#9059 = FILL_AREA_STYLE_COLOUR('',#9045);
#9060 = STYLED_ITEM('color',(#9061),#3652);
#9061 = PRESENTATION_STYLE_ASSIGNMENT((#9062));
#9062 = SURFACE_STYLE_USAGE(.BOTH.,#9063);
#9063 = SURFACE_SIDE_STYLE('',(#9064));
#9064 = SURFACE_STYLE_FILL_AREA(#9065);
#9065 = FILL_AREA_STYLE('',(#9066));
#9066 = FILL_AREA_STYLE_COLOUR('',#9045);
#9067 = STYLED_ITEM('color',(#9068),#3677);
#9068 = PRESENTATION_STYLE_ASSIGNMENT((#9069));
#9069 = SURFACE_STYLE_USAGE(.BOTH.,#9070);
#9070 = SURFACE_SIDE_STYLE('',(#9071));
#9071 = SURFACE_STYLE_FILL_AREA(#9072);
#9072 = FILL_AREA_STYLE('',(#9073));
#9073 = FILL_AREA_STYLE_COLOUR('',#9045);
#9074 = STYLED_ITEM('color',(#9075),#3744);
#9075 = PRESENTATION_STYLE_ASSIGNMENT((#9076));
#9076 = SURFACE_STYLE_USAGE(.BOTH.,#9077);
#9077 = SURFACE_SIDE_STYLE('',(#9078));
#9078 = SURFACE_STYLE_FILL_AREA(#9079);
#9079 = FILL_AREA_STYLE('',(#9080));
#9080 = FILL_AREA_STYLE_COLOUR('',#9045);
#9081 = STYLED_ITEM('color',(#9082),#3761);
#9082 = PRESENTATION_STYLE_ASSIGNMENT((#9083));
#9083 = SURFACE_STYLE_USAGE(.BOTH.,#9084);
#9084 = SURFACE_SIDE_STYLE('',(#9085));
#9085 = SURFACE_STYLE_FILL_AREA(#9086);
#9086 = FILL_AREA_STYLE('',(#9087));
#9087 = FILL_AREA_STYLE_COLOUR('',#9045);
#9088 = STYLED_ITEM('color',(#9089),#3778);
#9089 = PRESENTATION_STYLE_ASSIGNMENT((#9090));
#9090 = SURFACE_STYLE_USAGE(.BOTH.,#9091);
#9091 = SURFACE_SIDE_STYLE('',(#9092));
#9092 = SURFACE_STYLE_FILL_AREA(#9093);
#9093 = FILL_AREA_STYLE('',(#9094));
#9094 = FILL_AREA_STYLE_COLOUR('',#9095);
#9095 = COLOUR_RGB('',0.894999966383,0.890999961016,0.813000030345);
#9096 = STYLED_ITEM('color',(#9097),#3827);
#9097 = PRESENTATION_STYLE_ASSIGNMENT((#9098));
#9098 = SURFACE_STYLE_USAGE(.BOTH.,#9099);
#9099 = SURFACE_SIDE_STYLE('',(#9100));
#9100 = SURFACE_STYLE_FILL_AREA(#9101);
#9101 = FILL_AREA_STYLE('',(#9102));
#9102 = FILL_AREA_STYLE_COLOUR('',#9045);
#9103 = STYLED_ITEM('color',(#9104),#3844);
#9104 = PRESENTATION_STYLE_ASSIGNMENT((#9105));
#9105 = SURFACE_STYLE_USAGE(.BOTH.,#9106);
#9106 = SURFACE_SIDE_STYLE('',(#9107));
#9107 = SURFACE_STYLE_FILL_AREA(#9108);
#9108 = FILL_AREA_STYLE('',(#9109));
#9109 = FILL_AREA_STYLE_COLOUR('',#9045);
#9110 = STYLED_ITEM('color',(#9111),#3861);
#9111 = PRESENTATION_STYLE_ASSIGNMENT((#9112));
#9112 = SURFACE_STYLE_USAGE(.BOTH.,#9113);
#9113 = SURFACE_SIDE_STYLE('',(#9114));
#9114 = SURFACE_STYLE_FILL_AREA(#9115);
#9115 = FILL_AREA_STYLE('',(#9116));
#9116 = FILL_AREA_STYLE_COLOUR('',#9095);
#9117 = STYLED_ITEM('color',(#9118),#3910);
#9118 = PRESENTATION_STYLE_ASSIGNMENT((#9119));
#9119 = SURFACE_STYLE_USAGE(.BOTH.,#9120);
#9120 = SURFACE_SIDE_STYLE('',(#9121));
#9121 = SURFACE_STYLE_FILL_AREA(#9122);
#9122 = FILL_AREA_STYLE('',(#9123));
#9123 = FILL_AREA_STYLE_COLOUR('',#9095);
#9124 = STYLED_ITEM('color',(#9125),#3927);
#9125 = PRESENTATION_STYLE_ASSIGNMENT((#9126));
#9126 = SURFACE_STYLE_USAGE(.BOTH.,#9127);
#9127 = SURFACE_SIDE_STYLE('',(#9128));
#9128 = SURFACE_STYLE_FILL_AREA(#9129);
#9129 = FILL_AREA_STYLE('',(#9130));
#9130 = FILL_AREA_STYLE_COLOUR('',#9045);
#9131 = STYLED_ITEM('color',(#9132),#3996);
#9132 = PRESENTATION_STYLE_ASSIGNMENT((#9133));
#9133 = SURFACE_STYLE_USAGE(.BOTH.,#9134);
#9134 = SURFACE_SIDE_STYLE('',(#9135));
#9135 = SURFACE_STYLE_FILL_AREA(#9136);
#9136 = FILL_AREA_STYLE('',(#9137));
#9137 = FILL_AREA_STYLE_COLOUR('',#9138);
#9138 = COLOUR_RGB('',8.200000279077E-02,8.600000121357E-02,
  9.399999706163E-02);
#9139 = STYLED_ITEM('color',(#9140),#4027);
#9140 = PRESENTATION_STYLE_ASSIGNMENT((#9141));
#9141 = SURFACE_STYLE_USAGE(.BOTH.,#9142);
#9142 = SURFACE_SIDE_STYLE('',(#9143));
#9143 = SURFACE_STYLE_FILL_AREA(#9144);
#9144 = FILL_AREA_STYLE('',(#9145));
#9145 = FILL_AREA_STYLE_COLOUR('',#9138);
#9146 = STYLED_ITEM('color',(#9147),#4051);
#9147 = PRESENTATION_STYLE_ASSIGNMENT((#9148));
#9148 = SURFACE_STYLE_USAGE(.BOTH.,#9149);
#9149 = SURFACE_SIDE_STYLE('',(#9150));
#9150 = SURFACE_STYLE_FILL_AREA(#9151);
#9151 = FILL_AREA_STYLE('',(#9152));
#9152 = FILL_AREA_STYLE_COLOUR('',#9045);
#9153 = STYLED_ITEM('color',(#9154),#4120);
#9154 = PRESENTATION_STYLE_ASSIGNMENT((#9155));
#9155 = SURFACE_STYLE_USAGE(.BOTH.,#9156);
#9156 = SURFACE_SIDE_STYLE('',(#9157));
#9157 = SURFACE_STYLE_FILL_AREA(#9158);
#9158 = FILL_AREA_STYLE('',(#9159));
#9159 = FILL_AREA_STYLE_COLOUR('',#9138);
#9160 = STYLED_ITEM('color',(#9161),#4144);
#9161 = PRESENTATION_STYLE_ASSIGNMENT((#9162));
#9162 = SURFACE_STYLE_USAGE(.BOTH.,#9163);
#9163 = SURFACE_SIDE_STYLE('',(#9164));
#9164 = SURFACE_STYLE_FILL_AREA(#9165);
#9165 = FILL_AREA_STYLE('',(#9166));
#9166 = FILL_AREA_STYLE_COLOUR('',#9045);
#9167 = STYLED_ITEM('color',(#9168),#4161);
#9168 = PRESENTATION_STYLE_ASSIGNMENT((#9169));
#9169 = SURFACE_STYLE_USAGE(.BOTH.,#9170);
#9170 = SURFACE_SIDE_STYLE('',(#9171));
#9171 = SURFACE_STYLE_FILL_AREA(#9172);
#9172 = FILL_AREA_STYLE('',(#9173));
#9173 = FILL_AREA_STYLE_COLOUR('',#9045);
#9174 = STYLED_ITEM('color',(#9175),#4178);
#9175 = PRESENTATION_STYLE_ASSIGNMENT((#9176));
#9176 = SURFACE_STYLE_USAGE(.BOTH.,#9177);
#9177 = SURFACE_SIDE_STYLE('',(#9178));
#9178 = SURFACE_STYLE_FILL_AREA(#9179);
#9179 = FILL_AREA_STYLE('',(#9180));
#9180 = FILL_AREA_STYLE_COLOUR('',#9045);
#9181 = STYLED_ITEM('color',(#9182),#4195);
#9182 = PRESENTATION_STYLE_ASSIGNMENT((#9183));
#9183 = SURFACE_STYLE_USAGE(.BOTH.,#9184);
#9184 = SURFACE_SIDE_STYLE('',(#9185));
#9185 = SURFACE_STYLE_FILL_AREA(#9186);
#9186 = FILL_AREA_STYLE('',(#9187));
#9187 = FILL_AREA_STYLE_COLOUR('',#9045);
#9188 = STYLED_ITEM('color',(#9189),#4212);
#9189 = PRESENTATION_STYLE_ASSIGNMENT((#9190));
#9190 = SURFACE_STYLE_USAGE(.BOTH.,#9191);
#9191 = SURFACE_SIDE_STYLE('',(#9192));
#9192 = SURFACE_STYLE_FILL_AREA(#9193);
#9193 = FILL_AREA_STYLE('',(#9194));
#9194 = FILL_AREA_STYLE_COLOUR('',#9045);
#9195 = STYLED_ITEM('color',(#9196),#4229);
#9196 = PRESENTATION_STYLE_ASSIGNMENT((#9197));
#9197 = SURFACE_STYLE_USAGE(.BOTH.,#9198);
#9198 = SURFACE_SIDE_STYLE('',(#9199));
#9199 = SURFACE_STYLE_FILL_AREA(#9200);
#9200 = FILL_AREA_STYLE('',(#9201));
#9201 = FILL_AREA_STYLE_COLOUR('',#9045);
#9202 = STYLED_ITEM('color',(#9203),#4246);
#9203 = PRESENTATION_STYLE_ASSIGNMENT((#9204));
#9204 = SURFACE_STYLE_USAGE(.BOTH.,#9205);
#9205 = SURFACE_SIDE_STYLE('',(#9206));
#9206 = SURFACE_STYLE_FILL_AREA(#9207);
#9207 = FILL_AREA_STYLE('',(#9208));
#9208 = FILL_AREA_STYLE_COLOUR('',#9045);
#9209 = STYLED_ITEM('color',(#9210),#4263);
#9210 = PRESENTATION_STYLE_ASSIGNMENT((#9211));
#9211 = SURFACE_STYLE_USAGE(.BOTH.,#9212);
#9212 = SURFACE_SIDE_STYLE('',(#9213));
#9213 = SURFACE_STYLE_FILL_AREA(#9214);
#9214 = FILL_AREA_STYLE('',(#9215));
#9215 = FILL_AREA_STYLE_COLOUR('',#9138);
#9216 = STYLED_ITEM('color',(#9217),#4280);
#9217 = PRESENTATION_STYLE_ASSIGNMENT((#9218));
#9218 = SURFACE_STYLE_USAGE(.BOTH.,#9219);
#9219 = SURFACE_SIDE_STYLE('',(#9220));
#9220 = SURFACE_STYLE_FILL_AREA(#9221);
#9221 = FILL_AREA_STYLE('',(#9222));
#9222 = FILL_AREA_STYLE_COLOUR('',#9138);
#9223 = MECHANICAL_DESIGN_GEOMETRIC_PRESENTATION_REPRESENTATION('',(
    #9224,#9231,#9238,#9245,#9252,#9259,#9266,#9273,#9280,#9287,#9294,
    #9302,#9309,#9316,#9323,#9330,#9337,#9344,#9351,#9358,#9365,#9372,
    #9379,#9386,#9393,#9400,#9407,#9414),#954);
#9224 = STYLED_ITEM('color',(#9225),#102);
#9225 = PRESENTATION_STYLE_ASSIGNMENT((#9226));
#9226 = SURFACE_STYLE_USAGE(.BOTH.,#9227);
#9227 = SURFACE_SIDE_STYLE('',(#9228));
#9228 = SURFACE_STYLE_FILL_AREA(#9229);
#9229 = FILL_AREA_STYLE('',(#9230));
#9230 = FILL_AREA_STYLE_COLOUR('',#9045);
#9231 = STYLED_ITEM('color',(#9232),#178);
#9232 = PRESENTATION_STYLE_ASSIGNMENT((#9233));
#9233 = SURFACE_STYLE_USAGE(.BOTH.,#9234);
#9234 = SURFACE_SIDE_STYLE('',(#9235));
#9235 = SURFACE_STYLE_FILL_AREA(#9236);
#9236 = FILL_AREA_STYLE('',(#9237));
#9237 = FILL_AREA_STYLE_COLOUR('',#9045);
#9238 = STYLED_ITEM('color',(#9239),#209);
#9239 = PRESENTATION_STYLE_ASSIGNMENT((#9240));
#9240 = SURFACE_STYLE_USAGE(.BOTH.,#9241);
#9241 = SURFACE_SIDE_STYLE('',(#9242));
#9242 = SURFACE_STYLE_FILL_AREA(#9243);
#9243 = FILL_AREA_STYLE('',(#9244));
#9244 = FILL_AREA_STYLE_COLOUR('',#9045);
#9245 = STYLED_ITEM('color',(#9246),#234);
#9246 = PRESENTATION_STYLE_ASSIGNMENT((#9247));
#9247 = SURFACE_STYLE_USAGE(.BOTH.,#9248);
#9248 = SURFACE_SIDE_STYLE('',(#9249));
#9249 = SURFACE_STYLE_FILL_AREA(#9250);
#9250 = FILL_AREA_STYLE('',(#9251));
#9251 = FILL_AREA_STYLE_COLOUR('',#9045);
#9252 = STYLED_ITEM('color',(#9253),#259);
#9253 = PRESENTATION_STYLE_ASSIGNMENT((#9254));
#9254 = SURFACE_STYLE_USAGE(.BOTH.,#9255);
#9255 = SURFACE_SIDE_STYLE('',(#9256));
#9256 = SURFACE_STYLE_FILL_AREA(#9257);
#9257 = FILL_AREA_STYLE('',(#9258));
#9258 = FILL_AREA_STYLE_COLOUR('',#9045);
#9259 = STYLED_ITEM('color',(#9260),#283);
#9260 = PRESENTATION_STYLE_ASSIGNMENT((#9261));
#9261 = SURFACE_STYLE_USAGE(.BOTH.,#9262);
#9262 = SURFACE_SIDE_STYLE('',(#9263));
#9263 = SURFACE_STYLE_FILL_AREA(#9264);
#9264 = FILL_AREA_STYLE('',(#9265));
#9265 = FILL_AREA_STYLE_COLOUR('',#9045);
#9266 = STYLED_ITEM('color',(#9267),#307);
#9267 = PRESENTATION_STYLE_ASSIGNMENT((#9268));
#9268 = SURFACE_STYLE_USAGE(.BOTH.,#9269);
#9269 = SURFACE_SIDE_STYLE('',(#9270));
#9270 = SURFACE_STYLE_FILL_AREA(#9271);
#9271 = FILL_AREA_STYLE('',(#9272));
#9272 = FILL_AREA_STYLE_COLOUR('',#9045);
#9273 = STYLED_ITEM('color',(#9274),#332);
#9274 = PRESENTATION_STYLE_ASSIGNMENT((#9275));
#9275 = SURFACE_STYLE_USAGE(.BOTH.,#9276);
#9276 = SURFACE_SIDE_STYLE('',(#9277));
#9277 = SURFACE_STYLE_FILL_AREA(#9278);
#9278 = FILL_AREA_STYLE('',(#9279));
#9279 = FILL_AREA_STYLE_COLOUR('',#9045);
#9280 = STYLED_ITEM('color',(#9281),#357);
#9281 = PRESENTATION_STYLE_ASSIGNMENT((#9282));
#9282 = SURFACE_STYLE_USAGE(.BOTH.,#9283);
#9283 = SURFACE_SIDE_STYLE('',(#9284));
#9284 = SURFACE_STYLE_FILL_AREA(#9285);
#9285 = FILL_AREA_STYLE('',(#9286));
#9286 = FILL_AREA_STYLE_COLOUR('',#9045);
#9287 = STYLED_ITEM('color',(#9288),#374);
#9288 = PRESENTATION_STYLE_ASSIGNMENT((#9289));
#9289 = SURFACE_STYLE_USAGE(.BOTH.,#9290);
#9290 = SURFACE_SIDE_STYLE('',(#9291));
#9291 = SURFACE_STYLE_FILL_AREA(#9292);
#9292 = FILL_AREA_STYLE('',(#9293));
#9293 = FILL_AREA_STYLE_COLOUR('',#9045);
#9294 = STYLED_ITEM('color',(#9295),#460);
#9295 = PRESENTATION_STYLE_ASSIGNMENT((#9296));
#9296 = SURFACE_STYLE_USAGE(.BOTH.,#9297);
#9297 = SURFACE_SIDE_STYLE('',(#9298));
#9298 = SURFACE_STYLE_FILL_AREA(#9299);
#9299 = FILL_AREA_STYLE('',(#9300));
#9300 = FILL_AREA_STYLE_COLOUR('',#9301);
#9301 = COLOUR_RGB('',0.379000005575,0.270000008848,0.214999999939);
#9302 = STYLED_ITEM('color',(#9303),#492);
#9303 = PRESENTATION_STYLE_ASSIGNMENT((#9304));
#9304 = SURFACE_STYLE_USAGE(.BOTH.,#9305);
#9305 = SURFACE_SIDE_STYLE('',(#9306));
#9306 = SURFACE_STYLE_FILL_AREA(#9307);
#9307 = FILL_AREA_STYLE('',(#9308));
#9308 = FILL_AREA_STYLE_COLOUR('',#9301);
#9309 = STYLED_ITEM('color',(#9310),#516);
#9310 = PRESENTATION_STYLE_ASSIGNMENT((#9311));
#9311 = SURFACE_STYLE_USAGE(.BOTH.,#9312);
#9312 = SURFACE_SIDE_STYLE('',(#9313));
#9313 = SURFACE_STYLE_FILL_AREA(#9314);
#9314 = FILL_AREA_STYLE('',(#9315));
#9315 = FILL_AREA_STYLE_COLOUR('',#9301);
#9316 = STYLED_ITEM('color',(#9317),#541);
#9317 = PRESENTATION_STYLE_ASSIGNMENT((#9318));
#9318 = SURFACE_STYLE_USAGE(.BOTH.,#9319);
#9319 = SURFACE_SIDE_STYLE('',(#9320));
#9320 = SURFACE_STYLE_FILL_AREA(#9321);
#9321 = FILL_AREA_STYLE('',(#9322));
#9322 = FILL_AREA_STYLE_COLOUR('',#9301);
#9323 = STYLED_ITEM('color',(#9324),#565);
#9324 = PRESENTATION_STYLE_ASSIGNMENT((#9325));
#9325 = SURFACE_STYLE_USAGE(.BOTH.,#9326);
#9326 = SURFACE_SIDE_STYLE('',(#9327));
#9327 = SURFACE_STYLE_FILL_AREA(#9328);
#9328 = FILL_AREA_STYLE('',(#9329));
#9329 = FILL_AREA_STYLE_COLOUR('',#9301);
#9330 = STYLED_ITEM('color',(#9331),#590);
#9331 = PRESENTATION_STYLE_ASSIGNMENT((#9332));
#9332 = SURFACE_STYLE_USAGE(.BOTH.,#9333);
#9333 = SURFACE_SIDE_STYLE('',(#9334));
#9334 = SURFACE_STYLE_FILL_AREA(#9335);
#9335 = FILL_AREA_STYLE('',(#9336));
#9336 = FILL_AREA_STYLE_COLOUR('',#9301);
#9337 = STYLED_ITEM('color',(#9338),#614);
#9338 = PRESENTATION_STYLE_ASSIGNMENT((#9339));
#9339 = SURFACE_STYLE_USAGE(.BOTH.,#9340);
#9340 = SURFACE_SIDE_STYLE('',(#9341));
#9341 = SURFACE_STYLE_FILL_AREA(#9342);
#9342 = FILL_AREA_STYLE('',(#9343));
#9343 = FILL_AREA_STYLE_COLOUR('',#9301);
#9344 = STYLED_ITEM('color',(#9345),#639);
#9345 = PRESENTATION_STYLE_ASSIGNMENT((#9346));
#9346 = SURFACE_STYLE_USAGE(.BOTH.,#9347);
#9347 = SURFACE_SIDE_STYLE('',(#9348));
#9348 = SURFACE_STYLE_FILL_AREA(#9349);
#9349 = FILL_AREA_STYLE('',(#9350));
#9350 = FILL_AREA_STYLE_COLOUR('',#9301);
#9351 = STYLED_ITEM('color',(#9352),#656);
#9352 = PRESENTATION_STYLE_ASSIGNMENT((#9353));
#9353 = SURFACE_STYLE_USAGE(.BOTH.,#9354);
#9354 = SURFACE_SIDE_STYLE('',(#9355));
#9355 = SURFACE_STYLE_FILL_AREA(#9356);
#9356 = FILL_AREA_STYLE('',(#9357));
#9357 = FILL_AREA_STYLE_COLOUR('',#9045);
#9358 = STYLED_ITEM('color',(#9359),#742);
#9359 = PRESENTATION_STYLE_ASSIGNMENT((#9360));
#9360 = SURFACE_STYLE_USAGE(.BOTH.,#9361);
#9361 = SURFACE_SIDE_STYLE('',(#9362));
#9362 = SURFACE_STYLE_FILL_AREA(#9363);
#9363 = FILL_AREA_STYLE('',(#9364));
#9364 = FILL_AREA_STYLE_COLOUR('',#9045);
#9365 = STYLED_ITEM('color',(#9366),#773);
#9366 = PRESENTATION_STYLE_ASSIGNMENT((#9367));
#9367 = SURFACE_STYLE_USAGE(.BOTH.,#9368);
#9368 = SURFACE_SIDE_STYLE('',(#9369));
#9369 = SURFACE_STYLE_FILL_AREA(#9370);
#9370 = FILL_AREA_STYLE('',(#9371));
#9371 = FILL_AREA_STYLE_COLOUR('',#9045);
#9372 = STYLED_ITEM('color',(#9373),#798);
#9373 = PRESENTATION_STYLE_ASSIGNMENT((#9374));
#9374 = SURFACE_STYLE_USAGE(.BOTH.,#9375);
#9375 = SURFACE_SIDE_STYLE('',(#9376));
#9376 = SURFACE_STYLE_FILL_AREA(#9377);
#9377 = FILL_AREA_STYLE('',(#9378));
#9378 = FILL_AREA_STYLE_COLOUR('',#9045);
#9379 = STYLED_ITEM('color',(#9380),#823);
#9380 = PRESENTATION_STYLE_ASSIGNMENT((#9381));
#9381 = SURFACE_STYLE_USAGE(.BOTH.,#9382);
#9382 = SURFACE_SIDE_STYLE('',(#9383));
#9383 = SURFACE_STYLE_FILL_AREA(#9384);
#9384 = FILL_AREA_STYLE('',(#9385));
#9385 = FILL_AREA_STYLE_COLOUR('',#9045);
#9386 = STYLED_ITEM('color',(#9387),#847);
#9387 = PRESENTATION_STYLE_ASSIGNMENT((#9388));
#9388 = SURFACE_STYLE_USAGE(.BOTH.,#9389);
#9389 = SURFACE_SIDE_STYLE('',(#9390));
#9390 = SURFACE_STYLE_FILL_AREA(#9391);
#9391 = FILL_AREA_STYLE('',(#9392));
#9392 = FILL_AREA_STYLE_COLOUR('',#9045);
#9393 = STYLED_ITEM('color',(#9394),#871);
#9394 = PRESENTATION_STYLE_ASSIGNMENT((#9395));
#9395 = SURFACE_STYLE_USAGE(.BOTH.,#9396);
#9396 = SURFACE_SIDE_STYLE('',(#9397));
#9397 = SURFACE_STYLE_FILL_AREA(#9398);
#9398 = FILL_AREA_STYLE('',(#9399));
#9399 = FILL_AREA_STYLE_COLOUR('',#9045);
#9400 = STYLED_ITEM('color',(#9401),#896);
#9401 = PRESENTATION_STYLE_ASSIGNMENT((#9402));
#9402 = SURFACE_STYLE_USAGE(.BOTH.,#9403);
#9403 = SURFACE_SIDE_STYLE('',(#9404));
#9404 = SURFACE_STYLE_FILL_AREA(#9405);
#9405 = FILL_AREA_STYLE('',(#9406));
#9406 = FILL_AREA_STYLE_COLOUR('',#9045);
#9407 = STYLED_ITEM('color',(#9408),#921);
#9408 = PRESENTATION_STYLE_ASSIGNMENT((#9409));
#9409 = SURFACE_STYLE_USAGE(.BOTH.,#9410);
#9410 = SURFACE_SIDE_STYLE('',(#9411));
#9411 = SURFACE_STYLE_FILL_AREA(#9412);
#9412 = FILL_AREA_STYLE('',(#9413));
#9413 = FILL_AREA_STYLE_COLOUR('',#9045);
#9414 = STYLED_ITEM('color',(#9415),#938);
#9415 = PRESENTATION_STYLE_ASSIGNMENT((#9416));
#9416 = SURFACE_STYLE_USAGE(.BOTH.,#9417);
#9417 = SURFACE_SIDE_STYLE('',(#9418));
#9418 = SURFACE_STYLE_FILL_AREA(#9419);
#9419 = FILL_AREA_STYLE('',(#9420));
#9420 = FILL_AREA_STYLE_COLOUR('',#9045);
ENDSEC;
END-ISO-10303-21;
